code,country,region,latitude,longitude,year,access_rate,population,unserved
AFG,Afghanistan,"Middle East, North Africa, Afghanistan & Pakistan",34.5228,69.1761,2000,4.4,20130327,19244592.612
AFG,Afghanistan,"Middle East, North Africa, Afghanistan & Pakistan",34.5228,69.1761,2001,9.3,20284307,18397866.449
AFG,Afghanistan,"Middle East, North Africa, Afghanistan & Pakistan",34.5228,69.1761,2002,14.1,21378117,18363802.503
AFG,Afghanistan,"Middle East, North Africa, Afghanistan & Pakistan",34.5228,69.1761,2003,19.0,22733049,18413769.69
AFG,Afghanistan,"Middle East, North Africa, Afghanistan & Pakistan",34.5228,69.1761,2004,23.8,23560654,17953218.348
AFG,Afghanistan,"Middle East, North Africa, Afghanistan & Pakistan",34.5228,69.1761,2005,28.7,24404567,17400456.271
AFG,Afghanistan,"Middle East, North Africa, Afghanistan & Pakistan",34.5228,69.1761,2006,33.5,25424094,16907022.51
AFG,Afghanistan,"Middle East, North Africa, Afghanistan & Pakistan",34.5228,69.1761,2007,38.4,25909852,15960468.832
AFG,Afghanistan,"Middle East, North Africa, Afghanistan & Pakistan",34.5228,69.1761,2008,42.4,26482622,15253990.272000002
AFG,Afghanistan,"Middle East, North Africa, Afghanistan & Pakistan",34.5228,69.1761,2009,48.3,27466101,14199974.217
AFG,Afghanistan,"Middle East, North Africa, Afghanistan & Pakistan",34.5228,69.1761,2010,42.7,28284089,16206782.997
AFG,Afghanistan,"Middle East, North Africa, Afghanistan & Pakistan",34.5228,69.1761,2011,43.2,29347708,16669498.144
AFG,Afghanistan,"Middle East, North Africa, Afghanistan & Pakistan",34.5228,69.1761,2012,69.1,30560034,9443050.506000001
AFG,Afghanistan,"Middle East, North Africa, Afghanistan & Pakistan",34.5228,69.1761,2013,68.0,31622704,10119265.28
AFG,Afghanistan,"Middle East, North Africa, Afghanistan & Pakistan",34.5228,69.1761,2014,89.5,32792523,3443214.9149999996
AFG,Afghanistan,"Middle East, North Africa, Afghanistan & Pakistan",34.5228,69.1761,2015,71.5,33831764,9642052.74
AFG,Afghanistan,"Middle East, North Africa, Afghanistan & Pakistan",34.5228,69.1761,2016,97.7,34700612,798114.0760000007
AFG,Afghanistan,"Middle East, North Africa, Afghanistan & Pakistan",34.5228,69.1761,2017,97.7,35688935,820845.5050000007
AFG,Afghanistan,"Middle East, North Africa, Afghanistan & Pakistan",34.5228,69.1761,2018,93.4,36743039,2425040.573999998
AFG,Afghanistan,"Middle East, North Africa, Afghanistan & Pakistan",34.5228,69.1761,2019,97.7,37856121,870690.7830000008
AFG,Afghanistan,"Middle East, North Africa, Afghanistan & Pakistan",34.5228,69.1761,2020,97.7,39068979,898586.5170000008
AFG,Afghanistan,"Middle East, North Africa, Afghanistan & Pakistan",34.5228,69.1761,2021,97.7,40000412,920009.4760000008
AFG,Afghanistan,"Middle East, North Africa, Afghanistan & Pakistan",34.5228,69.1761,2022,85.3,40578842,5965089.774000001
AFG,Afghanistan,"Middle East, North Africa, Afghanistan & Pakistan",34.5228,69.1761,2023,85.3,41454761,6093849.867000001
AFG,Afghanistan,"Middle East, North Africa, Afghanistan & Pakistan",34.5228,69.1761,2024,87.8,42647492,5202994.024
ALB,Albania,Europe & Central Asia,41.3317,19.8172,1990,100.0,3286542,0.0
ALB,Albania,Europe & Central Asia,41.3317,19.8172,1991,100.0,3266790,0.0
ALB,Albania,Europe & Central Asia,41.3317,19.8172,1992,100.0,3247039,0.0
ALB,Albania,Europe & Central Asia,41.3317,19.8172,1993,100.0,3227287,0.0
ALB,Albania,Europe & Central Asia,41.3317,19.8172,1994,100.0,3207536,0.0
ALB,Albania,Europe & Central Asia,41.3317,19.8172,1995,100.0,3187784,0.0
ALB,Albania,Europe & Central Asia,41.3317,19.8172,1996,100.0,3168033,0.0
ALB,Albania,Europe & Central Asia,41.3317,19.8172,1997,100.0,3148281,0.0
ALB,Albania,Europe & Central Asia,41.3317,19.8172,1998,100.0,3128530,0.0
ALB,Albania,Europe & Central Asia,41.3317,19.8172,1999,100.0,3108778,0.0
ALB,Albania,Europe & Central Asia,41.3317,19.8172,2000,99.4,3089027,18534.161999999673
ALB,Albania,Europe & Central Asia,41.3317,19.8172,2001,99.4,3060173,18361.037999999677
ALB,Albania,Europe & Central Asia,41.3317,19.8172,2002,99.4,3051010,18306.059999999678
ALB,Albania,Europe & Central Asia,41.3317,19.8172,2003,99.4,3039616,18237.69599999968
ALB,Albania,Europe & Central Asia,41.3317,19.8172,2004,99.4,3026939,18161.63399999968
ALB,Albania,Europe & Central Asia,41.3317,19.8172,2005,99.4,3011487,18068.921999999682
ALB,Albania,Europe & Central Asia,41.3317,19.8172,2006,99.4,2992547,17955.281999999683
ALB,Albania,Europe & Central Asia,41.3317,19.8172,2007,99.4,2970017,17820.101999999686
ALB,Albania,Europe & Central Asia,41.3317,19.8172,2008,100.0,2947314,0.0
ALB,Albania,Europe & Central Asia,41.3317,19.8172,2009,99.6,2927519,11710.07600000001
ALB,Albania,Europe & Central Asia,41.3317,19.8172,2010,99.6,2913021,11652.08400000001
ALB,Albania,Europe & Central Asia,41.3317,19.8172,2011,99.7,2905195,8715.585000000008
ALB,Albania,Europe & Central Asia,41.3317,19.8172,2012,99.9,2860708,2860.707999999685
ALB,Albania,Europe & Central Asia,41.3317,19.8172,2013,99.9,2816902,2816.90199999969
ALB,Albania,Europe & Central Asia,41.3317,19.8172,2014,100.0,2773767,0.0
ALB,Albania,Europe & Central Asia,41.3317,19.8172,2015,100.0,2731293,0.0
ALB,Albania,Europe & Central Asia,41.3317,19.8172,2016,99.9,2689469,2689.468999999704
ALB,Albania,Europe & Central Asia,41.3317,19.8172,2017,99.9,2648285,2648.2849999997084
ALB,Albania,Europe & Central Asia,41.3317,19.8172,2018,100.0,2607733,0.0
ALB,Albania,Europe & Central Asia,41.3317,19.8172,2019,100.0,2567801,0.0
ALB,Albania,Europe & Central Asia,41.3317,19.8172,2020,100.0,2528480,0.0
ALB,Albania,Europe & Central Asia,41.3317,19.8172,2021,100.0,2489762,0.0
ALB,Albania,Europe & Central Asia,41.3317,19.8172,2022,100.0,2451636,0.0
ALB,Albania,Europe & Central Asia,41.3317,19.8172,2023,100.0,2411658,0.0
ALB,Albania,Europe & Central Asia,41.3317,19.8172,2024,100.0,2377128,0.0
DZA,Algeria,"Middle East, North Africa, Afghanistan & Pakistan",36.7397,3.05097,2000,98.6,30903893,432654.5020000004
DZA,Algeria,"Middle East, North Africa, Afghanistan & Pakistan",36.7397,3.05097,2001,98.6,31331221,438637.0940000004
DZA,Algeria,"Middle East, North Africa, Afghanistan & Pakistan",36.7397,3.05097,2002,98.6,31750835,444511.6900000004
DZA,Algeria,"Middle East, North Africa, Afghanistan & Pakistan",36.7397,3.05097,2003,98.6,32175818,450461.4520000004
DZA,Algeria,"Middle East, North Africa, Afghanistan & Pakistan",36.7397,3.05097,2004,98.6,32628286,456796.0040000004
DZA,Algeria,"Middle East, North Africa, Afghanistan & Pakistan",36.7397,3.05097,2005,98.6,33109249,463529.4860000004
DZA,Algeria,"Middle East, North Africa, Afghanistan & Pakistan",36.7397,3.05097,2006,98.7,33623506,437105.5780000004
DZA,Algeria,"Middle East, North Africa, Afghanistan & Pakistan",36.7397,3.05097,2007,98.7,34189416,444462.4080000004
DZA,Algeria,"Middle East, North Africa, Afghanistan & Pakistan",36.7397,3.05097,2008,99.3,34816961,243718.72700000022
DZA,Algeria,"Middle East, North Africa, Afghanistan & Pakistan",36.7397,3.05097,2009,98.8,35490445,425885.3400000004
DZA,Algeria,"Middle East, North Africa, Afghanistan & Pakistan",36.7397,3.05097,2010,98.9,36188236,398070.59599999635
DZA,Algeria,"Middle East, North Africa, Afghanistan & Pakistan",36.7397,3.05097,2011,99.0,36903376,369033.7600000003
DZA,Algeria,"Middle East, North Africa, Afghanistan & Pakistan",36.7397,3.05097,2012,98.8,37646166,451753.9920000004
DZA,Algeria,"Middle East, North Africa, Afghanistan & Pakistan",36.7397,3.05097,2013,99.2,38414171,307313.36800000025
DZA,Algeria,"Middle East, North Africa, Afghanistan & Pakistan",36.7397,3.05097,2014,99.3,39205031,274435.21700000024
DZA,Algeria,"Middle East, North Africa, Afghanistan & Pakistan",36.7397,3.05097,2015,99.4,40019529,240117.17399999578
DZA,Algeria,"Middle East, North Africa, Afghanistan & Pakistan",36.7397,3.05097,2016,99.4,40850721,245104.3259999957
DZA,Algeria,"Middle East, North Africa, Afghanistan & Pakistan",36.7397,3.05097,2017,99.5,41689299,208446.4950000002
DZA,Algeria,"Middle East, North Africa, Afghanistan & Pakistan",36.7397,3.05097,2018,99.6,42505035,170020.14000000016
DZA,Algeria,"Middle East, North Africa, Afghanistan & Pakistan",36.7397,3.05097,2019,99.5,43294546,216472.73000000019
DZA,Algeria,"Middle East, North Africa, Afghanistan & Pakistan",36.7397,3.05097,2020,99.7,44042091,132126.2730000001
DZA,Algeria,"Middle East, North Africa, Afghanistan & Pakistan",36.7397,3.05097,2021,99.8,44761099,89522.19800000008
DZA,Algeria,"Middle East, North Africa, Afghanistan & Pakistan",36.7397,3.05097,2022,100.0,45477389,0.0
DZA,Algeria,"Middle East, North Africa, Afghanistan & Pakistan",36.7397,3.05097,2023,100.0,46164219,0.0
DZA,Algeria,"Middle East, North Africa, Afghanistan & Pakistan",36.7397,3.05097,2024,100.0,46814308,0.0
AND,Andorra,Europe & Central Asia,42.5075,1.5218,1990,100.0,52597,0.0
AND,Andorra,Europe & Central Asia,42.5075,1.5218,1991,100.0,56667,0.0
AND,Andorra,Europe & Central Asia,42.5075,1.5218,1992,100.0,60200,0.0
AND,Andorra,Europe & Central Asia,42.5075,1.5218,1993,100.0,63272,0.0
AND,Andorra,Europe & Central Asia,42.5075,1.5218,1994,100.0,64612,0.0
AND,Andorra,Europe & Central Asia,42.5075,1.5218,1995,100.0,63912,0.0
AND,Andorra,Europe & Central Asia,42.5075,1.5218,1996,100.0,63984,0.0
AND,Andorra,Europe & Central Asia,42.5075,1.5218,1997,100.0,64700,0.0
AND,Andorra,Europe & Central Asia,42.5075,1.5218,1998,100.0,65382,0.0
AND,Andorra,Europe & Central Asia,42.5075,1.5218,1999,100.0,65710,0.0
AND,Andorra,Europe & Central Asia,42.5075,1.5218,2000,100.0,65685,0.0
AND,Andorra,Europe & Central Asia,42.5075,1.5218,2001,100.0,65852,0.0
AND,Andorra,Europe & Central Asia,42.5075,1.5218,2002,100.0,66506,0.0
AND,Andorra,Europe & Central Asia,42.5075,1.5218,2003,100.0,69486,0.0
AND,Andorra,Europe & Central Asia,42.5075,1.5218,2004,100.0,74325,0.0
AND,Andorra,Europe & Central Asia,42.5075,1.5218,2005,100.0,77421,0.0
AND,Andorra,Europe & Central Asia,42.5075,1.5218,2006,100.0,79585,0.0
AND,Andorra,Europe & Central Asia,42.5075,1.5218,2007,100.0,81877,0.0
AND,Andorra,Europe & Central Asia,42.5075,1.5218,2008,100.0,83495,0.0
AND,Andorra,Europe & Central Asia,42.5075,1.5218,2009,100.0,83888,0.0
AND,Andorra,Europe & Central Asia,42.5075,1.5218,2010,100.0,80706,0.0
AND,Andorra,Europe & Central Asia,42.5075,1.5218,2011,100.0,77783,0.0
AND,Andorra,Europe & Central Asia,42.5075,1.5218,2012,100.0,76834,0.0
AND,Andorra,Europe & Central Asia,42.5075,1.5218,2013,100.0,75194,0.0
AND,Andorra,Europe & Central Asia,42.5075,1.5218,2014,100.0,73737,0.0
AND,Andorra,Europe & Central Asia,42.5075,1.5218,2015,100.0,72174,0.0
AND,Andorra,Europe & Central Asia,42.5075,1.5218,2016,100.0,72181,0.0
AND,Andorra,Europe & Central Asia,42.5075,1.5218,2017,100.0,73763,0.0
AND,Andorra,Europe & Central Asia,42.5075,1.5218,2018,100.0,75162,0.0
AND,Andorra,Europe & Central Asia,42.5075,1.5218,2019,100.0,76474,0.0
AND,Andorra,Europe & Central Asia,42.5075,1.5218,2020,100.0,77380,0.0
AND,Andorra,Europe & Central Asia,42.5075,1.5218,2021,100.0,78364,0.0
AND,Andorra,Europe & Central Asia,42.5075,1.5218,2022,100.0,79705,0.0
AND,Andorra,Europe & Central Asia,42.5075,1.5218,2023,100.0,80856,0.0
AND,Andorra,Europe & Central Asia,42.5075,1.5218,2024,100.0,81938,0.0
AGO,Angola,Sub-Saharan Africa,-8.81155,13.242,2000,24.2,16194869,12275710.702
AGO,Angola,Sub-Saharan Africa,-8.81155,13.242,2001,20.0,16747208,13397766.4
AGO,Angola,Sub-Saharan Africa,-8.81155,13.242,2002,26.3,17327699,12770514.163
AGO,Angola,Sub-Saharan Africa,-8.81155,13.242,2003,27.4,17943712,13027134.912
AGO,Angola,Sub-Saharan Africa,-8.81155,13.242,2004,28.4,18600423,13317902.867999999
AGO,Angola,Sub-Saharan Africa,-8.81155,13.242,2005,29.4,19291161,13619559.666
AGO,Angola,Sub-Saharan Africa,-8.81155,13.242,2006,30.5,20015279,13910618.905000001
AGO,Angola,Sub-Saharan Africa,-8.81155,13.242,2007,37.5,20778561,12986600.625
AGO,Angola,Sub-Saharan Africa,-8.81155,13.242,2008,38.5,21578655,13270872.825
AGO,Angola,Sub-Saharan Africa,-8.81155,13.242,2009,33.8,22414773,14838579.726000002
AGO,Angola,Sub-Saharan Africa,-8.81155,13.242,2010,35.0,23294825,15141636.25
AGO,Angola,Sub-Saharan Africa,-8.81155,13.242,2011,34.6,24218352,15838802.207999999
AGO,Angola,Sub-Saharan Africa,-8.81155,13.242,2012,37.3,25177394,15786226.038
AGO,Angola,Sub-Saharan Africa,-8.81155,13.242,2013,38.4,26165620,16118021.92
AGO,Angola,Sub-Saharan Africa,-8.81155,13.242,2014,32.0,27160769,18469322.919999998
AGO,Angola,Sub-Saharan Africa,-8.81155,13.242,2015,42.0,28157798,16331522.840000002
AGO,Angola,Sub-Saharan Africa,-8.81155,13.242,2016,41.8,29183070,16984546.740000002
AGO,Angola,Sub-Saharan Africa,-8.81155,13.242,2017,42.9,30234839,17264093.069
AGO,Angola,Sub-Saharan Africa,-8.81155,13.242,2018,45.3,31297155,17119543.785
AGO,Angola,Sub-Saharan Africa,-8.81155,13.242,2019,45.6,32375632,17612343.808000002
AGO,Angola,Sub-Saharan Africa,-8.81155,13.242,2020,47.0,33451132,17729099.96
AGO,Angola,Sub-Saharan Africa,-8.81155,13.242,2021,48.2,34532429,17887798.222
AGO,Angola,Sub-Saharan Africa,-8.81155,13.242,2022,48.5,35635029,18352039.935
AGO,Angola,Sub-Saharan Africa,-8.81155,13.242,2023,51.1,36749906,17970704.033999998
AGO,Angola,Sub-Saharan Africa,-8.81155,13.242,2024,55.5,37885849,16859202.805
ATG,Antigua and Barbuda,Latin America & Caribbean,17.1175,-61.8456,1990,95.7630462646484,63066,2672.0772427368406
ATG,Antigua and Barbuda,Latin America & Caribbean,17.1175,-61.8456,1991,95.9406509399414,63387,2573.09958869934
ATG,Antigua and Barbuda,Latin America & Caribbean,17.1175,-61.8456,1992,96.1181335449219,64404,2500.077271728498
ATG,Antigua and Barbuda,Latin America & Caribbean,17.1175,-61.8456,1993,96.2949447631836,65587,2430.0345781707733
ATG,Antigua and Barbuda,Latin America & Caribbean,17.1175,-61.8456,1994,96.4703903198242,66843,2359.2969985199056
ATG,Antigua and Barbuda,Latin America & Caribbean,17.1175,-61.8456,1995,96.643798828125,68189,2288.5600170898406
ATG,Antigua and Barbuda,Latin America & Caribbean,17.1175,-61.8456,1996,96.8144836425781,69612,2217.501646728535
ATG,Antigua and Barbuda,Latin America & Caribbean,17.1175,-61.8456,1997,96.9817733764648,71053,2144.5405628204676
ATG,Antigua and Barbuda,Latin America & Caribbean,17.1175,-61.8456,1998,97.1449813842773,72412,2067.3760800171244
ATG,Antigua and Barbuda,Latin America & Caribbean,17.1175,-61.8456,1999,97.303352355957,73666,1986.5124534607114
ATG,Antigua and Barbuda,Latin America & Caribbean,17.1175,-61.8456,2000,97.7,74912,1722.9760000000015
ATG,Antigua and Barbuda,Latin America & Caribbean,17.1175,-61.8456,2001,97.7,76069,1749.5870000000016
ATG,Antigua and Barbuda,Latin America & Caribbean,17.1175,-61.8456,2002,100.0,77032,0.0
ATG,Antigua and Barbuda,Latin America & Caribbean,17.1175,-61.8456,2003,97.9,77884,1635.5639999999928
ATG,Antigua and Barbuda,Latin America & Caribbean,17.1175,-61.8456,2004,97.9,78719,1653.0989999999927
ATG,Antigua and Barbuda,Latin America & Caribbean,17.1175,-61.8456,2005,92.2,79611,6209.657999999997
ATG,Antigua and Barbuda,Latin America & Caribbean,17.1175,-61.8456,2006,100.0,80604,0.0
ATG,Antigua and Barbuda,Latin America & Caribbean,17.1175,-61.8456,2007,100.0,81704,0.0
ATG,Antigua and Barbuda,Latin America & Caribbean,17.1175,-61.8456,2008,100.0,82912,0.0
ATG,Antigua and Barbuda,Latin America & Caribbean,17.1175,-61.8456,2009,98.5,84173,1262.5950000000012
ATG,Antigua and Barbuda,Latin America & Caribbean,17.1175,-61.8456,2010,98.7,85320,1109.160000000001
ATG,Antigua and Barbuda,Latin America & Caribbean,17.1175,-61.8456,2011,94.6,86332,4661.928000000004
ATG,Antigua and Barbuda,Latin America & Caribbean,17.1175,-61.8456,2012,100.0,87260,0.0
ATG,Antigua and Barbuda,Latin America & Caribbean,17.1175,-61.8456,2013,100.0,88064,0.0
ATG,Antigua and Barbuda,Latin America & Caribbean,17.1175,-61.8456,2014,100.0,88765,0.0
ATG,Antigua and Barbuda,Latin America & Caribbean,17.1175,-61.8456,2015,100.0,89409,0.0
ATG,Antigua and Barbuda,Latin America & Caribbean,17.1175,-61.8456,2016,100.0,89969,0.0
ATG,Antigua and Barbuda,Latin America & Caribbean,17.1175,-61.8456,2017,100.0,90468,0.0
ATG,Antigua and Barbuda,Latin America & Caribbean,17.1175,-61.8456,2018,100.0,90926,0.0
ATG,Antigua and Barbuda,Latin America & Caribbean,17.1175,-61.8456,2019,100.0,91364,0.0
ATG,Antigua and Barbuda,Latin America & Caribbean,17.1175,-61.8456,2020,100.0,91846,0.0
ATG,Antigua and Barbuda,Latin America & Caribbean,17.1175,-61.8456,2021,100.0,92349,0.0
ATG,Antigua and Barbuda,Latin America & Caribbean,17.1175,-61.8456,2022,100.0,92840,0.0
ATG,Antigua and Barbuda,Latin America & Caribbean,17.1175,-61.8456,2023,100.0,93316,0.0
ATG,Antigua and Barbuda,Latin America & Caribbean,17.1175,-61.8456,2024,100.0,93772,0.0
ARG,Argentina,Latin America & Caribbean,-34.6118,-58.4173,1990,92.1548004150391,32755901,2569765.809302201
ARG,Argentina,Latin America & Caribbean,-34.6118,-58.4173,1991,92.4921875,33230294,2494868.16671875
ARG,Argentina,Latin America & Caribbean,-34.6118,-58.4173,1992,92.8294525146484,33693527,2416010.3530247654
ARG,Argentina,Latin America & Caribbean,-34.6118,-58.4173,1993,93.1660461425781,34152717,2333980.920835886
ARG,Argentina,Latin America & Caribbean,-34.6118,-58.4173,1994,93.5012741088867,34613491,2249435.9014351717
ARG,Argentina,Latin America & Caribbean,-34.6118,-58.4173,1995,93.8344650268555,35070020,2162254.3481887723
ARG,Argentina,Latin America & Caribbean,-34.6118,-58.4173,1996,94.1649398803711,35513793,2072251.1723105635
ARG,Argentina,Latin America & Caribbean,-34.6118,-58.4173,1997,94.4920120239258,35947791,1980000.0059442841
ARG,Argentina,Latin America & Caribbean,-34.6118,-58.4173,1998,94.8150024414063,36372860,1885931.902990703
ARG,Argentina,Latin America & Caribbean,-34.6118,-58.4173,1999,95.1331558227539,36794682,1790739.8384532186
ARG,Argentina,Latin America & Caribbean,-34.6118,-58.4173,2000,95.7,37213984,1600201.3119999974
ARG,Argentina,Latin America & Caribbean,-34.6118,-58.4173,2001,95.5,37624825,1693117.1250000014
ARG,Argentina,Latin America & Caribbean,-34.6118,-58.4173,2002,96.1,38029349,1483144.6110000014
ARG,Argentina,Latin America & Caribbean,-34.6118,-58.4173,2003,96.3,38424282,1421698.4340000013
ARG,Argentina,Latin America & Caribbean,-34.6118,-58.4173,2004,96.5,38815916,1358557.0600000012
ARG,Argentina,Latin America & Caribbean,-34.6118,-58.4173,2005,96.7,39216789,1294154.0369999968
ARG,Argentina,Latin America & Caribbean,-34.6118,-58.4173,2006,97.0,39622115,1188663.4500000011
ARG,Argentina,Latin America & Caribbean,-34.6118,-58.4173,2007,97.2,40016763,1120469.364000001
ARG,Argentina,Latin America & Caribbean,-34.6118,-58.4173,2008,97.5,40424148,1010603.7000000009
ARG,Argentina,Latin America & Caribbean,-34.6118,-58.4173,2009,97.8,40854831,898806.2820000008
ARG,Argentina,Latin America & Caribbean,-34.6118,-58.4173,2010,98.8,41288694,495464.32800000045
ARG,Argentina,Latin America & Caribbean,-34.6118,-58.4173,2011,99.0,41730660,417306.6000000004
ARG,Argentina,Latin America & Caribbean,-34.6118,-58.4173,2012,99.1,42161721,379455.48900000035
ARG,Argentina,Latin America & Caribbean,-34.6118,-58.4173,2013,99.3,42582455,298077.1850000003
ARG,Argentina,Latin America & Caribbean,-34.6118,-58.4173,2014,100.0,43024071,0.0
ARG,Argentina,Latin America & Caribbean,-34.6118,-58.4173,2015,99.7,43477012,130431.03600000011
ARG,Argentina,Latin America & Caribbean,-34.6118,-58.4173,2016,99.9,43900313,43900.31299999516
ARG,Argentina,Latin America & Caribbean,-34.6118,-58.4173,2017,100.0,44288894,0.0
ARG,Argentina,Latin America & Caribbean,-34.6118,-58.4173,2018,100.0,44654882,0.0
ARG,Argentina,Latin America & Caribbean,-34.6118,-58.4173,2019,100.0,44973465,0.0
ARG,Argentina,Latin America & Caribbean,-34.6118,-58.4173,2020,100.0,45191965,0.0
ARG,Argentina,Latin America & Caribbean,-34.6118,-58.4173,2021,100.0,45312281,0.0
ARG,Argentina,Latin America & Caribbean,-34.6118,-58.4173,2022,100.0,45407904,0.0
ARG,Argentina,Latin America & Caribbean,-34.6118,-58.4173,2023,100.0,45538401,0.0
ARG,Argentina,Latin America & Caribbean,-34.6118,-58.4173,2024,98.4,45696159,731138.5439999956
ARM,Armenia,Europe & Central Asia,40.1596,44.509,2000,98.9,3221100,35432.09999999967
ARM,Armenia,Europe & Central Asia,40.1596,44.509,2001,100.0,3211800,0.0
ARM,Armenia,Europe & Central Asia,40.1596,44.509,2002,98.0,3199800,63996.00000000006
ARM,Armenia,Europe & Central Asia,40.1596,44.509,2003,99.1,3182500,28642.500000000025
ARM,Armenia,Europe & Central Asia,40.1596,44.509,2004,99.1,3164900,28484.100000000024
ARM,Armenia,Europe & Central Asia,40.1596,44.509,2005,99.8,3146400,6292.800000000006
ARM,Armenia,Europe & Central Asia,40.1596,44.509,2006,99.1,3127100,28143.900000000023
ARM,Armenia,Europe & Central Asia,40.1596,44.509,2007,99.2,3107400,24859.200000000023
ARM,Armenia,Europe & Central Asia,40.1596,44.509,2008,99.2,3087100,24696.80000000002
ARM,Armenia,Europe & Central Asia,40.1596,44.509,2009,99.3,3066000,21462.00000000002
ARM,Armenia,Europe & Central Asia,40.1596,44.509,2010,99.8,3044800,6089.600000000006
ARM,Armenia,Europe & Central Asia,40.1596,44.509,2011,99.5,3027900,15139.500000000013
ARM,Armenia,Europe & Central Asia,40.1596,44.509,2012,99.5,3024100,15120.500000000013
ARM,Armenia,Europe & Central Asia,40.1596,44.509,2013,99.4,3022000,18131.99999999968
ARM,Armenia,Europe & Central Asia,40.1596,44.509,2014,99.7,3013800,9041.400000000009
ARM,Armenia,Europe & Central Asia,40.1596,44.509,2015,100.0,3004600,0.0
ARM,Armenia,Europe & Central Asia,40.1596,44.509,2016,99.8,2992300,5984.600000000005
ARM,Armenia,Europe & Central Asia,40.1596,44.509,2017,99.7,2979400,8938.200000000008
ARM,Armenia,Europe & Central Asia,40.1596,44.509,2018,99.9,2969000,2968.999999999673
ARM,Armenia,Europe & Central Asia,40.1596,44.509,2019,100.0,2962500,0.0
ARM,Armenia,Europe & Central Asia,40.1596,44.509,2020,100.0,2961500,0.0
ARM,Armenia,Europe & Central Asia,40.1596,44.509,2021,100.0,2962300,0.0
ARM,Armenia,Europe & Central Asia,40.1596,44.509,2022,100.0,2969200,0.0
ARM,Armenia,Europe & Central Asia,40.1596,44.509,2023,100.0,2964300,0.0
ARM,Armenia,Europe & Central Asia,40.1596,44.509,2024,100.0,3033500,0.0
ABW,Aruba,Latin America & Caribbean,12.5167,-70.0167,1990,100.0,62753,0.0
ABW,Aruba,Latin America & Caribbean,12.5167,-70.0167,1991,99.1536560058594,65896,557.7068383788878
ABW,Aruba,Latin America & Caribbean,12.5167,-70.0167,1992,99.1971282958984,69005,554.021619415312
ABW,Aruba,Latin America & Caribbean,12.5167,-70.0167,1993,99.2399139404297,73685,560.0694129943737
ABW,Aruba,Latin America & Caribbean,12.5167,-70.0167,1994,100.0,77595,0.0
ABW,Aruba,Latin America & Caribbean,12.5167,-70.0167,1995,100.0,79805,0.0
ABW,Aruba,Latin America & Caribbean,12.5167,-70.0167,1996,100.0,83021,0.0
ABW,Aruba,Latin America & Caribbean,12.5167,-70.0167,1997,100.0,86301,0.0
ABW,Aruba,Latin America & Caribbean,12.5167,-70.0167,1998,100.0,88451,0.0
ABW,Aruba,Latin America & Caribbean,12.5167,-70.0167,1999,100.0,89659,0.0
ABW,Aruba,Latin America & Caribbean,12.5167,-70.0167,2000,91.7,90588,7518.803999999996
ABW,Aruba,Latin America & Caribbean,12.5167,-70.0167,2001,100.0,91439,0.0
ABW,Aruba,Latin America & Caribbean,12.5167,-70.0167,2002,100.0,92074,0.0
ABW,Aruba,Latin America & Caribbean,12.5167,-70.0167,2003,100.0,93128,0.0
ABW,Aruba,Latin America & Caribbean,12.5167,-70.0167,2004,100.0,95138,0.0
ABW,Aruba,Latin America & Caribbean,12.5167,-70.0167,2005,100.0,97635,0.0
ABW,Aruba,Latin America & Caribbean,12.5167,-70.0167,2006,100.0,99405,0.0
ABW,Aruba,Latin America & Caribbean,12.5167,-70.0167,2007,100.0,100150,0.0
ABW,Aruba,Latin America & Caribbean,12.5167,-70.0167,2008,100.0,100917,0.0
ABW,Aruba,Latin America & Caribbean,12.5167,-70.0167,2009,100.0,101604,0.0
ABW,Aruba,Latin America & Caribbean,12.5167,-70.0167,2010,93.4,101838,6721.3079999999945
ABW,Aruba,Latin America & Caribbean,12.5167,-70.0167,2011,100.0,102591,0.0
ABW,Aruba,Latin America & Caribbean,12.5167,-70.0167,2012,100.0,104110,0.0
ABW,Aruba,Latin America & Caribbean,12.5167,-70.0167,2013,100.0,105675,0.0
ABW,Aruba,Latin America & Caribbean,12.5167,-70.0167,2014,100.0,106807,0.0
ABW,Aruba,Latin America & Caribbean,12.5167,-70.0167,2015,100.0,107906,0.0
ABW,Aruba,Latin America & Caribbean,12.5167,-70.0167,2016,100.0,108727,0.0
ABW,Aruba,Latin America & Caribbean,12.5167,-70.0167,2017,100.0,108735,0.0
ABW,Aruba,Latin America & Caribbean,12.5167,-70.0167,2018,100.0,108908,0.0
ABW,Aruba,Latin America & Caribbean,12.5167,-70.0167,2019,100.0,109203,0.0
ABW,Aruba,Latin America & Caribbean,12.5167,-70.0167,2020,100.0,108587,0.0
ABW,Aruba,Latin America & Caribbean,12.5167,-70.0167,2021,100.0,107700,0.0
ABW,Aruba,Latin America & Caribbean,12.5167,-70.0167,2022,99.9,107310,107.30999999998818
ABW,Aruba,Latin America & Caribbean,12.5167,-70.0167,2023,100.0,107359,0.0
ABW,Aruba,Latin America & Caribbean,12.5167,-70.0167,2024,100.0,107995,0.0
AUS,Australia,East Asia & Pacific,-35.282,149.129,1990,100.0,17065128,0.0
AUS,Australia,East Asia & Pacific,-35.282,149.129,1991,100.0,17284036,0.0
AUS,Australia,East Asia & Pacific,-35.282,149.129,1992,100.0,17478635,0.0
AUS,Australia,East Asia & Pacific,-35.282,149.129,1993,100.0,17634808,0.0
AUS,Australia,East Asia & Pacific,-35.282,149.129,1994,100.0,17805468,0.0
AUS,Australia,East Asia & Pacific,-35.282,149.129,1995,100.0,18004882,0.0
AUS,Australia,East Asia & Pacific,-35.282,149.129,1996,100.0,18224767,0.0
AUS,Australia,East Asia & Pacific,-35.282,149.129,1997,100.0,18423037,0.0
AUS,Australia,East Asia & Pacific,-35.282,149.129,1998,100.0,18607584,0.0
AUS,Australia,East Asia & Pacific,-35.282,149.129,1999,100.0,18812264,0.0
AUS,Australia,East Asia & Pacific,-35.282,149.129,2000,100.0,19028802,0.0
AUS,Australia,East Asia & Pacific,-35.282,149.129,2001,100.0,19274701,0.0
AUS,Australia,East Asia & Pacific,-35.282,149.129,2002,100.0,19495210,0.0
AUS,Australia,East Asia & Pacific,-35.282,149.129,2003,100.0,19720737,0.0
AUS,Australia,East Asia & Pacific,-35.282,149.129,2004,100.0,19932722,0.0
AUS,Australia,East Asia & Pacific,-35.282,149.129,2005,100.0,20176844,0.0
AUS,Australia,East Asia & Pacific,-35.282,149.129,2006,100.0,20450966,0.0
AUS,Australia,East Asia & Pacific,-35.282,149.129,2007,100.0,20827622,0.0
AUS,Australia,East Asia & Pacific,-35.282,149.129,2008,100.0,21249199,0.0
AUS,Australia,East Asia & Pacific,-35.282,149.129,2009,100.0,21691653,0.0
AUS,Australia,East Asia & Pacific,-35.282,149.129,2010,100.0,22031750,0.0
AUS,Australia,East Asia & Pacific,-35.282,149.129,2011,100.0,22340024,0.0
AUS,Australia,East Asia & Pacific,-35.282,149.129,2012,100.0,22733465,0.0
AUS,Australia,East Asia & Pacific,-35.282,149.129,2013,100.0,23128129,0.0
AUS,Australia,East Asia & Pacific,-35.282,149.129,2014,100.0,23475686,0.0
AUS,Australia,East Asia & Pacific,-35.282,149.129,2015,100.0,23815995,0.0
AUS,Australia,East Asia & Pacific,-35.282,149.129,2016,100.0,24190907,0.0
AUS,Australia,East Asia & Pacific,-35.282,149.129,2017,100.0,24592588,0.0
AUS,Australia,East Asia & Pacific,-35.282,149.129,2018,100.0,24963258,0.0
AUS,Australia,East Asia & Pacific,-35.282,149.129,2019,100.0,25334826,0.0
AUS,Australia,East Asia & Pacific,-35.282,149.129,2020,100.0,25649248,0.0
AUS,Australia,East Asia & Pacific,-35.282,149.129,2021,100.0,25685412,0.0
AUS,Australia,East Asia & Pacific,-35.282,149.129,2022,100.0,26018721,0.0
AUS,Australia,East Asia & Pacific,-35.282,149.129,2023,100.0,26659922,0.0
AUS,Australia,East Asia & Pacific,-35.282,149.129,2024,100.0,27194286,0.0
AUT,Austria,Europe & Central Asia,48.2201,16.3798,1990,100.0,7677850,0.0
AUT,Austria,Europe & Central Asia,48.2201,16.3798,1991,100.0,7754891,0.0
AUT,Austria,Europe & Central Asia,48.2201,16.3798,1992,100.0,7840709,0.0
AUT,Austria,Europe & Central Asia,48.2201,16.3798,1993,100.0,7905633,0.0
AUT,Austria,Europe & Central Asia,48.2201,16.3798,1994,100.0,7936118,0.0
AUT,Austria,Europe & Central Asia,48.2201,16.3798,1995,100.0,7948278,0.0
AUT,Austria,Europe & Central Asia,48.2201,16.3798,1996,100.0,7959017,0.0
AUT,Austria,Europe & Central Asia,48.2201,16.3798,1997,100.0,7968041,0.0
AUT,Austria,Europe & Central Asia,48.2201,16.3798,1998,100.0,7976789,0.0
AUT,Austria,Europe & Central Asia,48.2201,16.3798,1999,100.0,7992324,0.0
AUT,Austria,Europe & Central Asia,48.2201,16.3798,2000,100.0,8011566,0.0
AUT,Austria,Europe & Central Asia,48.2201,16.3798,2001,100.0,8042293,0.0
AUT,Austria,Europe & Central Asia,48.2201,16.3798,2002,100.0,8081957,0.0
AUT,Austria,Europe & Central Asia,48.2201,16.3798,2003,100.0,8121423,0.0
AUT,Austria,Europe & Central Asia,48.2201,16.3798,2004,100.0,8171966,0.0
AUT,Austria,Europe & Central Asia,48.2201,16.3798,2005,100.0,8227829,0.0
AUT,Austria,Europe & Central Asia,48.2201,16.3798,2006,100.0,8268641,0.0
AUT,Austria,Europe & Central Asia,48.2201,16.3798,2007,100.0,8295487,0.0
AUT,Austria,Europe & Central Asia,48.2201,16.3798,2008,100.0,8321496,0.0
AUT,Austria,Europe & Central Asia,48.2201,16.3798,2009,100.0,8343323,0.0
AUT,Austria,Europe & Central Asia,48.2201,16.3798,2010,100.0,8363404,0.0
AUT,Austria,Europe & Central Asia,48.2201,16.3798,2011,100.0,8391643,0.0
AUT,Austria,Europe & Central Asia,48.2201,16.3798,2012,100.0,8429991,0.0
AUT,Austria,Europe & Central Asia,48.2201,16.3798,2013,100.0,8479823,0.0
AUT,Austria,Europe & Central Asia,48.2201,16.3798,2014,100.0,8546356,0.0
AUT,Austria,Europe & Central Asia,48.2201,16.3798,2015,100.0,8642699,0.0
AUT,Austria,Europe & Central Asia,48.2201,16.3798,2016,100.0,8736668,0.0
AUT,Austria,Europe & Central Asia,48.2201,16.3798,2017,100.0,8797566,0.0
AUT,Austria,Europe & Central Asia,48.2201,16.3798,2018,100.0,8840521,0.0
AUT,Austria,Europe & Central Asia,48.2201,16.3798,2019,100.0,8879920,0.0
AUT,Austria,Europe & Central Asia,48.2201,16.3798,2020,100.0,8916864,0.0
AUT,Austria,Europe & Central Asia,48.2201,16.3798,2021,100.0,8955797,0.0
AUT,Austria,Europe & Central Asia,48.2201,16.3798,2022,100.0,9041851,0.0
AUT,Austria,Europe & Central Asia,48.2201,16.3798,2023,100.0,9131761,0.0
AUT,Austria,Europe & Central Asia,48.2201,16.3798,2024,100.0,9177982,0.0
AZE,Azerbaijan,Europe & Central Asia,40.3834,49.8932,1999,97.0,7982750,239482.5000000002
AZE,Azerbaijan,Europe & Central Asia,40.3834,49.8932,2000,98.9,8048600,88534.59999999919
AZE,Azerbaijan,Europe & Central Asia,40.3834,49.8932,2001,98.6,8111200,113556.8000000001
AZE,Azerbaijan,Europe & Central Asia,40.3834,49.8932,2002,100.0,8171950,0.0
AZE,Azerbaijan,Europe & Central Asia,40.3834,49.8932,2003,98.8,8234100,98809.20000000008
AZE,Azerbaijan,Europe & Central Asia,40.3834,49.8932,2004,99.0,8306500,83065.00000000007
AZE,Azerbaijan,Europe & Central Asia,40.3834,49.8932,2005,99.1,8391850,75526.65000000007
AZE,Azerbaijan,Europe & Central Asia,40.3834,49.8932,2006,99.5,8484550,42422.75000000004
AZE,Azerbaijan,Europe & Central Asia,40.3834,49.8932,2007,99.5,8581300,42906.50000000004
AZE,Azerbaijan,Europe & Central Asia,40.3834,49.8932,2008,99.7,8763400,26290.200000000023
AZE,Azerbaijan,Europe & Central Asia,40.3834,49.8932,2009,99.9,8947243,8947.242999999015
AZE,Azerbaijan,Europe & Central Asia,40.3834,49.8932,2010,99.9,9054332,9054.331999999004
AZE,Azerbaijan,Europe & Central Asia,40.3834,49.8932,2011,99.9,9173082,9173.081999998989
AZE,Azerbaijan,Europe & Central Asia,40.3834,49.8932,2012,100.0,9295784,0.0
AZE,Azerbaijan,Europe & Central Asia,40.3834,49.8932,2013,100.0,9416801,0.0
AZE,Azerbaijan,Europe & Central Asia,40.3834,49.8932,2014,100.0,9535079,0.0
AZE,Azerbaijan,Europe & Central Asia,40.3834,49.8932,2015,100.0,9649341,0.0
AZE,Azerbaijan,Europe & Central Asia,40.3834,49.8932,2016,100.0,9757812,0.0
AZE,Azerbaijan,Europe & Central Asia,40.3834,49.8932,2017,100.0,9854033,0.0
AZE,Azerbaijan,Europe & Central Asia,40.3834,49.8932,2018,100.0,9939771,0.0
AZE,Azerbaijan,Europe & Central Asia,40.3834,49.8932,2019,100.0,10024283,0.0
AZE,Azerbaijan,Europe & Central Asia,40.3834,49.8932,2020,100.0,10093121,0.0
AZE,Azerbaijan,Europe & Central Asia,40.3834,49.8932,2021,100.0,10137750,0.0
AZE,Azerbaijan,Europe & Central Asia,40.3834,49.8932,2022,100.0,10141756,0.0
AZE,Azerbaijan,Europe & Central Asia,40.3834,49.8932,2023,100.0,10153958,0.0
AZE,Azerbaijan,Europe & Central Asia,40.3834,49.8932,2024,100.0,10202830,0.0
BHS,"Bahamas, The",Latin America & Caribbean,25.0661,-77.339,1990,100.0,275945,0.0
BHS,"Bahamas, The",Latin America & Caribbean,25.0661,-77.339,1991,100.0,280731,0.0
BHS,"Bahamas, The",Latin America & Caribbean,25.0661,-77.339,1992,100.0,285927,0.0
BHS,"Bahamas, The",Latin America & Caribbean,25.0661,-77.339,1993,100.0,291339,0.0
BHS,"Bahamas, The",Latin America & Caribbean,25.0661,-77.339,1994,100.0,296509,0.0
BHS,"Bahamas, The",Latin America & Caribbean,25.0661,-77.339,1995,100.0,301461,0.0
BHS,"Bahamas, The",Latin America & Caribbean,25.0661,-77.339,1996,100.0,306268,0.0
BHS,"Bahamas, The",Latin America & Caribbean,25.0661,-77.339,1997,100.0,310904,0.0
BHS,"Bahamas, The",Latin America & Caribbean,25.0661,-77.339,1998,100.0,315368,0.0
BHS,"Bahamas, The",Latin America & Caribbean,25.0661,-77.339,1999,100.0,319614,0.0
BHS,"Bahamas, The",Latin America & Caribbean,25.0661,-77.339,2000,100.0,323835,0.0
BHS,"Bahamas, The",Latin America & Caribbean,25.0661,-77.339,2001,100.0,327836,0.0
BHS,"Bahamas, The",Latin America & Caribbean,25.0661,-77.339,2002,100.0,331614,0.0
BHS,"Bahamas, The",Latin America & Caribbean,25.0661,-77.339,2003,100.0,335618,0.0
BHS,"Bahamas, The",Latin America & Caribbean,25.0661,-77.339,2004,100.0,339782,0.0
BHS,"Bahamas, The",Latin America & Caribbean,25.0661,-77.339,2005,100.0,343894,0.0
BHS,"Bahamas, The",Latin America & Caribbean,25.0661,-77.339,2006,100.0,348375,0.0
BHS,"Bahamas, The",Latin America & Caribbean,25.0661,-77.339,2007,100.0,353334,0.0
BHS,"Bahamas, The",Latin America & Caribbean,25.0661,-77.339,2008,100.0,358120,0.0
BHS,"Bahamas, The",Latin America & Caribbean,25.0661,-77.339,2009,100.0,362810,0.0
BHS,"Bahamas, The",Latin America & Caribbean,25.0661,-77.339,2010,100.0,367478,0.0
BHS,"Bahamas, The",Latin America & Caribbean,25.0661,-77.339,2011,100.0,371729,0.0
BHS,"Bahamas, The",Latin America & Caribbean,25.0661,-77.339,2012,100.0,375469,0.0
BHS,"Bahamas, The",Latin America & Caribbean,25.0661,-77.339,2013,100.0,378953,0.0
BHS,"Bahamas, The",Latin America & Caribbean,25.0661,-77.339,2014,100.0,382298,0.0
BHS,"Bahamas, The",Latin America & Caribbean,25.0661,-77.339,2015,100.0,385346,0.0
BHS,"Bahamas, The",Latin America & Caribbean,25.0661,-77.339,2016,100.0,388055,0.0
BHS,"Bahamas, The",Latin America & Caribbean,25.0661,-77.339,2017,100.0,390485,0.0
BHS,"Bahamas, The",Latin America & Caribbean,25.0661,-77.339,2018,100.0,392717,0.0
BHS,"Bahamas, The",Latin America & Caribbean,25.0661,-77.339,2019,100.0,394675,0.0
BHS,"Bahamas, The",Latin America & Caribbean,25.0661,-77.339,2020,100.0,395863,0.0
BHS,"Bahamas, The",Latin America & Caribbean,25.0661,-77.339,2021,100.0,396373,0.0
BHS,"Bahamas, The",Latin America & Caribbean,25.0661,-77.339,2022,100.0,397538,0.0
BHS,"Bahamas, The",Latin America & Caribbean,25.0661,-77.339,2023,100.0,399440,0.0
BHS,"Bahamas, The",Latin America & Caribbean,25.0661,-77.339,2024,100.0,401283,0.0
BHR,Bahrain,"Middle East, North Africa, Afghanistan & Pakistan",26.1921,50.5354,1990,99.9413986206055,514797,301.6781430815416
BHR,Bahrain,"Middle East, North Africa, Afghanistan & Pakistan",26.1921,50.5354,1991,99.9673919677734,503052,164.03535827655483
BHR,Bahrain,"Middle East, North Africa, Afghanistan & Pakistan",26.1921,50.5354,1992,99.9871826171875,516458,66.19639892579272
BHR,Bahrain,"Middle East, North Africa, Afghanistan & Pakistan",26.1921,50.5354,1993,99.9971389770508,530225,15.16985893243625
BHR,Bahrain,"Middle East, North Africa, Afghanistan & Pakistan",26.1921,50.5354,1994,99.9997711181641,544366,1.2459548947898715
BHR,Bahrain,"Middle East, North Africa, Afghanistan & Pakistan",26.1921,50.5354,1995,100.0,558879,0.0
BHR,Bahrain,"Middle East, North Africa, Afghanistan & Pakistan",26.1921,50.5354,1996,100.0,573792,0.0
BHR,Bahrain,"Middle East, North Africa, Afghanistan & Pakistan",26.1921,50.5354,1997,100.0,589115,0.0
BHR,Bahrain,"Middle East, North Africa, Afghanistan & Pakistan",26.1921,50.5354,1998,100.0,604842,0.0
BHR,Bahrain,"Middle East, North Africa, Afghanistan & Pakistan",26.1921,50.5354,1999,100.0,620989,0.0
BHR,Bahrain,"Middle East, North Africa, Afghanistan & Pakistan",26.1921,50.5354,2000,100.0,637582,0.0
BHR,Bahrain,"Middle East, North Africa, Afghanistan & Pakistan",26.1921,50.5354,2001,100.0,661316,0.0
BHR,Bahrain,"Middle East, North Africa, Afghanistan & Pakistan",26.1921,50.5354,2002,100.0,710553,0.0
BHR,Bahrain,"Middle East, North Africa, Afghanistan & Pakistan",26.1921,50.5354,2003,100.0,764517,0.0
BHR,Bahrain,"Middle East, North Africa, Afghanistan & Pakistan",26.1921,50.5354,2004,100.0,823741,0.0
BHR,Bahrain,"Middle East, North Africa, Afghanistan & Pakistan",26.1921,50.5354,2005,100.0,888822,0.0
BHR,Bahrain,"Middle East, North Africa, Afghanistan & Pakistan",26.1921,50.5354,2006,100.0,960424,0.0
BHR,Bahrain,"Middle East, North Africa, Afghanistan & Pakistan",26.1921,50.5354,2007,100.0,1039295,0.0
BHR,Bahrain,"Middle East, North Africa, Afghanistan & Pakistan",26.1921,50.5354,2008,100.0,1103496,0.0
BHR,Bahrain,"Middle East, North Africa, Afghanistan & Pakistan",26.1921,50.5354,2009,100.0,1178415,0.0
BHR,Bahrain,"Middle East, North Africa, Afghanistan & Pakistan",26.1921,50.5354,2010,100.0,1228543,0.0
BHR,Bahrain,"Middle East, North Africa, Afghanistan & Pakistan",26.1921,50.5354,2011,100.0,1195020,0.0
BHR,Bahrain,"Middle East, North Africa, Afghanistan & Pakistan",26.1921,50.5354,2012,100.0,1208964,0.0
BHR,Bahrain,"Middle East, North Africa, Afghanistan & Pakistan",26.1921,50.5354,2013,100.0,1253191,0.0
BHR,Bahrain,"Middle East, North Africa, Afghanistan & Pakistan",26.1921,50.5354,2014,100.0,1314562,0.0
BHR,Bahrain,"Middle East, North Africa, Afghanistan & Pakistan",26.1921,50.5354,2015,100.0,1370322,0.0
BHR,Bahrain,"Middle East, North Africa, Afghanistan & Pakistan",26.1921,50.5354,2016,100.0,1423726,0.0
BHR,Bahrain,"Middle East, North Africa, Afghanistan & Pakistan",26.1921,50.5354,2017,100.0,1501116,0.0
BHR,Bahrain,"Middle East, North Africa, Afghanistan & Pakistan",26.1921,50.5354,2018,100.0,1503091,0.0
BHR,Bahrain,"Middle East, North Africa, Afghanistan & Pakistan",26.1921,50.5354,2019,100.0,1483756,0.0
BHR,Bahrain,"Middle East, North Africa, Afghanistan & Pakistan",26.1921,50.5354,2020,100.0,1472204,0.0
BHR,Bahrain,"Middle East, North Africa, Afghanistan & Pakistan",26.1921,50.5354,2021,100.0,1504365,0.0
BHR,Bahrain,"Middle East, North Africa, Afghanistan & Pakistan",26.1921,50.5354,2022,100.0,1524693,0.0
BHR,Bahrain,"Middle East, North Africa, Afghanistan & Pakistan",26.1921,50.5354,2023,100.0,1577059,0.0
BHR,Bahrain,"Middle East, North Africa, Afghanistan & Pakistan",26.1921,50.5354,2024,100.0,1588670,0.0
BGD,Bangladesh,South Asia,23.7055,90.4113,1991,14.29,113787109,97526931.1239
BGD,Bangladesh,South Asia,23.7055,90.4113,1992,9.90541934967041,115952192,104466641.13726501
BGD,Bangladesh,South Asia,23.7055,90.4113,1993,12.7178802490234,118132360,103108427.91985478
BGD,Bangladesh,South Asia,23.7055,90.4113,1994,17.8,120343179,98922093.138
BGD,Bangladesh,South Asia,23.7055,90.4113,1995,18.3380451202393,122600370,100117858.83181967
BGD,Bangladesh,South Asia,23.7055,90.4113,1996,21.1443862915039,124862179,98460837.54025094
BGD,Bangladesh,South Asia,23.7055,90.4113,1997,22.4,127198069,98705701.544
BGD,Bangladesh,South Asia,23.7055,90.4113,1998,26.7461929321289,129622332,94953293.00015534
BGD,Bangladesh,South Asia,23.7055,90.4113,1999,29.5402145385742,132108065,93083059.17624094
BGD,Bangladesh,South Asia,23.7055,90.4113,2000,32.0,134544304,91490126.72
BGD,Bangladesh,South Asia,23.7055,90.4113,2001,35.0,136805810,88923776.5
BGD,Bangladesh,South Asia,23.7055,90.4113,2002,37.8,138933658,86416735.27600001
BGD,Bangladesh,South Asia,23.7055,90.4113,2003,40.5,140970351,83877358.845
BGD,Bangladesh,South Asia,23.7055,90.4113,2004,40.6,142902856,84884296.464
BGD,Bangladesh,South Asia,23.7055,90.4113,2005,44.2,144715786,80751408.58800001
BGD,Bangladesh,South Asia,23.7055,90.4113,2006,50.5,146405973,72470956.635
BGD,Bangladesh,South Asia,23.7055,90.4113,2007,46.5,147989278,79174263.72999999
BGD,Bangladesh,South Asia,23.7055,90.4113,2008,54.3,149474264,68309738.64800002
BGD,Bangladesh,South Asia,23.7055,90.4113,2009,57.1,150873714,64724823.30599999
BGD,Bangladesh,South Asia,23.7055,90.4113,2010,55.3,152201981,68034285.50700001
BGD,Bangladesh,South Asia,23.7055,90.4113,2011,59.6,153591076,62050794.704
BGD,Bangladesh,South Asia,23.7055,90.4113,2012,65.5,155070101,53499184.845
BGD,Bangladesh,South Asia,23.7055,90.4113,2013,61.5,156532141,60264874.285000004
BGD,Bangladesh,South Asia,23.7055,90.4113,2014,62.4,157964929,59394813.304
BGD,Bangladesh,South Asia,23.7055,90.4113,2015,74.0,159383179,41439626.54
BGD,Bangladesh,South Asia,23.7055,90.4113,2016,75.9,160811932,38755675.611999996
BGD,Bangladesh,South Asia,23.7055,90.4113,2017,88.0,162186147,19462337.64
BGD,Bangladesh,South Asia,23.7055,90.4113,2018,86.9,163523103,21421526.492999982
BGD,Bangladesh,South Asia,23.7055,90.4113,2019,92.2,164913055,12863218.289999994
BGD,Bangladesh,South Asia,23.7055,90.4113,2020,96.2,166298024,6319324.911999987
BGD,Bangladesh,South Asia,23.7055,90.4113,2021,99.0,167658854,1676588.5400000014
BGD,Bangladesh,South Asia,23.7055,90.4113,2022,99.4,169384897,1016309.381999982
BGD,Bangladesh,South Asia,23.7055,90.4113,2023,99.5,171466990,857334.9500000008
BGD,Bangladesh,South Asia,23.7055,90.4113,2024,99.5,173562364,867811.8200000008
BRB,Barbados,Latin America & Caribbean,13.0935,-59.6105,1990,99.9842529296875,258582,40.7190893554676
BRB,Barbados,Latin America & Caribbean,13.0935,-59.6105,1991,99.9934387207031,259373,17.018186950752703
BRB,Barbados,Latin America & Caribbean,13.0935,-59.6105,1992,99.9986877441406,260267,3.4153689575796338
BRB,Barbados,Latin America & Caribbean,13.0935,-59.6105,1993,100.0,261027,0.0
BRB,Barbados,Latin America & Caribbean,13.0935,-59.6105,1994,100.0,261620,0.0
BRB,Barbados,Latin America & Caribbean,13.0935,-59.6105,1995,100.0,262039,0.0
BRB,Barbados,Latin America & Caribbean,13.0935,-59.6105,1996,100.0,262284,0.0
BRB,Barbados,Latin America & Caribbean,13.0935,-59.6105,1997,100.0,262392,0.0
BRB,Barbados,Latin America & Caribbean,13.0935,-59.6105,1998,100.0,262436,0.0
BRB,Barbados,Latin America & Caribbean,13.0935,-59.6105,1999,100.0,262517,0.0
BRB,Barbados,Latin America & Caribbean,13.0935,-59.6105,2000,100.0,262063,0.0
BRB,Barbados,Latin America & Caribbean,13.0935,-59.6105,2001,100.0,262425,0.0
BRB,Barbados,Latin America & Caribbean,13.0935,-59.6105,2002,100.0,264148,0.0
BRB,Barbados,Latin America & Caribbean,13.0935,-59.6105,2003,100.0,265776,0.0
BRB,Barbados,Latin America & Caribbean,13.0935,-59.6105,2004,99.9,267298,267.29799999997056
BRB,Barbados,Latin America & Caribbean,13.0935,-59.6105,2005,99.9,268706,268.7059999999704
BRB,Barbados,Latin America & Caribbean,13.0935,-59.6105,2006,100.0,270002,0.0
BRB,Barbados,Latin America & Caribbean,13.0935,-59.6105,2007,100.0,271288,0.0
BRB,Barbados,Latin America & Caribbean,13.0935,-59.6105,2008,100.0,272714,0.0
BRB,Barbados,Latin America & Caribbean,13.0935,-59.6105,2009,100.0,274123,0.0
BRB,Barbados,Latin America & Caribbean,13.0935,-59.6105,2010,100.0,275243,0.0
BRB,Barbados,Latin America & Caribbean,13.0935,-59.6105,2011,100.0,276139,0.0
BRB,Barbados,Latin America & Caribbean,13.0935,-59.6105,2012,100.0,276938,0.0
BRB,Barbados,Latin America & Caribbean,13.0935,-59.6105,2013,100.0,277665,0.0
BRB,Barbados,Latin America & Caribbean,13.0935,-59.6105,2014,100.0,278348,0.0
BRB,Barbados,Latin America & Caribbean,13.0935,-59.6105,2015,100.0,278990,0.0
BRB,Barbados,Latin America & Caribbean,13.0935,-59.6105,2016,100.0,279598,0.0
BRB,Barbados,Latin America & Caribbean,13.0935,-59.6105,2017,100.0,280171,0.0
BRB,Barbados,Latin America & Caribbean,13.0935,-59.6105,2018,100.0,280711,0.0
BRB,Barbados,Latin America & Caribbean,13.0935,-59.6105,2019,100.0,281207,0.0
BRB,Barbados,Latin America & Caribbean,13.0935,-59.6105,2020,100.0,281698,0.0
BRB,Barbados,Latin America & Caribbean,13.0935,-59.6105,2021,100.0,282147,0.0
BRB,Barbados,Latin America & Caribbean,13.0935,-59.6105,2022,100.0,282318,0.0
BRB,Barbados,Latin America & Caribbean,13.0935,-59.6105,2023,100.0,282336,0.0
BRB,Barbados,Latin America & Caribbean,13.0935,-59.6105,2024,100.0,282467,0.0
BLR,Belarus,Europe & Central Asia,53.9678,27.5766,1990,100.0,10189348,0.0
BLR,Belarus,Europe & Central Asia,53.9678,27.5766,1991,100.0,10194050,0.0
BLR,Belarus,Europe & Central Asia,53.9678,27.5766,1992,100.0,10216470,0.0
BLR,Belarus,Europe & Central Asia,53.9678,27.5766,1993,100.0,10239050,0.0
BLR,Belarus,Europe & Central Asia,53.9678,27.5766,1994,100.0,10226955,0.0
BLR,Belarus,Europe & Central Asia,53.9678,27.5766,1995,100.0,10193831,0.0
BLR,Belarus,Europe & Central Asia,53.9678,27.5766,1996,100.0,10159569,0.0
BLR,Belarus,Europe & Central Asia,53.9678,27.5766,1997,100.0,10117433,0.0
BLR,Belarus,Europe & Central Asia,53.9678,27.5766,1998,100.0,10071963,0.0
BLR,Belarus,Europe & Central Asia,53.9678,27.5766,1999,100.0,10026738,0.0
BLR,Belarus,Europe & Central Asia,53.9678,27.5766,2000,89.0,9979610,1097757.0999999999
BLR,Belarus,Europe & Central Asia,53.9678,27.5766,2001,89.5,9928549,1042497.6449999998
BLR,Belarus,Europe & Central Asia,53.9678,27.5766,2002,90.0,9865548,986554.7999999998
BLR,Belarus,Europe & Central Asia,53.9678,27.5766,2003,90.5,9796749,930691.1549999998
BLR,Belarus,Europe & Central Asia,53.9678,27.5766,2004,91.0,9730146,875713.1399999997
BLR,Belarus,Europe & Central Asia,53.9678,27.5766,2005,91.5,9663915,821432.7749999997
BLR,Belarus,Europe & Central Asia,53.9678,27.5766,2006,92.1,9604924,758788.9960000006
BLR,Belarus,Europe & Central Asia,53.9678,27.5766,2007,92.6,9560953,707510.5220000006
BLR,Belarus,Europe & Central Asia,53.9678,27.5766,2008,93.2,9527985,647902.9799999995
BLR,Belarus,Europe & Central Asia,53.9678,27.5766,2009,93.8,9504583,589284.1460000005
BLR,Belarus,Europe & Central Asia,53.9678,27.5766,2010,94.4,9483836,531094.8159999994
BLR,Belarus,Europe & Central Asia,53.9678,27.5766,2011,95.0,9461643,473082.15000000043
BLR,Belarus,Europe & Central Asia,53.9678,27.5766,2012,95.6,9446836,415660.7840000004
BLR,Belarus,Europe & Central Asia,53.9678,27.5766,2013,96.2,9443211,358842.0179999993
BLR,Belarus,Europe & Central Asia,53.9678,27.5766,2014,96.8,9448515,302352.4800000003
BLR,Belarus,Europe & Central Asia,53.9678,27.5766,2015,97.4,9461076,245987.97599999918
BLR,Belarus,Europe & Central Asia,53.9678,27.5766,2016,98.0,9469379,189387.58000000016
BLR,Belarus,Europe & Central Asia,53.9678,27.5766,2017,98.7,9458989,122966.8570000001
BLR,Belarus,Europe & Central Asia,53.9678,27.5766,2018,99.3,9438785,66071.49500000005
BLR,Belarus,Europe & Central Asia,53.9678,27.5766,2019,100.0,9419758,0.0
BLR,Belarus,Europe & Central Asia,53.9678,27.5766,2020,100.0,9379952,0.0
BLR,Belarus,Europe & Central Asia,53.9678,27.5766,2021,100.0,9302585,0.0
BLR,Belarus,Europe & Central Asia,53.9678,27.5766,2022,100.0,9228071,0.0
BLR,Belarus,Europe & Central Asia,53.9678,27.5766,2023,100.0,9178298,0.0
BLR,Belarus,Europe & Central Asia,53.9678,27.5766,2024,100.0,9132629,0.0
BEL,Belgium,Europe & Central Asia,50.8371,4.36761,1990,100.0,9967379,0.0
BEL,Belgium,Europe & Central Asia,50.8371,4.36761,1991,100.0,10004486,0.0
BEL,Belgium,Europe & Central Asia,50.8371,4.36761,1992,100.0,10045158,0.0
BEL,Belgium,Europe & Central Asia,50.8371,4.36761,1993,100.0,10084475,0.0
BEL,Belgium,Europe & Central Asia,50.8371,4.36761,1994,100.0,10115603,0.0
BEL,Belgium,Europe & Central Asia,50.8371,4.36761,1995,100.0,10136811,0.0
BEL,Belgium,Europe & Central Asia,50.8371,4.36761,1996,100.0,10156637,0.0
BEL,Belgium,Europe & Central Asia,50.8371,4.36761,1997,100.0,10181245,0.0
BEL,Belgium,Europe & Central Asia,50.8371,4.36761,1998,100.0,10203008,0.0
BEL,Belgium,Europe & Central Asia,50.8371,4.36761,1999,100.0,10226419,0.0
BEL,Belgium,Europe & Central Asia,50.8371,4.36761,2000,100.0,10251250,0.0
BEL,Belgium,Europe & Central Asia,50.8371,4.36761,2001,100.0,10286570,0.0
BEL,Belgium,Europe & Central Asia,50.8371,4.36761,2002,100.0,10332785,0.0
BEL,Belgium,Europe & Central Asia,50.8371,4.36761,2003,100.0,10376133,0.0
BEL,Belgium,Europe & Central Asia,50.8371,4.36761,2004,100.0,10421137,0.0
BEL,Belgium,Europe & Central Asia,50.8371,4.36761,2005,100.0,10478617,0.0
BEL,Belgium,Europe & Central Asia,50.8371,4.36761,2006,100.0,10547958,0.0
BEL,Belgium,Europe & Central Asia,50.8371,4.36761,2007,100.0,10625700,0.0
BEL,Belgium,Europe & Central Asia,50.8371,4.36761,2008,100.0,10709973,0.0
BEL,Belgium,Europe & Central Asia,50.8371,4.36761,2009,100.0,10796493,0.0
BEL,Belgium,Europe & Central Asia,50.8371,4.36761,2010,100.0,10895586,0.0
BEL,Belgium,Europe & Central Asia,50.8371,4.36761,2011,100.0,11038264,0.0
BEL,Belgium,Europe & Central Asia,50.8371,4.36761,2012,100.0,11106932,0.0
BEL,Belgium,Europe & Central Asia,50.8371,4.36761,2013,100.0,11159407,0.0
BEL,Belgium,Europe & Central Asia,50.8371,4.36761,2014,100.0,11209057,0.0
BEL,Belgium,Europe & Central Asia,50.8371,4.36761,2015,100.0,11274196,0.0
BEL,Belgium,Europe & Central Asia,50.8371,4.36761,2016,100.0,11331422,0.0
BEL,Belgium,Europe & Central Asia,50.8371,4.36761,2017,100.0,11375158,0.0
BEL,Belgium,Europe & Central Asia,50.8371,4.36761,2018,100.0,11427054,0.0
BEL,Belgium,Europe & Central Asia,50.8371,4.36761,2019,100.0,11488980,0.0
BEL,Belgium,Europe & Central Asia,50.8371,4.36761,2020,100.0,11538604,0.0
BEL,Belgium,Europe & Central Asia,50.8371,4.36761,2021,100.0,11586195,0.0
BEL,Belgium,Europe & Central Asia,50.8371,4.36761,2022,100.0,11680210,0.0
BEL,Belgium,Europe & Central Asia,50.8371,4.36761,2023,100.0,11779946,0.0
BEL,Belgium,Europe & Central Asia,50.8371,4.36761,2024,100.0,11858610,0.0
BLZ,Belize,Latin America & Caribbean,17.2534,-88.7713,1991,67.0,187040,61723.19999999999
BLZ,Belize,Latin America & Caribbean,17.2534,-88.7713,1992,72.2249145507813,190983,53045.69144348134
BLZ,Belize,Latin America & Caribbean,17.2534,-88.7713,1993,73.1233291625977,194902,52383.16899551384
BLZ,Belize,Latin America & Caribbean,17.2534,-88.7713,1994,74.0203857421875,199097,51724.63259887695
BLZ,Belize,Latin America & Caribbean,17.2534,-88.7713,1995,74.915397644043,204146,51209.21232559197
BLZ,Belize,Latin America & Caribbean,17.2534,-88.7713,1996,75.8076934814453,210310,50878.839839172404
BLZ,Belize,Latin America & Caribbean,17.2534,-88.7713,1997,76.6965866088867,217446,50672.34028244021
BLZ,Belize,Latin America & Caribbean,17.2534,-88.7713,1998,77.5814056396484,225173,50480.621479034526
BLZ,Belize,Latin America & Caribbean,17.2534,-88.7713,1999,78.4613800048828,233059,50197.6923744202
BLZ,Belize,Latin America & Caribbean,17.2534,-88.7713,2000,79.0,240799,50567.78999999999
BLZ,Belize,Latin America & Caribbean,17.2534,-88.7713,2001,80.2,248379,49179.04199999999
BLZ,Belize,Latin America & Caribbean,17.2534,-88.7713,2002,81.0,256009,48641.709999999985
BLZ,Belize,Latin America & Caribbean,17.2534,-88.7713,2003,81.8,263780,48007.960000000014
BLZ,Belize,Latin America & Caribbean,17.2534,-88.7713,2004,82.6,271688,47273.712000000014
BLZ,Belize,Latin America & Caribbean,17.2534,-88.7713,2005,83.5,279731,46155.61500000001
BLZ,Belize,Latin America & Caribbean,17.2534,-88.7713,2006,91.0,287878,25909.01999999999
BLZ,Belize,Latin America & Caribbean,17.2534,-88.7713,2007,85.2,296100,43822.8
BLZ,Belize,Latin America & Caribbean,17.2534,-88.7713,2008,86.1,304361,42306.179000000004
BLZ,Belize,Latin America & Caribbean,17.2534,-88.7713,2009,86.9,312614,40952.433999999965
BLZ,Belize,Latin America & Caribbean,17.2534,-88.7713,2010,89.9,320245,32344.74499999999
BLZ,Belize,Latin America & Caribbean,17.2534,-88.7713,2011,91.7,327298,27165.73399999999
BLZ,Belize,Latin America & Caribbean,17.2534,-88.7713,2012,90.9,334414,30431.673999999988
BLZ,Belize,Latin America & Caribbean,17.2534,-88.7713,2013,91.1,341627,30404.803000000025
BLZ,Belize,Latin America & Caribbean,17.2534,-88.7713,2014,91.5,348923,29658.454999999987
BLZ,Belize,Latin America & Caribbean,17.2534,-88.7713,2015,91.8,356333,29219.306000000026
BLZ,Belize,Latin America & Caribbean,17.2534,-88.7713,2016,93.3,364705,24435.235000000022
BLZ,Belize,Latin America & Caribbean,17.2534,-88.7713,2017,94.2,373202,21645.71599999998
BLZ,Belize,Latin America & Caribbean,17.2534,-88.7713,2018,91.7,380226,31558.757999999987
BLZ,Belize,Latin America & Caribbean,17.2534,-88.7713,2019,92.7,385829,28165.51699999998
BLZ,Belize,Latin America & Caribbean,17.2534,-88.7713,2020,96.8,390812,12505.984000000011
BLZ,Belize,Latin America & Caribbean,17.2534,-88.7713,2021,97.7,395346,9092.958000000008
BLZ,Belize,Latin America & Caribbean,17.2534,-88.7713,2022,98.6,402733,5638.262000000005
BLZ,Belize,Latin America & Caribbean,17.2534,-88.7713,2023,99.6,411106,1644.4240000000016
BLZ,Belize,Latin America & Caribbean,17.2534,-88.7713,2024,99.6,417072,1668.2880000000014
BEN,Benin,Sub-Saharan Africa,6.4779,2.6323,1996,14.5,6391858,5465038.59
BEN,Benin,Sub-Saharan Africa,6.4779,2.6323,1997,18.5896263122559,6583365,5359542.047728154
BEN,Benin,Sub-Saharan Africa,6.4779,2.6323,1998,19.578254699707,6789489,5460225.550771411
BEN,Benin,Sub-Saharan Africa,6.4779,2.6323,1999,20.5620422363281,7002818,5562895.605106813
BEN,Benin,Sub-Saharan Africa,6.4779,2.6323,2000,21.5,7221619,5668970.915
BEN,Benin,Sub-Saharan Africa,6.4779,2.6323,2001,21.9,7445596,5815010.476
BEN,Benin,Sub-Saharan Africa,6.4779,2.6323,2002,23.4,7675426,5879376.316000001
BEN,Benin,Sub-Saharan Africa,6.4779,2.6323,2003,24.3,7913070,5990193.99
BEN,Benin,Sub-Saharan Africa,6.4779,2.6323,2004,25.2,8159094,6103002.312
BEN,Benin,Sub-Saharan Africa,6.4779,2.6323,2005,26.1,8426144,6226920.416
BEN,Benin,Sub-Saharan Africa,6.4779,2.6323,2006,27.9,8693242,6267827.482000001
BEN,Benin,Sub-Saharan Africa,6.4779,2.6323,2007,28.0,8953969,6446857.68
BEN,Benin,Sub-Saharan Africa,6.4779,2.6323,2008,29.0,9228466,6552210.859999999
BEN,Benin,Sub-Saharan Africa,6.4779,2.6323,2009,30.0,9509423,6656596.1
BEN,Benin,Sub-Saharan Africa,6.4779,2.6323,2010,34.2,9797484,6446744.471999999
BEN,Benin,Sub-Saharan Africa,6.4779,2.6323,2011,36.9,10093623,6369076.113
BEN,Benin,Sub-Saharan Africa,6.4779,2.6323,2012,38.4,10397657,6404956.712
BEN,Benin,Sub-Saharan Africa,6.4779,2.6323,2013,34.7,10708834,6992868.602
BEN,Benin,Sub-Saharan Africa,6.4779,2.6323,2014,34.1,11030004,7268772.636
BEN,Benin,Sub-Saharan Africa,6.4779,2.6323,2015,29.6,11360681,7997919.424
BEN,Benin,Sub-Saharan Africa,6.4779,2.6323,2016,37.0,11697842,7369640.46
BEN,Benin,Sub-Saharan Africa,6.4779,2.6323,2017,34.5,12039780,7886055.9
BEN,Benin,Sub-Saharan Africa,6.4779,2.6323,2018,39.0,12383347,7553841.67
BEN,Benin,Sub-Saharan Africa,6.4779,2.6323,2019,40.0,12726755,7636053.0
BEN,Benin,Sub-Saharan Africa,6.4779,2.6323,2020,41.0,13070169,7711399.710000001
BEN,Benin,Sub-Saharan Africa,6.4779,2.6323,2021,42.0,13413417,7779781.860000001
BEN,Benin,Sub-Saharan Africa,6.4779,2.6323,2022,56.5,13759501,5985382.9350000005
BEN,Benin,Sub-Saharan Africa,6.4779,2.6323,2023,57.0,14111034,6067744.620000001
BEN,Benin,Sub-Saharan Africa,6.4779,2.6323,2024,59.0,14462724,5929716.840000001
BMU,Bermuda,North America,32.3293,-64.706,1990,100.0,57559,0.0
BMU,Bermuda,North America,32.3293,-64.706,1991,100.0,57984,0.0
BMU,Bermuda,North America,32.3293,-64.706,1992,100.0,58407,0.0
BMU,Bermuda,North America,32.3293,-64.706,1993,100.0,58816,0.0
BMU,Bermuda,North America,32.3293,-64.706,1994,100.0,59194,0.0
BMU,Bermuda,North America,32.3293,-64.706,1995,100.0,59526,0.0
BMU,Bermuda,North America,32.3293,-64.706,1996,100.0,59813,0.0
BMU,Bermuda,North America,32.3293,-64.706,1997,100.0,60177,0.0
BMU,Bermuda,North America,32.3293,-64.706,1998,100.0,60639,0.0
BMU,Bermuda,North America,32.3293,-64.706,1999,100.0,61124,0.0
BMU,Bermuda,North America,32.3293,-64.706,2000,100.0,61550,0.0
BMU,Bermuda,North America,32.3293,-64.706,2001,100.0,61867,0.0
BMU,Bermuda,North America,32.3293,-64.706,2002,100.0,62142,0.0
BMU,Bermuda,North America,32.3293,-64.706,2003,100.0,62386,0.0
BMU,Bermuda,North America,32.3293,-64.706,2004,100.0,62555,0.0
BMU,Bermuda,North America,32.3293,-64.706,2005,100.0,62711,0.0
BMU,Bermuda,North America,32.3293,-64.706,2006,100.0,62834,0.0
BMU,Bermuda,North America,32.3293,-64.706,2007,100.0,63010,0.0
BMU,Bermuda,North America,32.3293,-64.706,2008,100.0,63300,0.0
BMU,Bermuda,North America,32.3293,-64.706,2009,100.0,63565,0.0
BMU,Bermuda,North America,32.3293,-64.706,2010,100.0,63725,0.0
BMU,Bermuda,North America,32.3293,-64.706,2011,100.0,63733,0.0
BMU,Bermuda,North America,32.3293,-64.706,2012,100.0,63646,0.0
BMU,Bermuda,North America,32.3293,-64.706,2013,100.0,63574,0.0
BMU,Bermuda,North America,32.3293,-64.706,2014,100.0,63529,0.0
BMU,Bermuda,North America,32.3293,-64.706,2015,100.0,63464,0.0
BMU,Bermuda,North America,32.3293,-64.706,2016,100.0,63449,0.0
BMU,Bermuda,North America,32.3293,-64.706,2017,100.0,63578,0.0
BMU,Bermuda,North America,32.3293,-64.706,2018,100.0,63831,0.0
BMU,Bermuda,North America,32.3293,-64.706,2019,100.0,64107,0.0
BMU,Bermuda,North America,32.3293,-64.706,2020,100.0,64382,0.0
BMU,Bermuda,North America,32.3293,-64.706,2021,100.0,64648,0.0
BMU,Bermuda,North America,32.3293,-64.706,2022,100.0,64749,0.0
BMU,Bermuda,North America,32.3293,-64.706,2023,100.0,64698,0.0
BMU,Bermuda,North America,32.3293,-64.706,2024,100.0,64636,0.0
BTN,Bhutan,South Asia,27.5768,89.6177,2000,31.1,596863,411238.607
BTN,Bhutan,South Asia,27.5768,89.6177,2001,40.2,610794,365254.812
BTN,Bhutan,South Asia,27.5768,89.6177,2002,44.1,624409,349044.63099999994
BTN,Bhutan,South Asia,27.5768,89.6177,2003,41.1,637663,375583.507
BTN,Bhutan,South Asia,27.5768,89.6177,2004,51.9,650544,312911.664
BTN,Bhutan,South Asia,27.5768,89.6177,2005,59.8,661865,266069.73000000004
BTN,Bhutan,South Asia,27.5768,89.6177,2006,59.7,670799,270331.99700000003
BTN,Bhutan,South Asia,27.5768,89.6177,2007,71.8,678641,191376.76200000002
BTN,Bhutan,South Asia,27.5768,89.6177,2008,67.6,686351,222377.72400000005
BTN,Bhutan,South Asia,27.5768,89.6177,2009,71.5,693988,197786.58000000002
BTN,Bhutan,South Asia,27.5768,89.6177,2010,73.3,701632,187335.744
BTN,Bhutan,South Asia,27.5768,89.6177,2011,81.8,709377,129106.61400000003
BTN,Bhutan,South Asia,27.5768,89.6177,2012,91.5,717279,60968.714999999975
BTN,Bhutan,South Asia,27.5768,89.6177,2013,87.4,725273,91384.39799999991
BTN,Bhutan,South Asia,27.5768,89.6177,2014,91.4,733139,63049.953999999976
BTN,Bhutan,South Asia,27.5768,89.6177,2015,95.4,740618,34068.42799999995
BTN,Bhutan,South Asia,27.5768,89.6177,2016,99.3,747866,5235.062000000004
BTN,Bhutan,South Asia,27.5768,89.6177,2017,97.7,754335,17349.705000000016
BTN,Bhutan,South Asia,27.5768,89.6177,2018,100.0,759759,0.0
BTN,Bhutan,South Asia,27.5768,89.6177,2019,100.0,764824,0.0
BTN,Bhutan,South Asia,27.5768,89.6177,2020,100.0,770006,0.0
BTN,Bhutan,South Asia,27.5768,89.6177,2021,100.0,775442,0.0
BTN,Bhutan,South Asia,27.5768,89.6177,2022,100.0,780914,0.0
BTN,Bhutan,South Asia,27.5768,89.6177,2023,100.0,786385,0.0
BTN,Bhutan,South Asia,27.5768,89.6177,2024,100.0,791524,0.0
BOL,Bolivia,Latin America & Caribbean,-13.9908,-66.1936,1992,60.0279006958008,7430336,2970061.284555662
BOL,Bolivia,Latin America & Caribbean,-13.9908,-66.1936,1993,61.3840293884277,7579195,2926779.7137937574
BOL,Bolivia,Latin America & Caribbean,-13.9908,-66.1936,1994,64.1,7727322,2774108.5980000007
BOL,Bolivia,Latin America & Caribbean,-13.9908,-66.1936,1995,64.0915298461914,7874676,2827675.681169128
BOL,Bolivia,Latin America & Caribbean,-13.9908,-66.1936,1996,71.0,8021736,2326303.4400000004
BOL,Bolivia,Latin America & Caribbean,-13.9908,-66.1936,1997,67.330431,8167900,2668417.726351
BOL,Bolivia,Latin America & Caribbean,-13.9908,-66.1936,1998,71.2,8313394,2394257.471999999
BOL,Bolivia,Latin America & Caribbean,-13.9908,-66.1936,1999,70.929888,8459806,2459275.0791827193
BOL,Bolivia,Latin America & Caribbean,-13.9908,-66.1936,2000,70.0,8606326,2581897.8000000003
BOL,Bolivia,Latin America & Caribbean,-13.9908,-66.1936,2001,69.3,8752736,2687089.9520000005
BOL,Bolivia,Latin America & Caribbean,-13.9908,-66.1936,2002,64.0,8900355,3204127.8
BOL,Bolivia,Latin America & Caribbean,-13.9908,-66.1936,2003,72.3,9050700,2507043.9000000004
BOL,Bolivia,Latin America & Caribbean,-13.9908,-66.1936,2004,75.9,9204287,2218233.167
BOL,Bolivia,Latin America & Caribbean,-13.9908,-66.1936,2005,68.3,9360754,2967359.0180000006
BOL,Bolivia,Latin America & Caribbean,-13.9908,-66.1936,2006,76.2,9521689,2266161.982
BOL,Bolivia,Latin America & Caribbean,-13.9908,-66.1936,2007,80.2,9685960,1917820.0799999996
BOL,Bolivia,Latin America & Caribbean,-13.9908,-66.1936,2008,84.7,9850858,1507181.2740000002
BOL,Bolivia,Latin America & Caribbean,-13.9908,-66.1936,2009,86.8,10016275,1322148.3
BOL,Bolivia,Latin America & Caribbean,-13.9908,-66.1936,2010,88.0,10182345,1221881.4
BOL,Bolivia,Latin America & Caribbean,-13.9908,-66.1936,2011,88.3,10348929,1210824.693
BOL,Bolivia,Latin America & Caribbean,-13.9908,-66.1936,2012,90.4,10515807,1009517.4719999997
BOL,Bolivia,Latin America & Caribbean,-13.9908,-66.1936,2013,89.5,10682608,1121673.8399999999
BOL,Bolivia,Latin America & Caribbean,-13.9908,-66.1936,2014,90.0,10848888,1084888.7999999998
BOL,Bolivia,Latin America & Caribbean,-13.9908,-66.1936,2015,91.5,11014705,936249.9249999996
BOL,Bolivia,Latin America & Caribbean,-13.9908,-66.1936,2016,91.8,11180020,916761.6400000008
BOL,Bolivia,Latin America & Caribbean,-13.9908,-66.1936,2017,91.8,11344587,930256.1340000008
BOL,Bolivia,Latin America & Caribbean,-13.9908,-66.1936,2018,92.8,11508368,828602.4960000007
BOL,Bolivia,Latin America & Caribbean,-13.9908,-66.1936,2019,95.1,11671386,571897.9140000005
BOL,Bolivia,Latin America & Caribbean,-13.9908,-66.1936,2020,97.2,11816299,330856.37200000026
BOL,Bolivia,Latin America & Caribbean,-13.9908,-66.1936,2021,98.6,11937360,167123.04000000015
BOL,Bolivia,Latin America & Caribbean,-13.9908,-66.1936,2022,99.9,12077154,12077.15399999867
BOL,Bolivia,Latin America & Caribbean,-13.9908,-66.1936,2023,99.8,12244159,24488.31800000002
BOL,Bolivia,Latin America & Caribbean,-13.9908,-66.1936,2024,96.6,12413315,422052.71000000037
BIH,Bosnia and Herzegovina,Europe & Central Asia,43.8607,18.4214,1990,100.0,4448652,0.0
BIH,Bosnia and Herzegovina,Europe & Central Asia,43.8607,18.4214,1991,100.0,4458343,0.0
BIH,Bosnia and Herzegovina,Europe & Central Asia,43.8607,18.4214,1992,100.0,4234616,0.0
BIH,Bosnia and Herzegovina,Europe & Central Asia,43.8607,18.4214,1993,100.0,3904482,0.0
BIH,Bosnia and Herzegovina,Europe & Central Asia,43.8607,18.4214,1994,100.0,3725412,0.0
BIH,Bosnia and Herzegovina,Europe & Central Asia,43.8607,18.4214,1995,100.0,3715564,0.0
BIH,Bosnia and Herzegovina,Europe & Central Asia,43.8607,18.4214,1996,100.0,3875246,0.0
BIH,Bosnia and Herzegovina,Europe & Central Asia,43.8607,18.4214,1997,100.0,4018227,0.0
BIH,Bosnia and Herzegovina,Europe & Central Asia,43.8607,18.4214,1998,100.0,4089356,0.0
BIH,Bosnia and Herzegovina,Europe & Central Asia,43.8607,18.4214,1999,100.0,4130305,0.0
BIH,Bosnia and Herzegovina,Europe & Central Asia,43.8607,18.4214,2000,99.0,4159771,41597.710000000036
BIH,Bosnia and Herzegovina,Europe & Central Asia,43.8607,18.4214,2001,99.4,4179438,25076.627999999557
BIH,Bosnia and Herzegovina,Europe & Central Asia,43.8607,18.4214,2002,98.5,4188002,62820.03000000006
BIH,Bosnia and Herzegovina,Europe & Central Asia,43.8607,18.4214,2003,99.0,4178523,41785.23000000004
BIH,Bosnia and Herzegovina,Europe & Central Asia,43.8607,18.4214,2004,99.1,4140987,37268.88300000003
BIH,Bosnia and Herzegovina,Europe & Central Asia,43.8607,18.4214,2005,99.1,4096493,36868.437000000034
BIH,Bosnia and Herzegovina,Europe & Central Asia,43.8607,18.4214,2006,99.4,4063272,24379.631999999572
BIH,Bosnia and Herzegovina,Europe & Central Asia,43.8607,18.4214,2007,99.7,4013424,12040.27200000001
BIH,Bosnia and Herzegovina,Europe & Central Asia,43.8607,18.4214,2008,99.3,3947544,27632.808000000023
BIH,Bosnia and Herzegovina,Europe & Central Asia,43.8607,18.4214,2009,99.4,3879794,23278.763999999588
BIH,Bosnia and Herzegovina,Europe & Central Asia,43.8607,18.4214,2010,99.5,3811472,19057.360000000015
BIH,Bosnia and Herzegovina,Europe & Central Asia,43.8607,18.4214,2011,99.7,3741798,11225.39400000001
BIH,Bosnia and Herzegovina,Europe & Central Asia,43.8607,18.4214,2012,99.7,3670113,11010.339000000009
BIH,Bosnia and Herzegovina,Europe & Central Asia,43.8607,18.4214,2013,99.5,3610859,18054.295000000016
BIH,Bosnia and Herzegovina,Europe & Central Asia,43.8607,18.4214,2014,99.9,3564829,3564.8289999996073
BIH,Bosnia and Herzegovina,Europe & Central Asia,43.8607,18.4214,2015,99.7,3518541,10555.623000000009
BIH,Bosnia and Herzegovina,Europe & Central Asia,43.8607,18.4214,2016,100.0,3473003,0.0
BIH,Bosnia and Herzegovina,Europe & Central Asia,43.8607,18.4214,2017,100.0,3428682,0.0
BIH,Bosnia and Herzegovina,Europe & Central Asia,43.8607,18.4214,2018,100.0,3387000,0.0
BIH,Bosnia and Herzegovina,Europe & Central Asia,43.8607,18.4214,2019,100.0,3345533,0.0
BIH,Bosnia and Herzegovina,Europe & Central Asia,43.8607,18.4214,2020,100.0,3299349,0.0
BIH,Bosnia and Herzegovina,Europe & Central Asia,43.8607,18.4214,2021,100.0,3244907,0.0
BIH,Bosnia and Herzegovina,Europe & Central Asia,43.8607,18.4214,2022,100.0,3204802,0.0
BIH,Bosnia and Herzegovina,Europe & Central Asia,43.8607,18.4214,2023,100.0,3185073,0.0
BIH,Bosnia and Herzegovina,Europe & Central Asia,43.8607,18.4214,2024,100.0,3164253,0.0
BWA,Botswana,Sub-Saharan Africa,-24.6544,25.9201,1991,10.1,1341756,1206238.644
BWA,Botswana,Sub-Saharan Africa,-24.6544,25.9201,1992,9.39822673797607,1380033,1250334.3696011067
BWA,Botswana,Sub-Saharan Africa,-24.6544,25.9201,1993,11.6420764923096,1420115,1254784.1254212377
BWA,Botswana,Sub-Saharan Africa,-24.6544,25.9201,1994,13.8845663070679,1460023,1257305.138466558
BWA,Botswana,Sub-Saharan Africa,-24.6544,25.9201,1995,16.1250171661377,1498836,1257148.4377077483
BWA,Botswana,Sub-Saharan Africa,-24.6544,25.9201,1996,18.3627471923828,1535914,1253877.9950875856
BWA,Botswana,Sub-Saharan Africa,-24.6544,25.9201,1997,20.5970783233643,1571691,1247968.5737287323
BWA,Botswana,Sub-Saharan Africa,-24.6544,25.9201,1998,22.8273296356201,1606899,1240086.868358517
BWA,Botswana,Sub-Saharan Africa,-24.6544,25.9201,1999,25.0527400970459,1641997,1230631.7591887093
BWA,Botswana,Sub-Saharan Africa,-24.6544,25.9201,2000,26.5,1677382,1232875.77
BWA,Botswana,Sub-Saharan Africa,-24.6544,25.9201,2001,24.8,1712254,1287615.008
BWA,Botswana,Sub-Saharan Africa,-24.6544,25.9201,2002,27.0,1744763,1273676.99
BWA,Botswana,Sub-Saharan Africa,-24.6544,25.9201,2003,33.1,1775736,1187967.384
BWA,Botswana,Sub-Saharan Africa,-24.6544,25.9201,2004,35.3,1807146,1169223.462
BWA,Botswana,Sub-Saharan Africa,-24.6544,25.9201,2005,37.5,1839877,1149923.125
BWA,Botswana,Sub-Saharan Africa,-24.6544,25.9201,2006,39.7,1874516,1130333.148
BWA,Botswana,Sub-Saharan Africa,-24.6544,25.9201,2007,41.9,1911201,1110407.781
BWA,Botswana,Sub-Saharan Africa,-24.6544,25.9201,2008,44.5,1949970,1082233.3499999999
BWA,Botswana,Sub-Saharan Africa,-24.6544,25.9201,2009,43.4,1990673,1126720.918
BWA,Botswana,Sub-Saharan Africa,-24.6544,25.9201,2010,52.0,2033111,975893.2799999999
BWA,Botswana,Sub-Saharan Africa,-24.6544,25.9201,2011,53.2,2073535,970414.3799999999
BWA,Botswana,Sub-Saharan Africa,-24.6544,25.9201,2012,56.0,2108617,927791.4799999999
BWA,Botswana,Sub-Saharan Africa,-24.6544,25.9201,2013,58.0,2140682,899086.4400000001
BWA,Botswana,Sub-Saharan Africa,-24.6544,25.9201,2014,60.0,2172044,868817.6000000001
BWA,Botswana,Sub-Saharan Africa,-24.6544,25.9201,2015,62.1,2203273,835040.4670000001
BWA,Botswana,Sub-Saharan Africa,-24.6544,25.9201,2016,64.2,2234776,800049.808
BWA,Botswana,Sub-Saharan Africa,-24.6544,25.9201,2017,67.4,2266747,738959.5219999999
BWA,Botswana,Sub-Saharan Africa,-24.6544,25.9201,2018,68.3,2299141,728827.6970000002
BWA,Botswana,Sub-Saharan Africa,-24.6544,25.9201,2019,70.1,2332083,697292.8170000002
BWA,Botswana,Sub-Saharan Africa,-24.6544,25.9201,2020,71.8,2365894,667182.1080000001
BWA,Botswana,Sub-Saharan Africa,-24.6544,25.9201,2021,73.7,2401441,631578.983
BWA,Botswana,Sub-Saharan Africa,-24.6544,25.9201,2022,75.9,2439892,588013.972
BWA,Botswana,Sub-Saharan Africa,-24.6544,25.9201,2023,76.0,2480244,595258.5599999999
BWA,Botswana,Sub-Saharan Africa,-24.6544,25.9201,2024,80.2,2521139,499185.5219999999
BRA,Brazil,Latin America & Caribbean,-15.7801,-47.9292,1990,87.475116,149143223,18680015.674611323
BRA,Brazil,Latin America & Caribbean,-15.7801,-47.9292,1991,90.6065444946289,151724256,14252150.478215335
BRA,Brazil,Latin America & Caribbean,-15.7801,-47.9292,1992,88.803833,154275079,17272895.48422193
BRA,Brazil,Latin America & Caribbean,-15.7801,-47.9292,1993,89.999927,156794577,15679572.160041207
BRA,Brazil,Latin America & Caribbean,-15.7801,-47.9292,1994,91.8837280273438,159265006,12926381.04422721
BRA,Brazil,Latin America & Caribbean,-15.7801,-47.9292,1995,91.728598,161735073,13377758.06282345
BRA,Brazil,Latin America & Caribbean,-15.7801,-47.9292,1996,92.867095,164202549,11712411.827748433
BRA,Brazil,Latin America & Caribbean,-15.7801,-47.9292,1997,93.354139,166661659,11076102.197433986
BRA,Brazil,Latin America & Caribbean,-15.7801,-47.9292,1998,94.193812,169159655,9821727.589451402
BRA,Brazil,Latin America & Caribbean,-15.7801,-47.9292,1999,94.76296,171641543,8988936.263527188
BRA,Brazil,Latin America & Caribbean,-15.7801,-47.9292,2000,94.4,174018282,9745023.79199999
BRA,Brazil,Latin America & Caribbean,-15.7801,-47.9292,2001,96.0,176301203,7052048.120000007
BRA,Brazil,Latin America & Caribbean,-15.7801,-47.9292,2002,96.7,178503484,5890614.971999985
BRA,Brazil,Latin America & Caribbean,-15.7801,-47.9292,2003,97.0,180622688,5418680.640000005
BRA,Brazil,Latin America & Caribbean,-15.7801,-47.9292,2004,96.8,182675143,5845604.576000005
BRA,Brazil,Latin America & Caribbean,-15.7801,-47.9292,2005,97.1,184688101,5355954.929000005
BRA,Brazil,Latin America & Caribbean,-15.7801,-47.9292,2006,97.6,186653106,4479674.544000004
BRA,Brazil,Latin America & Caribbean,-15.7801,-47.9292,2007,98.1,188552320,3582494.0800000033
BRA,Brazil,Latin America & Caribbean,-15.7801,-47.9292,2008,98.5,190367302,2855509.5300000026
BRA,Brazil,Latin America & Caribbean,-15.7801,-47.9292,2009,98.9,192079951,2112879.4609999806
BRA,Brazil,Latin America & Caribbean,-15.7801,-47.9292,2010,98.6,193701929,2711827.0060000024
BRA,Brazil,Latin America & Caribbean,-15.7801,-47.9292,2011,99.3,195284734,1366993.1380000012
BRA,Brazil,Latin America & Caribbean,-15.7801,-47.9292,2012,99.5,196876111,984380.5550000009
BRA,Brazil,Latin America & Caribbean,-15.7801,-47.9292,2013,99.6,198478299,793913.1960000007
BRA,Brazil,Latin America & Caribbean,-15.7801,-47.9292,2014,99.7,200085127,600255.3810000005
BRA,Brazil,Latin America & Caribbean,-15.7801,-47.9292,2015,99.7,201675532,605026.5960000005
BRA,Brazil,Latin America & Caribbean,-15.7801,-47.9292,2016,99.7,203218114,609654.3420000005
BRA,Brazil,Latin America & Caribbean,-15.7801,-47.9292,2017,99.8,204703445,409406.89000000036
BRA,Brazil,Latin America & Caribbean,-15.7801,-47.9292,2018,99.7,206107261,618321.7830000005
BRA,Brazil,Latin America & Caribbean,-15.7801,-47.9292,2019,99.8,207455459,414910.91800000035
BRA,Brazil,Latin America & Caribbean,-15.7801,-47.9292,2020,99.7,208660842,625982.5260000005
BRA,Brazil,Latin America & Caribbean,-15.7801,-47.9292,2021,99.5,209550294,1047751.4700000009
BRA,Brazil,Latin America & Caribbean,-15.7801,-47.9292,2022,100.0,210306415,0.0
BRA,Brazil,Latin America & Caribbean,-15.7801,-47.9292,2023,99.8,211140729,422281.4580000004
BRA,Brazil,Latin America & Caribbean,-15.7801,-47.9292,2024,99.8,211998573,423997.14600000036
VGB,British Virgin Islands,Latin America & Caribbean,18.431389,-64.623056,1990,94.606559753418,15704,846.985856323238
VGB,British Virgin Islands,Latin America & Caribbean,18.431389,-64.623056,1991,94.8247375488281,16187,837.7197329711959
VGB,British Virgin Islands,Latin America & Caribbean,18.431389,-64.623056,1992,95.0428009033203,16593,822.5480461120624
VGB,British Virgin Islands,Latin America & Caribbean,18.431389,-64.623056,1993,95.2601928710938,16989,805.2458331298731
VGB,British Virgin Islands,Latin America & Caribbean,18.431389,-64.623056,1994,95.4762191772461,17406,787.4092900085454
VGB,British Virgin Islands,Latin America & Caribbean,18.431389,-64.623056,1995,95.6902008056641,17840,768.8681762695237
VGB,British Virgin Islands,Latin America & Caribbean,18.431389,-64.623056,1996,95.9014739990234,18287,749.4974497985927
VGB,British Virgin Islands,Latin America & Caribbean,18.431389,-64.623056,1997,96.1093368530273,18756,729.7327798461987
VGB,British Virgin Islands,Latin America & Caribbean,18.431389,-64.623056,1998,96.3131256103516,19238,709.2808950805588
VGB,British Virgin Islands,Latin America & Caribbean,18.431389,-64.623056,1999,96.512077331543,19730,688.167142486566
VGB,British Virgin Islands,Latin America & Caribbean,18.431389,-64.623056,2000,97.1,20241,586.9890000000005
VGB,British Virgin Islands,Latin America & Caribbean,18.431389,-64.623056,2001,97.2,20796,582.2880000000005
VGB,British Virgin Islands,Latin America & Caribbean,18.431389,-64.623056,2002,97.3,21430,578.6100000000005
VGB,British Virgin Islands,Latin America & Caribbean,18.431389,-64.623056,2003,97.4,22134,575.4839999999981
VGB,British Virgin Islands,Latin America & Caribbean,18.431389,-64.623056,2004,97.5,22881,572.0250000000005
VGB,British Virgin Islands,Latin America & Caribbean,18.431389,-64.623056,2005,97.6,23665,567.9600000000005
VGB,British Virgin Islands,Latin America & Caribbean,18.431389,-64.623056,2006,97.8,24493,538.8460000000005
VGB,British Virgin Islands,Latin America & Caribbean,18.431389,-64.623056,2007,97.9,25366,532.6859999999976
VGB,British Virgin Islands,Latin America & Caribbean,18.431389,-64.623056,2008,98.1,26288,499.47200000000043
VGB,British Virgin Islands,Latin America & Caribbean,18.431389,-64.623056,2009,98.3,27218,462.7060000000004
VGB,British Virgin Islands,Latin America & Caribbean,18.431389,-64.623056,2010,98.3,27675,470.4750000000004
VGB,British Virgin Islands,Latin America & Caribbean,18.431389,-64.623056,2011,98.7,28710,373.23000000000036
VGB,British Virgin Islands,Latin America & Caribbean,18.431389,-64.623056,2012,98.9,30345,333.79499999999695
VGB,British Virgin Islands,Latin America & Caribbean,18.431389,-64.623056,2013,99.1,31703,285.3270000000002
VGB,British Virgin Islands,Latin America & Caribbean,18.431389,-64.623056,2014,99.2,32962,263.69600000000025
VGB,British Virgin Islands,Latin America & Caribbean,18.431389,-64.623056,2015,100.0,34498,0.0
VGB,British Virgin Islands,Latin America & Caribbean,18.431389,-64.623056,2016,100.0,33878,0.0
VGB,British Virgin Islands,Latin America & Caribbean,18.431389,-64.623056,2017,100.0,32699,0.0
VGB,British Virgin Islands,Latin America & Caribbean,18.431389,-64.623056,2018,100.0,34657,0.0
VGB,British Virgin Islands,Latin America & Caribbean,18.431389,-64.623056,2019,100.0,36395,0.0
VGB,British Virgin Islands,Latin America & Caribbean,18.431389,-64.623056,2020,100.0,37135,0.0
VGB,British Virgin Islands,Latin America & Caribbean,18.431389,-64.623056,2021,100.0,37809,0.0
VGB,British Virgin Islands,Latin America & Caribbean,18.431389,-64.623056,2022,100.0,38319,0.0
VGB,British Virgin Islands,Latin America & Caribbean,18.431389,-64.623056,2023,100.0,38985,0.0
VGB,British Virgin Islands,Latin America & Caribbean,18.431389,-64.623056,2024,100.0,39471,0.0
BRN,Brunei Darussalam,East Asia & Pacific,4.94199,114.946,1990,100.0,255292,0.0
BRN,Brunei Darussalam,East Asia & Pacific,4.94199,114.946,1991,100.0,262596,0.0
BRN,Brunei Darussalam,East Asia & Pacific,4.94199,114.946,1992,100.0,269839,0.0
BRN,Brunei Darussalam,East Asia & Pacific,4.94199,114.946,1993,100.0,276971,0.0
BRN,Brunei Darussalam,East Asia & Pacific,4.94199,114.946,1994,100.0,284091,0.0
BRN,Brunei Darussalam,East Asia & Pacific,4.94199,114.946,1995,100.0,291195,0.0
BRN,Brunei Darussalam,East Asia & Pacific,4.94199,114.946,1996,100.0,298276,0.0
BRN,Brunei Darussalam,East Asia & Pacific,4.94199,114.946,1997,100.0,305341,0.0
BRN,Brunei Darussalam,East Asia & Pacific,4.94199,114.946,1998,100.0,312385,0.0
BRN,Brunei Darussalam,East Asia & Pacific,4.94199,114.946,1999,100.0,319411,0.0
BRN,Brunei Darussalam,East Asia & Pacific,4.94199,114.946,2000,100.0,326424,0.0
BRN,Brunei Darussalam,East Asia & Pacific,4.94199,114.946,2001,100.0,333345,0.0
BRN,Brunei Darussalam,East Asia & Pacific,4.94199,114.946,2002,100.0,340099,0.0
BRN,Brunei Darussalam,East Asia & Pacific,4.94199,114.946,2003,100.0,346637,0.0
BRN,Brunei Darussalam,East Asia & Pacific,4.94199,114.946,2004,100.0,352911,0.0
BRN,Brunei Darussalam,East Asia & Pacific,4.94199,114.946,2005,100.0,358916,0.0
BRN,Brunei Darussalam,East Asia & Pacific,4.94199,114.946,2006,100.0,364663,0.0
BRN,Brunei Darussalam,East Asia & Pacific,4.94199,114.946,2007,100.0,370873,0.0
BRN,Brunei Darussalam,East Asia & Pacific,4.94199,114.946,2008,100.0,377793,0.0
BRN,Brunei Darussalam,East Asia & Pacific,4.94199,114.946,2009,100.0,384952,0.0
BRN,Brunei Darussalam,East Asia & Pacific,4.94199,114.946,2010,100.0,392332,0.0
BRN,Brunei Darussalam,East Asia & Pacific,4.94199,114.946,2011,100.0,399389,0.0
BRN,Brunei Darussalam,East Asia & Pacific,4.94199,114.946,2012,100.0,405557,0.0
BRN,Brunei Darussalam,East Asia & Pacific,4.94199,114.946,2013,100.0,411202,0.0
BRN,Brunei Darussalam,East Asia & Pacific,4.94199,114.946,2014,100.0,416750,0.0
BRN,Brunei Darussalam,East Asia & Pacific,4.94199,114.946,2015,100.0,422212,0.0
BRN,Brunei Darussalam,East Asia & Pacific,4.94199,114.946,2016,100.0,427564,0.0
BRN,Brunei Darussalam,East Asia & Pacific,4.94199,114.946,2017,100.0,432772,0.0
BRN,Brunei Darussalam,East Asia & Pacific,4.94199,114.946,2018,100.0,437810,0.0
BRN,Brunei Darussalam,East Asia & Pacific,4.94199,114.946,2019,100.0,442680,0.0
BRN,Brunei Darussalam,East Asia & Pacific,4.94199,114.946,2020,100.0,447404,0.0
BRN,Brunei Darussalam,East Asia & Pacific,4.94199,114.946,2021,100.0,451721,0.0
BRN,Brunei Darussalam,East Asia & Pacific,4.94199,114.946,2022,100.0,455370,0.0
BRN,Brunei Darussalam,East Asia & Pacific,4.94199,114.946,2023,100.0,458949,0.0
BRN,Brunei Darussalam,East Asia & Pacific,4.94199,114.946,2024,100.0,462721,0.0
BGR,Bulgaria,Europe & Central Asia,42.7105,23.3238,1990,100.0,8718289,0.0
BGR,Bulgaria,Europe & Central Asia,42.7105,23.3238,1991,100.0,8632367,0.0
BGR,Bulgaria,Europe & Central Asia,42.7105,23.3238,1992,100.0,8540164,0.0
BGR,Bulgaria,Europe & Central Asia,42.7105,23.3238,1993,100.0,8472313,0.0
BGR,Bulgaria,Europe & Central Asia,42.7105,23.3238,1994,100.0,8443591,0.0
BGR,Bulgaria,Europe & Central Asia,42.7105,23.3238,1995,100.0,8406067,0.0
BGR,Bulgaria,Europe & Central Asia,42.7105,23.3238,1996,100.0,8362826,0.0
BGR,Bulgaria,Europe & Central Asia,42.7105,23.3238,1997,100.0,8312068,0.0
BGR,Bulgaria,Europe & Central Asia,42.7105,23.3238,1998,100.0,8256786,0.0
BGR,Bulgaria,Europe & Central Asia,42.7105,23.3238,1999,100.0,8210624,0.0
BGR,Bulgaria,Europe & Central Asia,42.7105,23.3238,2000,88.1,8170172,972250.4680000008
BGR,Bulgaria,Europe & Central Asia,42.7105,23.3238,2001,88.6,8009142,913042.1880000008
BGR,Bulgaria,Europe & Central Asia,42.7105,23.3238,2002,89.1,7837161,854250.5490000008
BGR,Bulgaria,Europe & Central Asia,42.7105,23.3238,2003,89.6,7775327,808634.0080000007
BGR,Bulgaria,Europe & Central Asia,42.7105,23.3238,2004,90.1,7716860,763969.1400000007
BGR,Bulgaria,Europe & Central Asia,42.7105,23.3238,2005,90.6,7658972,719943.3680000006
BGR,Bulgaria,Europe & Central Asia,42.7105,23.3238,2006,91.2,7601022,668889.9359999998
BGR,Bulgaria,Europe & Central Asia,42.7105,23.3238,2007,91.7,7545338,626263.0539999998
BGR,Bulgaria,Europe & Central Asia,42.7105,23.3238,2008,92.3,7492561,576927.1970000005
BGR,Bulgaria,Europe & Central Asia,42.7105,23.3238,2009,92.9,7444443,528555.4529999996
BGR,Bulgaria,Europe & Central Asia,42.7105,23.3238,2010,93.5,7395599,480713.9349999996
BGR,Bulgaria,Europe & Central Asia,42.7105,23.3238,2011,94.1,7348328,433551.35200000036
BGR,Bulgaria,Europe & Central Asia,42.7105,23.3238,2012,94.7,7305888,387212.06399999955
BGR,Bulgaria,Europe & Central Asia,42.7105,23.3238,2013,95.3,7160005,336520.2350000003
BGR,Bulgaria,Europe & Central Asia,42.7105,23.3238,2014,95.9,7073572,290016.45199999947
BGR,Bulgaria,Europe & Central Asia,42.7105,23.3238,2015,96.6,6984225,237463.6500000002
BGR,Bulgaria,Europe & Central Asia,42.7105,23.3238,2016,97.3,6894139,186141.75300000017
BGR,Bulgaria,Europe & Central Asia,42.7105,23.3238,2017,98.1,6803468,129265.89200000011
BGR,Bulgaria,Europe & Central Asia,42.7105,23.3238,2018,98.7,6710798,87240.37400000008
BGR,Bulgaria,Europe & Central Asia,42.7105,23.3238,2019,99.2,6616726,52933.80800000005
BGR,Bulgaria,Europe & Central Asia,42.7105,23.3238,2020,99.7,6550696,19652.088000000018
BGR,Bulgaria,Europe & Central Asia,42.7105,23.3238,2021,99.8,6507301,13014.602000000012
BGR,Bulgaria,Europe & Central Asia,42.7105,23.3238,2022,100.0,6465097,0.0
BGR,Bulgaria,Europe & Central Asia,42.7105,23.3238,2023,100.0,6446596,0.0
BGR,Bulgaria,Europe & Central Asia,42.7105,23.3238,2024,100.0,6441421,0.0
BFA,Burkina Faso,Sub-Saharan Africa,12.3605,-1.53395,1993,6.1,9871713,9269538.507000001
BFA,Burkina Faso,Sub-Saharan Africa,12.3605,-1.53395,1994,6.12501001358032,10123798,9503714.358745355
BFA,Burkina Faso,Sub-Saharan Africa,12.3605,-1.53395,1995,6.62533283233643,10386722,9698567.097130489
BFA,Burkina Faso,Sub-Saharan Africa,12.3605,-1.53395,1996,7.1229362487793,10655942,9896926.044633102
BFA,Burkina Faso,Sub-Saharan Africa,12.3605,-1.53395,1997,7.61713981628418,10934223,10101347.946265697
BFA,Burkina Faso,Sub-Saharan Africa,12.3605,-1.53395,1998,8.10726451873779,11240664,10329353.635857468
BFA,Burkina Faso,Sub-Saharan Africa,12.3605,-1.53395,1999,6.9,11574928,10776257.968
BFA,Burkina Faso,Sub-Saharan Africa,12.3605,-1.53395,2000,9.1,11925546,10840321.314000001
BFA,Burkina Faso,Sub-Saharan Africa,12.3605,-1.53395,2001,9.5,12295001,11126975.905000001
BFA,Burkina Faso,Sub-Saharan Africa,12.3605,-1.53395,2002,9.9,12680897,11425488.197
BFA,Burkina Faso,Sub-Saharan Africa,12.3605,-1.53395,2003,11.4,13082532,11591123.352
BFA,Burkina Faso,Sub-Saharan Africa,12.3605,-1.53395,2004,10.7,13500533,12055975.969
BFA,Burkina Faso,Sub-Saharan Africa,12.3605,-1.53395,2005,11.1,13932123,12385657.347000001
BFA,Burkina Faso,Sub-Saharan Africa,12.3605,-1.53395,2006,11.6,14373707,12706356.988
BFA,Burkina Faso,Sub-Saharan Africa,12.3605,-1.53395,2007,12.0,14816307,13038350.16
BFA,Burkina Faso,Sub-Saharan Africa,12.3605,-1.53395,2008,12.5,15258093,13350831.375
BFA,Burkina Faso,Sub-Saharan Africa,12.3605,-1.53395,2009,12.6,15710066,13730597.684
BFA,Burkina Faso,Sub-Saharan Africa,12.3605,-1.53395,2010,13.1,16176498,14057376.762
BFA,Burkina Faso,Sub-Saharan Africa,12.3605,-1.53395,2011,14.8,16661908,14195945.616
BFA,Burkina Faso,Sub-Saharan Africa,12.3605,-1.53395,2012,15.1,17172287,14579271.662999999
BFA,Burkina Faso,Sub-Saharan Africa,12.3605,-1.53395,2013,15.4,17695409,14970316.014
BFA,Burkina Faso,Sub-Saharan Africa,12.3605,-1.53395,2014,19.2,18229461,14729404.488000002
BFA,Burkina Faso,Sub-Saharan Africa,12.3605,-1.53395,2015,16.2,18777487,15735534.105999999
BFA,Burkina Faso,Sub-Saharan Africa,12.3605,-1.53395,2016,16.6,19334856,16125269.904
BFA,Burkina Faso,Sub-Saharan Africa,12.3605,-1.53395,2017,17.0,19894407,16512357.809999999
BFA,Burkina Faso,Sub-Saharan Africa,12.3605,-1.53395,2018,14.4,20438288,17495174.528
BFA,Burkina Faso,Sub-Saharan Africa,12.3605,-1.53395,2019,17.6,20961952,17272648.448
BFA,Burkina Faso,Sub-Saharan Africa,12.3605,-1.53395,2020,18.5,21478690,17505132.349999998
BFA,Burkina Faso,Sub-Saharan Africa,12.3605,-1.53395,2021,19.0,21995243,17816146.830000002
BFA,Burkina Faso,Sub-Saharan Africa,12.3605,-1.53395,2022,19.5,22509038,18119775.59
BFA,Burkina Faso,Sub-Saharan Africa,12.3605,-1.53395,2023,21.7,23025776,18029182.608
BFA,Burkina Faso,Sub-Saharan Africa,12.3605,-1.53395,2024,34.0,23548781,15542195.459999999
BDI,Burundi,Sub-Saharan Africa,-3.3784,29.3639,1998,3.9,6187108,5945810.788
BDI,Burundi,Sub-Saharan Africa,-3.3784,29.3639,1999,2.07094931602478,6337155,6205915.73187207
BDI,Burundi,Sub-Saharan Africa,-3.3784,29.3639,2000,2.5,6470194,6308439.149999999
BDI,Burundi,Sub-Saharan Africa,-3.3784,29.3639,2001,2.8,6634365,6448602.78
BDI,Burundi,Sub-Saharan Africa,-3.3784,29.3639,2002,3.1,6824132,6612583.908
BDI,Burundi,Sub-Saharan Africa,-3.3784,29.3639,2003,3.4,7043154,6803686.7639999995
BDI,Burundi,Sub-Saharan Africa,-3.3784,29.3639,2004,3.7,7310656,7040161.728
BDI,Burundi,Sub-Saharan Africa,-3.3784,29.3639,2005,3.2,7587299,7344505.432
BDI,Burundi,Sub-Saharan Africa,-3.3784,29.3639,2006,2.7,7865547,7653177.231
BDI,Burundi,Sub-Saharan Africa,-3.3784,29.3639,2007,4.7,8161874,7778265.921999999
BDI,Burundi,Sub-Saharan Africa,-3.3784,29.3639,2008,4.8,8505637,8097366.424
BDI,Burundi,Sub-Saharan Africa,-3.3784,29.3639,2009,5.4,8947646,8464473.116
BDI,Burundi,Sub-Saharan Africa,-3.3784,29.3639,2010,5.3,9376444,8879492.468
BDI,Burundi,Sub-Saharan Africa,-3.3784,29.3639,2011,6.2,9717978,9115463.364
BDI,Burundi,Sub-Saharan Africa,-3.3784,29.3639,2012,6.5,10071028,9416411.18
BDI,Burundi,Sub-Saharan Africa,-3.3784,29.3639,2013,6.9,10439341,9719026.471
BDI,Burundi,Sub-Saharan Africa,-3.3784,29.3639,2014,7.0,10799785,10043800.049999999
BDI,Burundi,Sub-Saharan Africa,-3.3784,29.3639,2015,7.9,11047580,10174821.18
BDI,Burundi,Sub-Saharan Africa,-3.3784,29.3639,2016,8.5,11239451,10284097.665000001
BDI,Burundi,Sub-Saharan Africa,-3.3784,29.3639,2017,9.3,11506762,10436633.134
BDI,Burundi,Sub-Saharan Africa,-3.3784,29.3639,2018,9.5,11859446,10732798.63
BDI,Burundi,Sub-Saharan Africa,-3.3784,29.3639,2019,9.8,12255336,11054313.072
BDI,Burundi,Sub-Saharan Africa,-3.3784,29.3639,2020,9.1,12617036,11468885.724
BDI,Burundi,Sub-Saharan Africa,-3.3784,29.3639,2021,10.2,12965481,11643001.938000001
BDI,Burundi,Sub-Saharan Africa,-3.3784,29.3639,2022,10.3,13321097,11949024.009
BDI,Burundi,Sub-Saharan Africa,-3.3784,29.3639,2023,11.6,13689450,12101473.8
BDI,Burundi,Sub-Saharan Africa,-3.3784,29.3639,2024,20.1,14047786,11224181.013999999
CPV,Cabo Verde,Sub-Saharan Africa,14.9218,-23.5087,2000,58.6,453317,187673.238
CPV,Cabo Verde,Sub-Saharan Africa,14.9218,-23.5087,2001,60.3,460293,182736.321
CPV,Cabo Verde,Sub-Saharan Africa,14.9218,-23.5087,2002,58.6,467046,193357.04400000002
CPV,Cabo Verde,Sub-Saharan Africa,14.9218,-23.5087,2003,63.7,473383,171838.02899999998
CPV,Cabo Verde,Sub-Saharan Africa,14.9218,-23.5087,2004,65.4,479370,165862.02
CPV,Cabo Verde,Sub-Saharan Africa,14.9218,-23.5087,2005,67.0,485115,160087.94999999998
CPV,Cabo Verde,Sub-Saharan Africa,14.9218,-23.5087,2006,68.8,490728,153107.13600000003
CPV,Cabo Verde,Sub-Saharan Africa,14.9218,-23.5087,2007,70.5,496190,146376.05000000002
CPV,Cabo Verde,Sub-Saharan Africa,14.9218,-23.5087,2008,72.3,501355,138875.33500000002
CPV,Cabo Verde,Sub-Saharan Africa,14.9218,-23.5087,2009,74.1,506141,131090.519
CPV,Cabo Verde,Sub-Saharan Africa,14.9218,-23.5087,2010,81.1,509784,96349.17600000004
CPV,Cabo Verde,Sub-Saharan Africa,14.9218,-23.5087,2011,82.3,511447,90526.11900000002
CPV,Cabo Verde,Sub-Saharan Africa,14.9218,-23.5087,2012,83.2,511955,86008.43999999996
CPV,Cabo Verde,Sub-Saharan Africa,14.9218,-23.5087,2013,84.3,512225,80419.32500000001
CPV,Cabo Verde,Sub-Saharan Africa,14.9218,-23.5087,2014,85.3,512326,75311.922
CPV,Cabo Verde,Sub-Saharan Africa,14.9218,-23.5087,2015,86.4,512394,69685.58399999994
CPV,Cabo Verde,Sub-Saharan Africa,14.9218,-23.5087,2016,87.5,512554,64069.25
CPV,Cabo Verde,Sub-Saharan Africa,14.9218,-23.5087,2017,88.6,512893,58469.802000000054
CPV,Cabo Verde,Sub-Saharan Africa,14.9218,-23.5087,2018,90.2,513415,50314.66999999999
CPV,Cabo Verde,Sub-Saharan Africa,14.9218,-23.5087,2019,91.4,514104,44212.94399999998
CPV,Cabo Verde,Sub-Saharan Africa,14.9218,-23.5087,2020,93.7,514679,32424.776999999973
CPV,Cabo Verde,Sub-Saharan Africa,14.9218,-23.5087,2021,95.5,516649,23249.20500000002
CPV,Cabo Verde,Sub-Saharan Africa,14.9218,-23.5087,2022,97.1,519741,15072.489000000014
CPV,Cabo Verde,Sub-Saharan Africa,14.9218,-23.5087,2023,98.6,522331,7312.634000000006
CPV,Cabo Verde,Sub-Saharan Africa,14.9218,-23.5087,2024,98.4,524877,8398.031999999948
KHM,Cambodia,East Asia & Pacific,11.5556,104.874,1998,18.67,12058173,9806912.1009
KHM,Cambodia,East Asia & Pacific,11.5556,104.874,1999,8.82003688812256,12265731,11183889.001202116
KHM,Cambodia,East Asia & Pacific,11.5556,104.874,2000,16.6,12462336,10393588.224
KHM,Cambodia,East Asia & Pacific,11.5556,104.874,2001,9.5,12658484,11455928.02
KHM,Cambodia,East Asia & Pacific,11.5556,104.874,2002,13.1,12855241,11171204.429
KHM,Cambodia,East Asia & Pacific,11.5556,104.874,2003,19.3,13050968,10532131.175999999
KHM,Cambodia,East Asia & Pacific,11.5556,104.874,2004,14.2,13244731,11363979.197999999
KHM,Cambodia,East Asia & Pacific,11.5556,104.874,2005,20.5,13439202,10684165.59
KHM,Cambodia,East Asia & Pacific,11.5556,104.874,2006,27.5,13639028,9888295.299999999
KHM,Cambodia,East Asia & Pacific,11.5556,104.874,2007,20.2,13841770,11045732.46
KHM,Cambodia,East Asia & Pacific,11.5556,104.874,2008,26.4,14053479,10343360.544
KHM,Cambodia,East Asia & Pacific,11.5556,104.874,2009,25.6,14276810,10621946.64
KHM,Cambodia,East Asia & Pacific,11.5556,104.874,2010,31.1,14500726,9991000.214000002
KHM,Cambodia,East Asia & Pacific,11.5556,104.874,2011,37.4,14722584,9216337.584
KHM,Cambodia,East Asia & Pacific,11.5556,104.874,2012,42.3,14945085,8623314.045
KHM,Cambodia,East Asia & Pacific,11.5556,104.874,2013,50.9,15170208,7448572.128
KHM,Cambodia,East Asia & Pacific,11.5556,104.874,2014,56.1,15396772,6759182.907999999
KHM,Cambodia,East Asia & Pacific,11.5556,104.874,2015,62.7,15623251,5827472.623
KHM,Cambodia,East Asia & Pacific,11.5556,104.874,2016,68.8,15852803,4946074.536000001
KHM,Cambodia,East Asia & Pacific,11.5556,104.874,2017,89.1,16073372,1751997.5480000016
KHM,Cambodia,East Asia & Pacific,11.5556,104.874,2018,80.7,16274522,3140982.7459999993
KHM,Cambodia,East Asia & Pacific,11.5556,104.874,2019,84.0,16481304,2637008.6400000006
KHM,Cambodia,East Asia & Pacific,11.5556,104.874,2020,86.4,16725474,2274664.4639999983
KHM,Cambodia,East Asia & Pacific,11.5556,104.874,2021,82.5,16974305,2970503.375000001
KHM,Cambodia,East Asia & Pacific,11.5556,104.874,2022,92.3,17201724,1324532.748000001
KHM,Cambodia,East Asia & Pacific,11.5556,104.874,2023,95.0,17423880,871194.0000000008
KHM,Cambodia,East Asia & Pacific,11.5556,104.874,2024,99.2,17638801,141110.4080000001
CMR,Cameroon,Sub-Saharan Africa,3.8721,11.5174,1991,29.0,11667180,8283697.8
CMR,Cameroon,Sub-Saharan Africa,3.8721,11.5174,1992,32.6975250244141,12006353,8080572.723305508
CMR,Cameroon,Sub-Saharan Africa,3.8721,11.5174,1993,33.849193572998,12353131,8171695.775483976
CMR,Cameroon,Sub-Saharan Africa,3.8721,11.5174,1994,34.9995040893555,12704903,8258249.9549663495
CMR,Cameroon,Sub-Saharan Africa,3.8721,11.5174,1995,36.1477737426758,13058516,8338153.182168881
CMR,Cameroon,Sub-Saharan Africa,3.8721,11.5174,1996,37.2933235168457,13414757,8411948.272991294
CMR,Cameroon,Sub-Saharan Africa,3.8721,11.5174,1997,38.435474395752,13775214,8480645.150069956
CMR,Cameroon,Sub-Saharan Africa,3.8721,11.5174,1998,40.7,14144860,8387901.9799999995
CMR,Cameroon,Sub-Saharan Africa,3.8721,11.5174,1999,40.7067756652832,14525140,8612423.845131684
CMR,Cameroon,Sub-Saharan Africa,3.8721,11.5174,2000,41.0,14912631,8798452.290000001
CMR,Cameroon,Sub-Saharan Africa,3.8721,11.5174,2001,46.2,15309490,8236505.62
CMR,Cameroon,Sub-Saharan Africa,3.8721,11.5174,2002,44.0,15725528,8806295.680000002
CMR,Cameroon,Sub-Saharan Africa,3.8721,11.5174,2003,45.1,16160340,8872026.659999998
CMR,Cameroon,Sub-Saharan Africa,3.8721,11.5174,2004,47.1,16610487,8786947.622999998
CMR,Cameroon,Sub-Saharan Africa,3.8721,11.5174,2005,47.2,17074594,9015385.632000001
CMR,Cameroon,Sub-Saharan Africa,3.8721,11.5174,2006,49.0,17550407,8950707.57
CMR,Cameroon,Sub-Saharan Africa,3.8721,11.5174,2007,48.2,18049896,9349846.128
CMR,Cameroon,Sub-Saharan Africa,3.8721,11.5174,2008,50.6,18574056,9175583.664
CMR,Cameroon,Sub-Saharan Africa,3.8721,11.5174,2009,51.7,19113974,9232049.442
CMR,Cameroon,Sub-Saharan Africa,3.8721,11.5174,2010,52.8,19668066,9283327.151999999
CMR,Cameroon,Sub-Saharan Africa,3.8721,11.5174,2011,53.7,20232304,9367556.751999998
CMR,Cameroon,Sub-Saharan Africa,3.8721,11.5174,2012,55.2,20809529,9322668.991999999
CMR,Cameroon,Sub-Saharan Africa,3.8721,11.5174,2013,56.3,21402376,9352838.312
CMR,Cameroon,Sub-Saharan Africa,3.8721,11.5174,2014,56.8,22059893,9529873.776
CMR,Cameroon,Sub-Saharan Africa,3.8721,11.5174,2015,58.6,22763414,9424053.396000002
CMR,Cameroon,Sub-Saharan Africa,3.8721,11.5174,2016,59.8,23454161,9428572.722000001
CMR,Cameroon,Sub-Saharan Africa,3.8721,11.5174,2017,60.9,24128601,9434282.991
CMR,Cameroon,Sub-Saharan Africa,3.8721,11.5174,2018,62.2,24806383,9376812.774
CMR,Cameroon,Sub-Saharan Africa,3.8721,11.5174,2019,63.2,25506095,9386242.959999999
CMR,Cameroon,Sub-Saharan Africa,3.8721,11.5174,2020,64.3,26210558,9357169.206
CMR,Cameroon,Sub-Saharan Africa,3.8721,11.5174,2021,65.4,26915758,9312852.268
CMR,Cameroon,Sub-Saharan Africa,3.8721,11.5174,2022,71.0,27632771,8013503.590000001
CMR,Cameroon,Sub-Saharan Africa,3.8721,11.5174,2023,72.0,28372687,7944352.36
CMR,Cameroon,Sub-Saharan Africa,3.8721,11.5174,2024,72.0,29123744,8154648.320000001
CAN,Canada,North America,45.4215,-75.6919,1990,100.0,27691138,0.0
CAN,Canada,North America,45.4215,-75.6919,1991,100.0,28037420,0.0
CAN,Canada,North America,45.4215,-75.6919,1992,100.0,28371264,0.0
CAN,Canada,North America,45.4215,-75.6919,1993,100.0,28684764,0.0
CAN,Canada,North America,45.4215,-75.6919,1994,100.0,29000663,0.0
CAN,Canada,North America,45.4215,-75.6919,1995,100.0,29302311,0.0
CAN,Canada,North America,45.4215,-75.6919,1996,100.0,29610218,0.0
CAN,Canada,North America,45.4215,-75.6919,1997,100.0,29905948,0.0
CAN,Canada,North America,45.4215,-75.6919,1998,100.0,30155173,0.0
CAN,Canada,North America,45.4215,-75.6919,1999,100.0,30401286,0.0
CAN,Canada,North America,45.4215,-75.6919,2000,100.0,30685730,0.0
CAN,Canada,North America,45.4215,-75.6919,2001,100.0,31020855,0.0
CAN,Canada,North America,45.4215,-75.6919,2002,100.0,31359199,0.0
CAN,Canada,North America,45.4215,-75.6919,2003,100.0,31642461,0.0
CAN,Canada,North America,45.4215,-75.6919,2004,100.0,31938807,0.0
CAN,Canada,North America,45.4215,-75.6919,2005,100.0,32242732,0.0
CAN,Canada,North America,45.4215,-75.6919,2006,100.0,32571193,0.0
CAN,Canada,North America,45.4215,-75.6919,2007,100.0,32888886,0.0
CAN,Canada,North America,45.4215,-75.6919,2008,100.0,33247298,0.0
CAN,Canada,North America,45.4215,-75.6919,2009,100.0,33630069,0.0
CAN,Canada,North America,45.4215,-75.6919,2010,100.0,34005902,0.0
CAN,Canada,North America,45.4215,-75.6919,2011,100.0,34339221,0.0
CAN,Canada,North America,45.4215,-75.6919,2012,100.0,34713395,0.0
CAN,Canada,North America,45.4215,-75.6919,2013,100.0,35080992,0.0
CAN,Canada,North America,45.4215,-75.6919,2014,100.0,35434066,0.0
CAN,Canada,North America,45.4215,-75.6919,2015,100.0,35704498,0.0
CAN,Canada,North America,45.4215,-75.6919,2016,100.0,36110803,0.0
CAN,Canada,North America,45.4215,-75.6919,2017,100.0,36545075,0.0
CAN,Canada,North America,45.4215,-75.6919,2018,100.0,37072620,0.0
CAN,Canada,North America,45.4215,-75.6919,2019,100.0,37618495,0.0
CAN,Canada,North America,45.4215,-75.6919,2020,100.0,38028638,0.0
CAN,Canada,North America,45.4215,-75.6919,2021,100.0,38239864,0.0
CAN,Canada,North America,45.4215,-75.6919,2022,100.0,38950132,0.0
CAN,Canada,North America,45.4215,-75.6919,2023,100.0,40049088,0.0
CAN,Canada,North America,45.4215,-75.6919,2024,100.0,41262329,0.0
CYM,Cayman Islands,Latin America & Caribbean,19.3022,-81.3857,1990,99.846923828125,25999,39.79827392578113
CYM,Cayman Islands,Latin America & Caribbean,19.3022,-81.3857,1991,99.8788146972656,27294,33.076316528328675
CYM,Cayman Islands,Latin America & Caribbean,19.3022,-81.3857,1992,99.9102401733398,28621,25.69015998841476
CYM,Cayman Islands,Latin America & Caribbean,19.3022,-81.3857,1993,100.0,29976,0.0
CYM,Cayman Islands,Latin America & Caribbean,19.3022,-81.3857,1994,100.0,31352,0.0
CYM,Cayman Islands,Latin America & Caribbean,19.3022,-81.3857,1995,100.0,32743,0.0
CYM,Cayman Islands,Latin America & Caribbean,19.3022,-81.3857,1996,100.0,34143,0.0
CYM,Cayman Islands,Latin America & Caribbean,19.3022,-81.3857,1997,100.0,35543,0.0
CYM,Cayman Islands,Latin America & Caribbean,19.3022,-81.3857,1998,100.0,36922,0.0
CYM,Cayman Islands,Latin America & Caribbean,19.3022,-81.3857,1999,100.0,38284,0.0
CYM,Cayman Islands,Latin America & Caribbean,19.3022,-81.3857,2000,100.0,39674,0.0
CYM,Cayman Islands,Latin America & Caribbean,19.3022,-81.3857,2001,100.0,41089,0.0
CYM,Cayman Islands,Latin America & Caribbean,19.3022,-81.3857,2002,100.0,42514,0.0
CYM,Cayman Islands,Latin America & Caribbean,19.3022,-81.3857,2003,100.0,43934,0.0
CYM,Cayman Islands,Latin America & Caribbean,19.3022,-81.3857,2004,100.0,45352,0.0
CYM,Cayman Islands,Latin America & Caribbean,19.3022,-81.3857,2005,100.0,46788,0.0
CYM,Cayman Islands,Latin America & Caribbean,19.3022,-81.3857,2006,100.0,48232,0.0
CYM,Cayman Islands,Latin America & Caribbean,19.3022,-81.3857,2007,100.0,49687,0.0
CYM,Cayman Islands,Latin America & Caribbean,19.3022,-81.3857,2008,100.0,51151,0.0
CYM,Cayman Islands,Latin America & Caribbean,19.3022,-81.3857,2009,100.0,52618,0.0
CYM,Cayman Islands,Latin America & Caribbean,19.3022,-81.3857,2010,100.0,54099,0.0
CYM,Cayman Islands,Latin America & Caribbean,19.3022,-81.3857,2011,100.0,55606,0.0
CYM,Cayman Islands,Latin America & Caribbean,19.3022,-81.3857,2012,100.0,57136,0.0
CYM,Cayman Islands,Latin America & Caribbean,19.3022,-81.3857,2013,100.0,58655,0.0
CYM,Cayman Islands,Latin America & Caribbean,19.3022,-81.3857,2014,100.0,60160,0.0
CYM,Cayman Islands,Latin America & Caribbean,19.3022,-81.3857,2015,100.0,61642,0.0
CYM,Cayman Islands,Latin America & Caribbean,19.3022,-81.3857,2016,100.0,63100,0.0
CYM,Cayman Islands,Latin America & Caribbean,19.3022,-81.3857,2017,100.0,64535,0.0
CYM,Cayman Islands,Latin America & Caribbean,19.3022,-81.3857,2018,100.0,65941,0.0
CYM,Cayman Islands,Latin America & Caribbean,19.3022,-81.3857,2019,100.0,67327,0.0
CYM,Cayman Islands,Latin America & Caribbean,19.3022,-81.3857,2020,100.0,68684,0.0
CYM,Cayman Islands,Latin America & Caribbean,19.3022,-81.3857,2021,100.0,70108,0.0
CYM,Cayman Islands,Latin America & Caribbean,19.3022,-81.3857,2022,100.0,71591,0.0
CYM,Cayman Islands,Latin America & Caribbean,19.3022,-81.3857,2023,100.0,73038,0.0
CYM,Cayman Islands,Latin America & Caribbean,19.3022,-81.3857,2024,100.0,74457,0.0
CAF,Central African Republic,Sub-Saharan Africa,5.63056,21.6407,1995,3.0,3348052,3247610.44
CAF,Central African Republic,Sub-Saharan Africa,5.63056,21.6407,1996,3.33491563796997,3435965,3321378.465899825
CAF,Central African Republic,Sub-Saharan Africa,5.63056,21.6407,1997,3.83021020889282,3531700,3396428.466052532
CAF,Central African Republic,Sub-Saharan Africa,5.63056,21.6407,1998,4.32142543792725,3628827,3472009.9469236275
CAF,Central African Republic,Sub-Saharan Africa,5.63056,21.6407,1999,4.80779838562012,3729450,3550145.5631074905
CAF,Central African Republic,Sub-Saharan Africa,5.63056,21.6407,2000,6.0,3833416,3603411.0399999996
CAF,Central African Republic,Sub-Saharan Africa,5.63056,21.6407,2001,5.7,3919487,3696076.241
CAF,Central African Republic,Sub-Saharan Africa,5.63056,21.6407,2002,6.1,4006077,3761706.3030000003
CAF,Central African Republic,Sub-Saharan Africa,5.63056,21.6407,2003,6.6,4103086,3832282.3239999996
CAF,Central African Republic,Sub-Saharan Africa,5.63056,21.6407,2004,7.0,4192826,3899328.1799999997
CAF,Central African Republic,Sub-Saharan Africa,5.63056,21.6407,2005,7.4,4288810,3971438.0599999996
CAF,Central African Republic,Sub-Saharan Africa,5.63056,21.6407,2006,7.8,4377579,4036127.838
CAF,Central African Republic,Sub-Saharan Africa,5.63056,21.6407,2007,8.4,4462770,4087897.3200000003
CAF,Central African Republic,Sub-Saharan Africa,5.63056,21.6407,2008,7.5,4558984,4217060.2
CAF,Central African Republic,Sub-Saharan Africa,5.63056,21.6407,2009,9.4,4529047,4103316.582
CAF,Central African Republic,Sub-Saharan Africa,5.63056,21.6407,2010,9.8,4492995,4052681.49
CAF,Central African Republic,Sub-Saharan Africa,5.63056,21.6407,2011,10.4,4565021,4090258.816
CAF,Central African Republic,Sub-Saharan Africa,5.63056,21.6407,2012,11.0,4610848,4103654.72
CAF,Central African Republic,Sub-Saharan Africa,5.63056,21.6407,2013,11.5,4642419,4108540.815
CAF,Central African Republic,Sub-Saharan Africa,5.63056,21.6407,2014,12.0,4623182,4068400.16
CAF,Central African Republic,Sub-Saharan Africa,5.63056,21.6407,2015,12.7,4629320,4041396.36
CAF,Central African Republic,Sub-Saharan Africa,5.63056,21.6407,2016,13.4,4713663,4082032.158
CAF,Central African Republic,Sub-Saharan Africa,5.63056,21.6407,2017,14.1,4793511,4117625.949
CAF,Central African Republic,Sub-Saharan Africa,5.63056,21.6407,2018,14.6,4878657,4166373.0779999997
CAF,Central African Republic,Sub-Saharan Africa,5.63056,21.6407,2019,14.3,4944703,4237610.471
CAF,Central African Republic,Sub-Saharan Africa,5.63056,21.6407,2020,15.4,5026628,4252527.288
CAF,Central African Republic,Sub-Saharan Africa,5.63056,21.6407,2021,15.7,5112100,4309500.3
CAF,Central African Republic,Sub-Saharan Africa,5.63056,21.6407,2022,15.7,5098039,4297646.876999999
CAF,Central African Republic,Sub-Saharan Africa,5.63056,21.6407,2023,17.6,5152421,4245594.904
CAF,Central African Republic,Sub-Saharan Africa,5.63056,21.6407,2024,18.2,5330690,4360504.42
TCD,Chad,Sub-Saharan Africa,12.1048,15.0445,1997,2.3,7670366,7493947.5819999995
TCD,Chad,Sub-Saharan Africa,12.1048,15.0445,1998,2.42038726806641,7938840,7746689.327407836
TCD,Chad,Sub-Saharan Africa,12.1048,15.0445,1999,2.80621337890625,8222705,7991958.352182006
TCD,Chad,Sub-Saharan Africa,12.1048,15.0445,2000,3.1,8512093,8248218.117
TCD,Chad,Sub-Saharan Africa,12.1048,15.0445,2001,3.4,8804124,8504783.784
TCD,Chad,Sub-Saharan Africa,12.1048,15.0445,2002,3.8,9116192,8769776.704
TCD,Chad,Sub-Saharan Africa,12.1048,15.0445,2003,4.1,9487833,9098831.847
TCD,Chad,Sub-Saharan Africa,12.1048,15.0445,2004,3.5,9920036,9572834.74
TCD,Chad,Sub-Saharan Africa,12.1048,15.0445,2005,4.8,10328092,9832343.583999999
TCD,Chad,Sub-Saharan Africa,12.1048,15.0445,2006,5.1,10706424,10160396.376
TCD,Chad,Sub-Saharan Africa,12.1048,15.0445,2007,5.5,11081660,10472168.7
TCD,Chad,Sub-Saharan Africa,12.1048,15.0445,2008,5.9,11476296,10799194.536
TCD,Chad,Sub-Saharan Africa,12.1048,15.0445,2009,6.3,11893754,11144447.498000002
TCD,Chad,Sub-Saharan Africa,12.1048,15.0445,2010,6.4,12312575,11524570.2
TCD,Chad,Sub-Saharan Africa,12.1048,15.0445,2011,9.0,12754997,11607047.27
TCD,Chad,Sub-Saharan Africa,12.1048,15.0445,2012,7.8,13210998,12180540.156000001
TCD,Chad,Sub-Saharan Africa,12.1048,15.0445,2013,8.1,13691079,12582101.601
TCD,Chad,Sub-Saharan Africa,12.1048,15.0445,2014,8.4,14188678,12996829.048
TCD,Chad,Sub-Saharan Africa,12.1048,15.0445,2015,7.7,14647621,13519754.183
TCD,Chad,Sub-Saharan Africa,12.1048,15.0445,2016,9.2,15114655,13724106.74
TCD,Chad,Sub-Saharan Africa,12.1048,15.0445,2017,10.9,15622759,13919878.269
TCD,Chad,Sub-Saharan Africa,12.1048,15.0445,2018,10.1,16156531,14524721.369
TCD,Chad,Sub-Saharan Africa,12.1048,15.0445,2019,8.4,16685223,15283664.268000001
TCD,Chad,Sub-Saharan Africa,12.1048,15.0445,2020,10.9,17224679,15347188.989
TCD,Chad,Sub-Saharan Africa,12.1048,15.0445,2021,11.3,17828273,15813678.151
TCD,Chad,Sub-Saharan Africa,12.1048,15.0445,2022,11.7,18455316,16296044.028
TCD,Chad,Sub-Saharan Africa,12.1048,15.0445,2023,12.0,19319064,17000776.32
TCD,Chad,Sub-Saharan Africa,12.1048,15.0445,2024,13.4,20299123,17579040.518
CHI,Channel Islands,Europe & Central Asia,,,1990,100.0,143087,0.0
CHI,Channel Islands,Europe & Central Asia,,,1991,100.0,144269,0.0
CHI,Channel Islands,Europe & Central Asia,,,1992,100.0,144733,0.0
CHI,Channel Islands,Europe & Central Asia,,,1993,100.0,144984,0.0
CHI,Channel Islands,Europe & Central Asia,,,1994,100.0,145163,0.0
CHI,Channel Islands,Europe & Central Asia,,,1995,100.0,145247,0.0
CHI,Channel Islands,Europe & Central Asia,,,1996,100.0,145565,0.0
CHI,Channel Islands,Europe & Central Asia,,,1997,100.0,146214,0.0
CHI,Channel Islands,Europe & Central Asia,,,1998,100.0,146906,0.0
CHI,Channel Islands,Europe & Central Asia,,,1999,100.0,147554,0.0
CHI,Channel Islands,Europe & Central Asia,,,2000,100.0,148110,0.0
CHI,Channel Islands,Europe & Central Asia,,,2001,100.0,148850,0.0
CHI,Channel Islands,Europe & Central Asia,,,2002,100.0,149881,0.0
CHI,Channel Islands,Europe & Central Asia,,,2003,100.0,150960,0.0
CHI,Channel Islands,Europe & Central Asia,,,2004,100.0,152039,0.0
CHI,Channel Islands,Europe & Central Asia,,,2005,100.0,153126,0.0
CHI,Channel Islands,Europe & Central Asia,,,2006,100.0,154214,0.0
CHI,Channel Islands,Europe & Central Asia,,,2007,100.0,155309,0.0
CHI,Channel Islands,Europe & Central Asia,,,2008,100.0,156408,0.0
CHI,Channel Islands,Europe & Central Asia,,,2009,100.0,157511,0.0
CHI,Channel Islands,Europe & Central Asia,,,2010,100.0,158621,0.0
CHI,Channel Islands,Europe & Central Asia,,,2011,100.0,159706,0.0
CHI,Channel Islands,Europe & Central Asia,,,2012,100.0,160767,0.0
CHI,Channel Islands,Europe & Central Asia,,,2013,100.0,161777,0.0
CHI,Channel Islands,Europe & Central Asia,,,2014,100.0,162726,0.0
CHI,Channel Islands,Europe & Central Asia,,,2015,100.0,163454,0.0
CHI,Channel Islands,Europe & Central Asia,,,2016,100.0,163883,0.0
CHI,Channel Islands,Europe & Central Asia,,,2017,100.0,164319,0.0
CHI,Channel Islands,Europe & Central Asia,,,2018,100.0,164949,0.0
CHI,Channel Islands,Europe & Central Asia,,,2019,100.0,165639,0.0
CHI,Channel Islands,Europe & Central Asia,,,2020,100.0,166235,0.0
CHI,Channel Islands,Europe & Central Asia,,,2021,100.0,166741,0.0
CHI,Channel Islands,Europe & Central Asia,,,2022,100.0,167215,0.0
CHI,Channel Islands,Europe & Central Asia,,,2023,100.0,167691,0.0
CHI,Channel Islands,Europe & Central Asia,,,2024,100.0,168126,0.0
CHL,Chile,Latin America & Caribbean,-33.475,-70.6475,1990,92.257427,13437176,1040383.1609384796
CHL,Chile,Latin America & Caribbean,-33.475,-70.6475,1991,94.781623840332,13662491,712960.1731607851
CHL,Chile,Latin America & Caribbean,-33.475,-70.6475,1992,94.560057,13884577,755313.0745911103
CHL,Chile,Latin America & Caribbean,-33.475,-70.6475,1993,95.2737274169922,14102276,666512.0041680884
CHL,Chile,Latin America & Caribbean,-33.475,-70.6475,1994,95.5180740356445,14316256,641643.9947876012
CHL,Chile,Latin America & Caribbean,-33.475,-70.6475,1995,95.760383605957,14527381,615905.2265010879
CHL,Chile,Latin America & Caribbean,-33.475,-70.6475,1996,95.617315,14734046,645746.8239350996
CHL,Chile,Latin America & Caribbean,-33.475,-70.6475,1997,96.2361679077148,14932434,562031.7430513069
CHL,Chile,Latin America & Caribbean,-33.475,-70.6475,1998,97.241124,15127799,417357.21593923983
CHL,Chile,Latin America & Caribbean,-33.475,-70.6475,1999,96.6955490112305,15319313,506219.189901195
CHL,Chile,Latin America & Caribbean,-33.475,-70.6475,2000,97.9,15503635,325576.33499999857
CHL,Chile,Latin America & Caribbean,-33.475,-70.6475,2001,97.1,15683849,454831.6210000004
CHL,Chile,Latin America & Caribbean,-33.475,-70.6475,2002,97.3,15857925,428163.9750000004
CHL,Chile,Latin America & Caribbean,-33.475,-70.6475,2003,98.8,16024752,192297.02400000018
CHL,Chile,Latin America & Caribbean,-33.475,-70.6475,2004,97.5,16187322,404683.05000000034
CHL,Chile,Latin America & Caribbean,-33.475,-70.6475,2005,97.7,16348778,376021.8940000003
CHL,Chile,Latin America & Caribbean,-33.475,-70.6475,2006,99.4,16509195,99055.16999999825
CHL,Chile,Latin America & Caribbean,-33.475,-70.6475,2007,98.0,16671581,333431.6200000003
CHL,Chile,Latin America & Caribbean,-33.475,-70.6475,2008,98.2,16838988,303101.7840000003
CHL,Chile,Latin America & Caribbean,-33.475,-70.6475,2009,99.6,17009731,68038.92400000006
CHL,Chile,Latin America & Caribbean,-33.475,-70.6475,2010,99.5,17181464,85907.32000000008
CHL,Chile,Latin America & Caribbean,-33.475,-70.6475,2011,99.6,17351816,69407.26400000007
CHL,Chile,Latin America & Caribbean,-33.475,-70.6475,2012,100.0,17519119,0.0
CHL,Chile,Latin America & Caribbean,-33.475,-70.6475,2013,99.6,17687006,70748.02400000006
CHL,Chile,Latin America & Caribbean,-33.475,-70.6475,2014,100.0,17864195,0.0
CHL,Chile,Latin America & Caribbean,-33.475,-70.6475,2015,99.7,18047625,54142.87500000005
CHL,Chile,Latin America & Caribbean,-33.475,-70.6475,2016,100.0,18267221,0.0
CHL,Chile,Latin America & Caribbean,-33.475,-70.6475,2017,99.7,18558868,55676.60400000005
CHL,Chile,Latin America & Caribbean,-33.475,-70.6475,2018,100.0,18893191,0.0
CHL,Chile,Latin America & Caribbean,-33.475,-70.6475,2019,100.0,19197744,0.0
CHL,Chile,Latin America & Caribbean,-33.475,-70.6475,2020,100.0,19370624,0.0
CHL,Chile,Latin America & Caribbean,-33.475,-70.6475,2021,100.0,19456334,0.0
CHL,Chile,Latin America & Caribbean,-33.475,-70.6475,2022,100.0,19553036,0.0
CHL,Chile,Latin America & Caribbean,-33.475,-70.6475,2023,100.0,19658835,0.0
CHL,Chile,Latin America & Caribbean,-33.475,-70.6475,2024,99.0,19764771,197647.71000000017
CHN,China,East Asia & Pacific,40.0495,116.286,2000,96.7,1262645000,41667284.999999896
CHN,China,East Asia & Pacific,40.0495,116.286,2001,97.0,1271850000,38155500.00000004
CHN,China,East Asia & Pacific,40.0495,116.286,2002,97.2,1280400000,35851200.00000003
CHN,China,East Asia & Pacific,40.0495,116.286,2003,97.4,1288400000,33498399.99999989
CHN,China,East Asia & Pacific,40.0495,116.286,2004,97.7,1296075000,29809725.000000026
CHN,China,East Asia & Pacific,40.0495,116.286,2005,97.9,1303720000,27378119.99999988
CHN,China,East Asia & Pacific,40.0495,116.286,2006,98.2,1311020000,23598360.000000022
CHN,China,East Asia & Pacific,40.0495,116.286,2007,98.5,1317885000,19768275.00000002
CHN,China,East Asia & Pacific,40.0495,116.286,2008,98.8,1324655000,15895860.000000015
CHN,China,East Asia & Pacific,40.0495,116.286,2009,99.1,1331260000,11981340.000000011
CHN,China,East Asia & Pacific,40.0495,116.286,2010,99.7,1337705000,4013115.0000000037
CHN,China,East Asia & Pacific,40.0495,116.286,2011,99.9,1345035000,1345034.999999852
CHN,China,East Asia & Pacific,40.0495,116.286,2012,99.9,1354190000,1354189.9999998508
CHN,China,East Asia & Pacific,40.0495,116.286,2013,100.0,1363240000,0.0
CHN,China,East Asia & Pacific,40.0495,116.286,2014,100.0,1371860000,0.0
CHN,China,East Asia & Pacific,40.0495,116.286,2015,100.0,1379860000,0.0
CHN,China,East Asia & Pacific,40.0495,116.286,2016,100.0,1387790000,0.0
CHN,China,East Asia & Pacific,40.0495,116.286,2017,100.0,1396215000,0.0
CHN,China,East Asia & Pacific,40.0495,116.286,2018,100.0,1402760000,0.0
CHN,China,East Asia & Pacific,40.0495,116.286,2019,100.0,1407745000,0.0
CHN,China,East Asia & Pacific,40.0495,116.286,2020,100.0,1411100000,0.0
CHN,China,East Asia & Pacific,40.0495,116.286,2021,100.0,1412360000,0.0
CHN,China,East Asia & Pacific,40.0495,116.286,2022,100.0,1412175000,0.0
CHN,China,East Asia & Pacific,40.0495,116.286,2023,100.0,1410710000,0.0
CHN,China,East Asia & Pacific,40.0495,116.286,2024,100.0,1408975000,0.0
COL,Colombia,Latin America & Caribbean,4.60987,-74.082,1990,89.9,32440069,3276446.968999999
COL,Colombia,Latin America & Caribbean,4.60987,-74.082,1991,91.8366546630859,33098372,2701934.4072564845
COL,Colombia,Latin America & Caribbean,4.60987,-74.082,1992,92.1326599121094,33760571,2656058.936183767
COL,Colombia,Latin America & Caribbean,4.60987,-74.082,1993,92.4279937744141,34441473,2607910.479743484
COL,Colombia,Latin America & Caribbean,4.60987,-74.082,1994,92.7219619750977,35127410,2556586.256963333
COL,Colombia,Latin America & Caribbean,4.60987,-74.082,1995,91.2,35804662,3150810.2559999987
COL,Colombia,Latin America & Caribbean,4.60987,-74.082,1996,93.3031005859375,36462745,2441873.356256102
COL,Colombia,Latin America & Caribbean,4.60987,-74.082,1997,93.5889129638672,37121149,2379869.171202541
COL,Colombia,Latin America & Caribbean,4.60987,-74.082,1998,93.8706436157227,37792165,2316416.4781841096
COL,Colombia,Latin America & Caribbean,4.60987,-74.082,1999,94.1475296020508,38454863,2250559.4736469216
COL,Colombia,Latin America & Caribbean,4.60987,-74.082,2000,95.2,39089934,1876316.8319999974
COL,Colombia,Latin America & Caribbean,4.60987,-74.082,2001,98.5,39709262,595638.9300000005
COL,Colombia,Latin America & Caribbean,4.60987,-74.082,2002,94.9,40324680,2056558.6799999974
COL,Colombia,Latin America & Caribbean,4.60987,-74.082,2003,95.1,40937429,2005934.0210000018
COL,Colombia,Latin America & Caribbean,4.60987,-74.082,2004,95.3,41543171,1952529.0370000016
COL,Colombia,Latin America & Caribbean,4.60987,-74.082,2005,96.8,42128977,1348127.2640000011
COL,Colombia,Latin America & Caribbean,4.60987,-74.082,2006,95.7,42691084,1835716.611999997
COL,Colombia,Latin America & Caribbean,4.60987,-74.082,2007,96.0,43235374,1729414.9600000016
COL,Colombia,Latin America & Caribbean,4.60987,-74.082,2008,96.8,43758808,1400281.8560000013
COL,Colombia,Latin America & Caribbean,4.60987,-74.082,2009,96.1,44271541,1726590.0990000016
COL,Colombia,Latin America & Caribbean,4.60987,-74.082,2010,96.8,44777319,1432874.2080000013
COL,Colombia,Latin America & Caribbean,4.60987,-74.082,2011,96.7,45259614,1493567.2619999964
COL,Colombia,Latin America & Caribbean,4.60987,-74.082,2012,97.0,45715810,1371474.3000000012
COL,Colombia,Latin America & Caribbean,4.60987,-74.082,2013,97.8,46151584,1015334.8480000009
COL,Colombia,Latin America & Caribbean,4.60987,-74.082,2014,97.8,46565429,1024439.4380000009
COL,Colombia,Latin America & Caribbean,4.60987,-74.082,2015,98.2,46969940,845458.9200000007
COL,Colombia,Latin America & Caribbean,4.60987,-74.082,2016,98.4,47437512,759000.1919999954
COL,Colombia,Latin America & Caribbean,4.60987,-74.082,2017,98.5,48131078,721966.1700000006
COL,Colombia,Latin America & Caribbean,4.60987,-74.082,2018,98.5,49024465,735366.9750000007
COL,Colombia,Latin America & Caribbean,4.60987,-74.082,2019,99.4,49907985,299447.90999999474
COL,Colombia,Latin America & Caribbean,4.60987,-74.082,2020,99.7,50629997,151889.99100000013
COL,Colombia,Latin America & Caribbean,4.60987,-74.082,2021,100.0,51188173,0.0
COL,Colombia,Latin America & Caribbean,4.60987,-74.082,2022,100.0,51737944,0.0
COL,Colombia,Latin America & Caribbean,4.60987,-74.082,2023,98.7,52321152,680174.9760000006
COL,Colombia,Latin America & Caribbean,4.60987,-74.082,2024,98.9,52886363,581749.9929999947
COM,Comoros,Sub-Saharan Africa,-11.6986,43.2418,1996,28.9,499107,354865.07700000005
COM,Comoros,Sub-Saharan Africa,-11.6986,43.2418,1997,32.7624130249023,507777,341417.0020145418
COM,Comoros,Sub-Saharan Africa,-11.6986,43.2418,1998,35.0945281982422,516597,335299.7201637267
COM,Comoros,Sub-Saharan Africa,-11.6986,43.2418,1999,37.421802520752,525886,329089.97959571815
COM,Comoros,Sub-Saharan Africa,-11.6986,43.2418,2000,39.8,536080,322720.16000000003
COM,Comoros,Sub-Saharan Africa,-11.6986,43.2418,2001,42.0,547220,317387.60000000003
COM,Comoros,Sub-Saharan Africa,-11.6986,43.2418,2002,44.8,558923,308525.49600000004
COM,Comoros,Sub-Saharan Africa,-11.6986,43.2418,2003,46.5,569798,304841.92999999993
COM,Comoros,Sub-Saharan Africa,-11.6986,43.2418,2004,48.7,580704,297901.15199999994
COM,Comoros,Sub-Saharan Africa,-11.6986,43.2418,2005,51.0,592677,290411.73
COM,Comoros,Sub-Saharan Africa,-11.6986,43.2418,2006,53.2,604753,283024.404
COM,Comoros,Sub-Saharan Africa,-11.6986,43.2418,2007,55.5,616927,274532.51499999996
COM,Comoros,Sub-Saharan Africa,-11.6986,43.2418,2008,57.8,629307,265567.554
COM,Comoros,Sub-Saharan Africa,-11.6986,43.2418,2009,60.1,641947,256136.853
COM,Comoros,Sub-Saharan Africa,-11.6986,43.2418,2010,69.7,654836,198415.30799999996
COM,Comoros,Sub-Saharan Africa,-11.6986,43.2418,2011,69.3,668056,205093.19200000004
COM,Comoros,Sub-Saharan Africa,-11.6986,43.2418,2012,69.3,681630,209260.41000000003
COM,Comoros,Sub-Saharan Africa,-11.6986,43.2418,2013,69.4,696192,213034.75199999995
COM,Comoros,Sub-Saharan Africa,-11.6986,43.2418,2014,71.8,711503,200643.84600000002
COM,Comoros,Sub-Saharan Africa,-11.6986,43.2418,2015,74.1,726682,188210.638
COM,Comoros,Sub-Saharan Africa,-11.6986,43.2418,2016,76.4,741741,175050.876
COM,Comoros,Sub-Saharan Africa,-11.6986,43.2418,2017,78.7,756669,161170.49699999997
COM,Comoros,Sub-Saharan Africa,-11.6986,43.2418,2018,81.0,771590,146602.09999999995
COM,Comoros,Sub-Saharan Africa,-11.6986,43.2418,2019,83.3,786578,131358.52600000004
COM,Comoros,Sub-Saharan Africa,-11.6986,43.2418,2020,85.6,802163,115511.47200000001
COM,Comoros,Sub-Saharan Africa,-11.6986,43.2418,2021,87.9,818174,98999.054
COM,Comoros,Sub-Saharan Africa,-11.6986,43.2418,2022,89.9,834188,84252.98799999998
COM,Comoros,Sub-Saharan Africa,-11.6986,43.2418,2023,89.8,850387,86739.47399999999
COM,Comoros,Sub-Saharan Africa,-11.6986,43.2418,2024,91.7,866628,71930.12399999997
COD,"Congo, Dem. Rep.",Sub-Saharan Africa,-4.325,15.3222,2000,6.7,50507442,47123443.386
COD,"Congo, Dem. Rep.",Sub-Saharan Africa,-4.325,15.3222,2001,7.1,52132646,48431228.134
COD,"Congo, Dem. Rep.",Sub-Saharan Africa,-4.325,15.3222,2002,7.7,53750524,49611733.652
COD,"Congo, Dem. Rep.",Sub-Saharan Africa,-4.325,15.3222,2003,8.3,55343867,50750326.039000005
COD,"Congo, Dem. Rep.",Sub-Saharan Africa,-4.325,15.3222,2004,9.0,56997741,51867944.31
COD,"Congo, Dem. Rep.",Sub-Saharan Africa,-4.325,15.3222,2005,6.0,58775724,55249180.559999995
COD,"Congo, Dem. Rep.",Sub-Saharan Africa,-4.325,15.3222,2006,10.2,60615908,54433085.384
COD,"Congo, Dem. Rep.",Sub-Saharan Africa,-4.325,15.3222,2007,15.2,62477752,52981133.695999995
COD,"Congo, Dem. Rep.",Sub-Saharan Africa,-4.325,15.3222,2008,11.6,64390664,56921346.976
COD,"Congo, Dem. Rep.",Sub-Saharan Africa,-4.325,15.3222,2009,12.3,66412044,58243362.588
COD,"Congo, Dem. Rep.",Sub-Saharan Africa,-4.325,15.3222,2010,13.0,68563038,59649843.06
COD,"Congo, Dem. Rep.",Sub-Saharan Africa,-4.325,15.3222,2011,13.7,70849311,61142955.393
COD,"Congo, Dem. Rep.",Sub-Saharan Africa,-4.325,15.3222,2012,15.4,73254618,61973406.828
COD,"Congo, Dem. Rep.",Sub-Saharan Africa,-4.325,15.3222,2013,15.2,75789395,64269406.96
COD,"Congo, Dem. Rep.",Sub-Saharan Africa,-4.325,15.3222,2014,13.5,78403242,67818804.33
COD,"Congo, Dem. Rep.",Sub-Saharan Africa,-4.325,15.3222,2015,16.6,81035531,67583632.854
COD,"Congo, Dem. Rep.",Sub-Saharan Africa,-4.325,15.3222,2016,17.3,83956415,69431955.205
COD,"Congo, Dem. Rep.",Sub-Saharan Africa,-4.325,15.3222,2017,18.0,87083398,71408386.36
COD,"Congo, Dem. Rep.",Sub-Saharan Africa,-4.325,15.3222,2018,18.7,90047644,73208734.572
COD,"Congo, Dem. Rep.",Sub-Saharan Africa,-4.325,15.3222,2019,19.1,92947442,75194480.578
COD,"Congo, Dem. Rep.",Sub-Saharan Africa,-4.325,15.3222,2020,20.1,95989998,76696008.402
COD,"Congo, Dem. Rep.",Sub-Saharan Africa,-4.325,15.3222,2021,20.8,99148932,78525954.14400001
COD,"Congo, Dem. Rep.",Sub-Saharan Africa,-4.325,15.3222,2022,21.5,102396968,80381619.88000001
COD,"Congo, Dem. Rep.",Sub-Saharan Africa,-4.325,15.3222,2023,22.1,105789731,82410200.449
COD,"Congo, Dem. Rep.",Sub-Saharan Africa,-4.325,15.3222,2024,22.5,109276265,84689105.375
COG,"Congo, Rep.",Sub-Saharan Africa,-4.2767,15.2662,2000,29.4,3151345,2224849.57
COG,"Congo, Rep.",Sub-Saharan Africa,-4.2767,15.2662,2001,30.3,3272537,2280958.2890000003
COG,"Congo, Rep.",Sub-Saharan Africa,-4.2767,15.2662,2002,31.2,3350771,2305330.448
COG,"Congo, Rep.",Sub-Saharan Africa,-4.2767,15.2662,2003,32.1,3445753,2339666.287
COG,"Congo, Rep.",Sub-Saharan Africa,-4.2767,15.2662,2004,33.0,3565554,2388921.1799999997
COG,"Congo, Rep.",Sub-Saharan Africa,-4.2767,15.2662,2005,33.8,3696393,2447012.166
COG,"Congo, Rep.",Sub-Saharan Africa,-4.2767,15.2662,2006,34.9,3837409,2498153.259
COG,"Congo, Rep.",Sub-Saharan Africa,-4.2767,15.2662,2007,35.8,3980430,2555436.06
COG,"Congo, Rep.",Sub-Saharan Africa,-4.2767,15.2662,2008,36.8,4113517,2599742.744
COG,"Congo, Rep.",Sub-Saharan Africa,-4.2767,15.2662,2009,37.1,4281219,2692886.751
COG,"Congo, Rep.",Sub-Saharan Africa,-4.2767,15.2662,2010,40.0,4462290,2677374.0
COG,"Congo, Rep.",Sub-Saharan Africa,-4.2767,15.2662,2011,40.8,4609724,2728956.6080000005
COG,"Congo, Rep.",Sub-Saharan Africa,-4.2767,15.2662,2012,41.6,4740450,2768422.8
COG,"Congo, Rep.",Sub-Saharan Africa,-4.2767,15.2662,2013,42.5,4857099,2792831.925
COG,"Congo, Rep.",Sub-Saharan Africa,-4.2767,15.2662,2014,43.4,4975880,2816348.08
COG,"Congo, Rep.",Sub-Saharan Africa,-4.2767,15.2662,2015,44.3,5097581,2839352.617
COG,"Congo, Rep.",Sub-Saharan Africa,-4.2767,15.2662,2016,45.3,5222536,2856727.1920000003
COG,"Congo, Rep.",Sub-Saharan Africa,-4.2767,15.2662,2017,46.2,5351011,2878843.918
COG,"Congo, Rep.",Sub-Saharan Africa,-4.2767,15.2662,2018,47.0,5483118,2906052.54
COG,"Congo, Rep.",Sub-Saharan Africa,-4.2767,15.2662,2019,47.7,5616661,2937513.7029999993
COG,"Congo, Rep.",Sub-Saharan Africa,-4.2767,15.2662,2020,48.7,5752791,2951181.7829999994
COG,"Congo, Rep.",Sub-Saharan Africa,-4.2767,15.2662,2021,49.7,5892183,2963768.048999999
COG,"Congo, Rep.",Sub-Saharan Africa,-4.2767,15.2662,2022,50.6,6035104,2981341.376
COG,"Congo, Rep.",Sub-Saharan Africa,-4.2767,15.2662,2023,51.3,6182885,3011064.995
COG,"Congo, Rep.",Sub-Saharan Africa,-4.2767,15.2662,2024,53.0,6332961,2976491.67
CRI,Costa Rica,Latin America & Caribbean,9.63701,-84.0089,2000,96.9,3937739,122069.90899999966
CRI,Costa Rica,Latin America & Caribbean,9.63701,-84.0089,2001,98.2,4008947,72161.04600000006
CRI,Costa Rica,Latin America & Caribbean,9.63701,-84.0089,2002,98.5,4075705,61135.575000000055
CRI,Costa Rica,Latin America & Caribbean,9.63701,-84.0089,2003,98.7,4138784,53804.19200000005
CRI,Costa Rica,Latin America & Caribbean,9.63701,-84.0089,2004,99.0,4200078,42000.780000000035
CRI,Costa Rica,Latin America & Caribbean,9.63701,-84.0089,2005,99.1,4261240,38351.16000000003
CRI,Costa Rica,Latin America & Caribbean,9.63701,-84.0089,2006,99.1,4321340,38892.060000000034
CRI,Costa Rica,Latin America & Caribbean,9.63701,-84.0089,2007,99.2,4380248,35041.98400000003
CRI,Costa Rica,Latin America & Caribbean,9.63701,-84.0089,2008,99.3,4440056,31080.39200000003
CRI,Costa Rica,Latin America & Caribbean,9.63701,-84.0089,2009,99.4,4499791,26998.745999999523
CRI,Costa Rica,Latin America & Caribbean,9.63701,-84.0089,2010,99.0,4555962,45559.62000000004
CRI,Costa Rica,Latin America & Caribbean,9.63701,-84.0089,2011,99.2,4609833,36878.66400000003
CRI,Costa Rica,Latin America & Caribbean,9.63701,-84.0089,2012,99.5,4663934,23319.67000000002
CRI,Costa Rica,Latin America & Caribbean,9.63701,-84.0089,2013,99.6,4716147,18864.588000000018
CRI,Costa Rica,Latin America & Caribbean,9.63701,-84.0089,2014,99.4,4767119,28602.713999999498
CRI,Costa Rica,Latin America & Caribbean,9.63701,-84.0089,2015,99.4,4818038,28908.22799999949
CRI,Costa Rica,Latin America & Caribbean,9.63701,-84.0089,2016,99.5,4866998,24334.990000000023
CRI,Costa Rica,Latin America & Caribbean,9.63701,-84.0089,2017,99.6,4913177,19652.708000000017
CRI,Costa Rica,Latin America & Caribbean,9.63701,-84.0089,2018,99.7,4957818,14873.454000000012
CRI,Costa Rica,Latin America & Caribbean,9.63701,-84.0089,2019,99.7,4999553,14998.659000000014
CRI,Costa Rica,Latin America & Caribbean,9.63701,-84.0089,2020,99.9,5034320,5034.319999999446
CRI,Costa Rica,Latin America & Caribbean,9.63701,-84.0089,2021,100.0,5059988,0.0
CRI,Costa Rica,Latin America & Caribbean,9.63701,-84.0089,2022,100.0,5081765,0.0
CRI,Costa Rica,Latin America & Caribbean,9.63701,-84.0089,2023,100.0,5105525,0.0
CRI,Costa Rica,Latin America & Caribbean,9.63701,-84.0089,2024,99.8,5129910,10259.820000000009
CIV,Cote d'Ivoire,Sub-Saharan Africa,5.332,-4.0305,1994,36.5,14287201,9072372.635
CIV,Cote d'Ivoire,Sub-Saharan Africa,5.332,-4.0305,1995,43.6312522888184,14855565,8373895.955920595
CIV,Cote d'Ivoire,Sub-Saharan Africa,5.332,-4.0305,1996,44.6482124328613,15442312,8547595.733694768
CIV,Cote d'Ivoire,Sub-Saharan Africa,5.332,-4.0305,1997,45.6617698669434,16047170,8719748.164442819
CIV,Cote d'Ivoire,Sub-Saharan Africa,5.332,-4.0305,1998,46.6712455749512,16663948,8886675.906437833
CIV,Cote d'Ivoire,Sub-Saharan Africa,5.332,-4.0305,1999,48.2,17215935,8917854.33
CIV,Cote d'Ivoire,Sub-Saharan Africa,5.332,-4.0305,2000,48.7,17699004,9079589.051999997
CIV,Cote d'Ivoire,Sub-Saharan Africa,5.332,-4.0305,2001,49.7,18178913,9143993.238999998
CIV,Cote d'Ivoire,Sub-Saharan Africa,5.332,-4.0305,2002,51.4,18654771,9066218.706
CIV,Cote d'Ivoire,Sub-Saharan Africa,5.332,-4.0305,2003,51.5,19125542,9275887.87
CIV,Cote d'Ivoire,Sub-Saharan Africa,5.332,-4.0305,2004,52.4,19595000,9327220.0
CIV,Cote d'Ivoire,Sub-Saharan Africa,5.332,-4.0305,2005,58.9,20068458,8248136.238000001
CIV,Cote d'Ivoire,Sub-Saharan Africa,5.332,-4.0305,2006,60.2,20546802,8177627.196
CIV,Cote d'Ivoire,Sub-Saharan Africa,5.332,-4.0305,2007,55.3,21030558,9400659.426
CIV,Cote d'Ivoire,Sub-Saharan Africa,5.332,-4.0305,2008,60.3,21514439,8541232.283
CIV,Cote d'Ivoire,Sub-Saharan Africa,5.332,-4.0305,2009,57.3,21997940,9393120.38
CIV,Cote d'Ivoire,Sub-Saharan Africa,5.332,-4.0305,2010,58.4,22488065,9355035.040000001
CIV,Cote d'Ivoire,Sub-Saharan Africa,5.332,-4.0305,2011,55.8,22982000,10158044.000000002
CIV,Cote d'Ivoire,Sub-Saharan Africa,5.332,-4.0305,2012,55.8,23467078,10372448.476000002
CIV,Cote d'Ivoire,Sub-Saharan Africa,5.332,-4.0305,2013,61.5,23939775,9216813.375
CIV,Cote d'Ivoire,Sub-Saharan Africa,5.332,-4.0305,2014,61.9,24527395,9344937.495000001
CIV,Cote d'Ivoire,Sub-Saharan Africa,5.332,-4.0305,2015,62.6,25246342,9442131.908
CIV,Cote d'Ivoire,Sub-Saharan Africa,5.332,-4.0305,2016,64.3,25989405,9278217.584999999
CIV,Cote d'Ivoire,Sub-Saharan Africa,5.332,-4.0305,2017,65.6,26733372,9196279.968000002
CIV,Cote d'Ivoire,Sub-Saharan Africa,5.332,-4.0305,2018,67.1,27464173,9035712.917000001
CIV,Cote d'Ivoire,Sub-Saharan Africa,5.332,-4.0305,2019,68.6,28193009,8852604.826000001
CIV,Cote d'Ivoire,Sub-Saharan Africa,5.332,-4.0305,2020,69.9,28915449,8703550.148999998
CIV,Cote d'Ivoire,Sub-Saharan Africa,5.332,-4.0305,2021,71.1,29639736,8565883.704000002
CIV,Cote d'Ivoire,Sub-Saharan Africa,5.332,-4.0305,2022,70.4,30395002,8996920.591999998
CIV,Cote d'Ivoire,Sub-Saharan Africa,5.332,-4.0305,2023,72.4,31165654,8601720.503999997
CIV,Cote d'Ivoire,Sub-Saharan Africa,5.332,-4.0305,2024,72.9,31934230,8654176.329999996
HRV,Croatia,Europe & Central Asia,45.8069,15.9614,1990,100.0,4777368,0.0
HRV,Croatia,Europe & Central Asia,45.8069,15.9614,1991,100.0,4689022,0.0
HRV,Croatia,Europe & Central Asia,45.8069,15.9614,1992,100.0,4575818,0.0
HRV,Croatia,Europe & Central Asia,45.8069,15.9614,1993,100.0,4600463,0.0
HRV,Croatia,Europe & Central Asia,45.8069,15.9614,1994,100.0,4652024,0.0
HRV,Croatia,Europe & Central Asia,45.8069,15.9614,1995,100.0,4620030,0.0
HRV,Croatia,Europe & Central Asia,45.8069,15.9614,1996,100.0,4557097,0.0
HRV,Croatia,Europe & Central Asia,45.8069,15.9614,1997,100.0,4534920,0.0
HRV,Croatia,Europe & Central Asia,45.8069,15.9614,1998,100.0,4532135,0.0
HRV,Croatia,Europe & Central Asia,45.8069,15.9614,1999,100.0,4512597,0.0
HRV,Croatia,Europe & Central Asia,45.8069,15.9614,2000,100.0,4468302,0.0
HRV,Croatia,Europe & Central Asia,45.8069,15.9614,2001,100.0,4299642,0.0
HRV,Croatia,Europe & Central Asia,45.8069,15.9614,2002,100.0,4302174,0.0
HRV,Croatia,Europe & Central Asia,45.8069,15.9614,2003,100.0,4303399,0.0
HRV,Croatia,Europe & Central Asia,45.8069,15.9614,2004,99.9,4304600,4304.599999999526
HRV,Croatia,Europe & Central Asia,45.8069,15.9614,2005,99.9,4310145,4310.144999999526
HRV,Croatia,Europe & Central Asia,45.8069,15.9614,2006,99.8,4311159,8622.318000000008
HRV,Croatia,Europe & Central Asia,45.8069,15.9614,2007,99.8,4310217,8620.434000000008
HRV,Croatia,Europe & Central Asia,45.8069,15.9614,2008,100.0,4309705,0.0
HRV,Croatia,Europe & Central Asia,45.8069,15.9614,2009,100.0,4305181,0.0
HRV,Croatia,Europe & Central Asia,45.8069,15.9614,2010,100.0,4295427,0.0
HRV,Croatia,Europe & Central Asia,45.8069,15.9614,2011,100.0,4280622,0.0
HRV,Croatia,Europe & Central Asia,45.8069,15.9614,2012,100.0,4260368,0.0
HRV,Croatia,Europe & Central Asia,45.8069,15.9614,2013,100.0,4233922,0.0
HRV,Croatia,Europe & Central Asia,45.8069,15.9614,2014,100.0,4201598,0.0
HRV,Croatia,Europe & Central Asia,45.8069,15.9614,2015,100.0,4151725,0.0
HRV,Croatia,Europe & Central Asia,45.8069,15.9614,2016,100.0,4106867,0.0
HRV,Croatia,Europe & Central Asia,45.8069,15.9614,2017,100.0,4041407,0.0
HRV,Croatia,Europe & Central Asia,45.8069,15.9614,2018,100.0,3988775,0.0
HRV,Croatia,Europe & Central Asia,45.8069,15.9614,2019,100.0,3949390,0.0
HRV,Croatia,Europe & Central Asia,45.8069,15.9614,2020,100.0,3914206,0.0
HRV,Croatia,Europe & Central Asia,45.8069,15.9614,2021,100.0,3878981,0.0
HRV,Croatia,Europe & Central Asia,45.8069,15.9614,2022,100.0,3855641,0.0
HRV,Croatia,Europe & Central Asia,45.8069,15.9614,2023,100.0,3859686,0.0
HRV,Croatia,Europe & Central Asia,45.8069,15.9614,2024,100.0,3866200,0.0
CUB,Cuba,Latin America & Caribbean,23.1333,-82.3667,2000,97.0,11109109,333273.2700000003
CUB,Cuba,Latin America & Caribbean,23.1333,-82.3667,2001,96.2,11144132,423477.01599999913
CUB,Cuba,Latin America & Caribbean,23.1333,-82.3667,2002,95.5,11177418,502983.81000000046
CUB,Cuba,Latin America & Caribbean,23.1333,-82.3667,2003,96.5,11209383,392328.4050000004
CUB,Cuba,Latin America & Caribbean,23.1333,-82.3667,2004,96.6,11238756,382117.7040000003
CUB,Cuba,Latin America & Caribbean,23.1333,-82.3667,2005,96.8,11262554,360401.7280000003
CUB,Cuba,Latin America & Caribbean,23.1333,-82.3667,2006,96.9,11278550,349635.04999999906
CUB,Cuba,Latin America & Caribbean,23.1333,-82.3667,2007,97.1,11287272,327330.88800000027
CUB,Cuba,Latin America & Caribbean,23.1333,-82.3667,2008,97.3,11291762,304877.57400000026
CUB,Cuba,Latin America & Caribbean,23.1333,-82.3667,2009,97.6,11294719,271073.2560000002
CUB,Cuba,Latin America & Caribbean,23.1333,-82.3667,2010,97.8,11297409,248542.99800000023
CUB,Cuba,Latin America & Caribbean,23.1333,-82.3667,2011,98.0,11301571,226031.4200000002
CUB,Cuba,Latin America & Caribbean,23.1333,-82.3667,2012,98.3,11303175,192153.97500000018
CUB,Cuba,Latin America & Caribbean,23.1333,-82.3667,2013,98.5,11298167,169472.50500000015
CUB,Cuba,Latin America & Caribbean,23.1333,-82.3667,2014,98.7,11285775,146715.07500000013
CUB,Cuba,Latin America & Caribbean,23.1333,-82.3667,2015,99.0,11275065,112750.6500000001
CUB,Cuba,Latin America & Caribbean,23.1333,-82.3667,2016,99.2,11265612,90124.89600000008
CUB,Cuba,Latin America & Caribbean,23.1333,-82.3667,2017,99.4,11247829,67486.97399999881
CUB,Cuba,Latin America & Caribbean,23.1333,-82.3667,2018,99.6,11227118,44908.47200000004
CUB,Cuba,Latin America & Caribbean,23.1333,-82.3667,2019,99.8,11202846,22405.69200000002
CUB,Cuba,Latin America & Caribbean,23.1333,-82.3667,2020,99.9,11176354,11176.35399999877
CUB,Cuba,Latin America & Caribbean,23.1333,-82.3667,2021,100.0,11122168,0.0
CUB,Cuba,Latin America & Caribbean,23.1333,-82.3667,2022,100.0,11059820,0.0
CUB,Cuba,Latin America & Caribbean,23.1333,-82.3667,2023,100.0,11019931,0.0
CUB,Cuba,Latin America & Caribbean,23.1333,-82.3667,2024,100.0,10979783,0.0
CUW,Curacao,Latin America & Caribbean,,,1990,100.0,145400,0.0
CUW,Curacao,Latin America & Caribbean,,,1991,100.0,144403,0.0
CUW,Curacao,Latin America & Caribbean,,,1992,100.0,143912,0.0
CUW,Curacao,Latin America & Caribbean,,,1993,100.0,144299,0.0
CUW,Curacao,Latin America & Caribbean,,,1994,100.0,144630,0.0
CUW,Curacao,Latin America & Caribbean,,,1995,100.0,145139,0.0
CUW,Curacao,Latin America & Caribbean,,,1996,100.0,146306,0.0
CUW,Curacao,Latin America & Caribbean,,,1997,100.0,146956,0.0
CUW,Curacao,Latin America & Caribbean,,,1998,100.0,144472,0.0
CUW,Curacao,Latin America & Caribbean,,,1999,100.0,139428,0.0
CUW,Curacao,Latin America & Caribbean,,,2000,100.0,133860,0.0
CUW,Curacao,Latin America & Caribbean,,,2001,99.9,129047,129.0469999999858
CUW,Curacao,Latin America & Caribbean,,,2002,99.9,129205,129.20499999998577
CUW,Curacao,Latin America & Caribbean,,,2003,99.8,131897,263.7940000000002
CUW,Curacao,Latin America & Caribbean,,,2004,99.8,134192,268.38400000000024
CUW,Curacao,Latin America & Caribbean,,,2005,99.7,137658,412.9740000000004
CUW,Curacao,Latin America & Caribbean,,,2006,99.7,141239,423.7170000000004
CUW,Curacao,Latin America & Caribbean,,,2007,99.7,144056,432.1680000000004
CUW,Curacao,Latin America & Caribbean,,,2008,99.7,145880,437.6400000000004
CUW,Curacao,Latin America & Caribbean,,,2009,99.7,146833,440.49900000000036
CUW,Curacao,Latin America & Caribbean,,,2010,100.0,148703,0.0
CUW,Curacao,Latin America & Caribbean,,,2011,100.0,150831,0.0
CUW,Curacao,Latin America & Caribbean,,,2012,100.0,152088,0.0
CUW,Curacao,Latin America & Caribbean,,,2013,100.0,153822,0.0
CUW,Curacao,Latin America & Caribbean,,,2014,100.0,155909,0.0
CUW,Curacao,Latin America & Caribbean,,,2015,100.0,157980,0.0
CUW,Curacao,Latin America & Caribbean,,,2016,100.0,159664,0.0
CUW,Curacao,Latin America & Caribbean,,,2017,100.0,160175,0.0
CUW,Curacao,Latin America & Caribbean,,,2018,100.0,159336,0.0
CUW,Curacao,Latin America & Caribbean,,,2019,100.0,157441,0.0
CUW,Curacao,Latin America & Caribbean,,,2020,100.0,155482,0.0
CUW,Curacao,Latin America & Caribbean,,,2021,100.0,153948,0.0
CUW,Curacao,Latin America & Caribbean,,,2022,100.0,153321,0.0
CUW,Curacao,Latin America & Caribbean,,,2023,100.0,154654,0.0
CUW,Curacao,Latin America & Caribbean,,,2024,100.0,155967,0.0
CYP,Cyprus,Europe & Central Asia,35.1676,33.3736,1990,100.0,788351,0.0
CYP,Cyprus,Europe & Central Asia,35.1676,33.3736,1991,100.0,798944,0.0
CYP,Cyprus,Europe & Central Asia,35.1676,33.3736,1992,100.0,810341,0.0
CYP,Cyprus,Europe & Central Asia,35.1676,33.3736,1993,100.0,826034,0.0
CYP,Cyprus,Europe & Central Asia,35.1676,33.3736,1994,100.0,844667,0.0
CYP,Cyprus,Europe & Central Asia,35.1676,33.3736,1995,100.0,862695,0.0
CYP,Cyprus,Europe & Central Asia,35.1676,33.3736,1996,100.0,880290,0.0
CYP,Cyprus,Europe & Central Asia,35.1676,33.3736,1997,100.0,897568,0.0
CYP,Cyprus,Europe & Central Asia,35.1676,33.3736,1998,100.0,914548,0.0
CYP,Cyprus,Europe & Central Asia,35.1676,33.3736,1999,100.0,931234,0.0
CYP,Cyprus,Europe & Central Asia,35.1676,33.3736,2000,100.0,947667,0.0
CYP,Cyprus,Europe & Central Asia,35.1676,33.3736,2001,100.0,964127,0.0
CYP,Cyprus,Europe & Central Asia,35.1676,33.3736,2002,100.0,981440,0.0
CYP,Cyprus,Europe & Central Asia,35.1676,33.3736,2003,100.0,999590,0.0
CYP,Cyprus,Europe & Central Asia,35.1676,33.3736,2004,100.0,1017875,0.0
CYP,Cyprus,Europe & Central Asia,35.1676,33.3736,2005,100.0,1036151,0.0
CYP,Cyprus,Europe & Central Asia,35.1676,33.3736,2006,100.0,1054418,0.0
CYP,Cyprus,Europe & Central Asia,35.1676,33.3736,2007,100.0,1072714,0.0
CYP,Cyprus,Europe & Central Asia,35.1676,33.3736,2008,100.0,1091026,0.0
CYP,Cyprus,Europe & Central Asia,35.1676,33.3736,2009,100.0,1109371,0.0
CYP,Cyprus,Europe & Central Asia,35.1676,33.3736,2010,100.0,1127816,0.0
CYP,Cyprus,Europe & Central Asia,35.1676,33.3736,2011,100.0,1146493,0.0
CYP,Cyprus,Europe & Central Asia,35.1676,33.3736,2012,100.0,1165397,0.0
CYP,Cyprus,Europe & Central Asia,35.1676,33.3736,2013,100.0,1183895,0.0
CYP,Cyprus,Europe & Central Asia,35.1676,33.3736,2014,100.0,1201801,0.0
CYP,Cyprus,Europe & Central Asia,35.1676,33.3736,2015,100.0,1219502,0.0
CYP,Cyprus,Europe & Central Asia,35.1676,33.3736,2016,100.0,1237112,0.0
CYP,Cyprus,Europe & Central Asia,35.1676,33.3736,2017,100.0,1254275,0.0
CYP,Cyprus,Europe & Central Asia,35.1676,33.3736,2018,100.0,1270737,0.0
CYP,Cyprus,Europe & Central Asia,35.1676,33.3736,2019,100.0,1286671,0.0
CYP,Cyprus,Europe & Central Asia,35.1676,33.3736,2020,100.0,1302247,0.0
CYP,Cyprus,Europe & Central Asia,35.1676,33.3736,2021,100.0,1317309,0.0
CYP,Cyprus,Europe & Central Asia,35.1676,33.3736,2022,100.0,1331370,0.0
CYP,Cyprus,Europe & Central Asia,35.1676,33.3736,2023,100.0,1344976,0.0
CYP,Cyprus,Europe & Central Asia,35.1676,33.3736,2024,100.0,1358282,0.0
CZE,Czechia,Europe & Central Asia,50.0878,14.4205,1990,100.0,10333355,0.0
CZE,Czechia,Europe & Central Asia,50.0878,14.4205,1991,100.0,10308578,0.0
CZE,Czechia,Europe & Central Asia,50.0878,14.4205,1992,100.0,10319123,0.0
CZE,Czechia,Europe & Central Asia,50.0878,14.4205,1993,100.0,10329855,0.0
CZE,Czechia,Europe & Central Asia,50.0878,14.4205,1994,100.0,10333587,0.0
CZE,Czechia,Europe & Central Asia,50.0878,14.4205,1995,100.0,10327253,0.0
CZE,Czechia,Europe & Central Asia,50.0878,14.4205,1996,100.0,10315241,0.0
CZE,Czechia,Europe & Central Asia,50.0878,14.4205,1997,100.0,10304131,0.0
CZE,Czechia,Europe & Central Asia,50.0878,14.4205,1998,100.0,10294373,0.0
CZE,Czechia,Europe & Central Asia,50.0878,14.4205,1999,100.0,10283860,0.0
CZE,Czechia,Europe & Central Asia,50.0878,14.4205,2000,100.0,10255063,0.0
CZE,Czechia,Europe & Central Asia,50.0878,14.4205,2001,100.0,10216605,0.0
CZE,Czechia,Europe & Central Asia,50.0878,14.4205,2002,100.0,10196916,0.0
CZE,Czechia,Europe & Central Asia,50.0878,14.4205,2003,100.0,10193998,0.0
CZE,Czechia,Europe & Central Asia,50.0878,14.4205,2004,100.0,10197101,0.0
CZE,Czechia,Europe & Central Asia,50.0878,14.4205,2005,100.0,10211216,0.0
CZE,Czechia,Europe & Central Asia,50.0878,14.4205,2006,100.0,10238905,0.0
CZE,Czechia,Europe & Central Asia,50.0878,14.4205,2007,100.0,10298828,0.0
CZE,Czechia,Europe & Central Asia,50.0878,14.4205,2008,100.0,10384603,0.0
CZE,Czechia,Europe & Central Asia,50.0878,14.4205,2009,100.0,10443936,0.0
CZE,Czechia,Europe & Central Asia,50.0878,14.4205,2010,100.0,10474410,0.0
CZE,Czechia,Europe & Central Asia,50.0878,14.4205,2011,100.0,10496088,0.0
CZE,Czechia,Europe & Central Asia,50.0878,14.4205,2012,100.0,10510785,0.0
CZE,Czechia,Europe & Central Asia,50.0878,14.4205,2013,100.0,10514272,0.0
CZE,Czechia,Europe & Central Asia,50.0878,14.4205,2014,100.0,10525347,0.0
CZE,Czechia,Europe & Central Asia,50.0878,14.4205,2015,100.0,10546059,0.0
CZE,Czechia,Europe & Central Asia,50.0878,14.4205,2016,100.0,10566332,0.0
CZE,Czechia,Europe & Central Asia,50.0878,14.4205,2017,100.0,10594438,0.0
CZE,Czechia,Europe & Central Asia,50.0878,14.4205,2018,100.0,10629928,0.0
CZE,Czechia,Europe & Central Asia,50.0878,14.4205,2019,100.0,10671870,0.0
CZE,Czechia,Europe & Central Asia,50.0878,14.4205,2020,100.0,10697858,0.0
CZE,Czechia,Europe & Central Asia,50.0878,14.4205,2021,100.0,10505772,0.0
CZE,Czechia,Europe & Central Asia,50.0878,14.4205,2022,100.0,10672118,0.0
CZE,Czechia,Europe & Central Asia,50.0878,14.4205,2023,100.0,10864042,0.0
CZE,Czechia,Europe & Central Asia,50.0878,14.4205,2024,100.0,10905028,0.0
DNK,Denmark,Europe & Central Asia,55.6763,12.5681,1990,100.0,5140939,0.0
DNK,Denmark,Europe & Central Asia,55.6763,12.5681,1991,100.0,5154298,0.0
DNK,Denmark,Europe & Central Asia,55.6763,12.5681,1992,100.0,5171370,0.0
DNK,Denmark,Europe & Central Asia,55.6763,12.5681,1993,100.0,5188628,0.0
DNK,Denmark,Europe & Central Asia,55.6763,12.5681,1994,100.0,5206180,0.0
DNK,Denmark,Europe & Central Asia,55.6763,12.5681,1995,100.0,5233373,0.0
DNK,Denmark,Europe & Central Asia,55.6763,12.5681,1996,100.0,5263074,0.0
DNK,Denmark,Europe & Central Asia,55.6763,12.5681,1997,100.0,5284991,0.0
DNK,Denmark,Europe & Central Asia,55.6763,12.5681,1998,100.0,5304219,0.0
DNK,Denmark,Europe & Central Asia,55.6763,12.5681,1999,100.0,5321799,0.0
DNK,Denmark,Europe & Central Asia,55.6763,12.5681,2000,100.0,5339616,0.0
DNK,Denmark,Europe & Central Asia,55.6763,12.5681,2001,100.0,5358783,0.0
DNK,Denmark,Europe & Central Asia,55.6763,12.5681,2002,100.0,5375931,0.0
DNK,Denmark,Europe & Central Asia,55.6763,12.5681,2003,100.0,5390574,0.0
DNK,Denmark,Europe & Central Asia,55.6763,12.5681,2004,100.0,5404523,0.0
DNK,Denmark,Europe & Central Asia,55.6763,12.5681,2005,100.0,5419432,0.0
DNK,Denmark,Europe & Central Asia,55.6763,12.5681,2006,100.0,5437272,0.0
DNK,Denmark,Europe & Central Asia,55.6763,12.5681,2007,100.0,5461438,0.0
DNK,Denmark,Europe & Central Asia,55.6763,12.5681,2008,100.0,5493621,0.0
DNK,Denmark,Europe & Central Asia,55.6763,12.5681,2009,100.0,5523095,0.0
DNK,Denmark,Europe & Central Asia,55.6763,12.5681,2010,100.0,5547683,0.0
DNK,Denmark,Europe & Central Asia,55.6763,12.5681,2011,100.0,5570572,0.0
DNK,Denmark,Europe & Central Asia,55.6763,12.5681,2012,100.0,5591572,0.0
DNK,Denmark,Europe & Central Asia,55.6763,12.5681,2013,100.0,5614932,0.0
DNK,Denmark,Europe & Central Asia,55.6763,12.5681,2014,100.0,5643475,0.0
DNK,Denmark,Europe & Central Asia,55.6763,12.5681,2015,100.0,5683483,0.0
DNK,Denmark,Europe & Central Asia,55.6763,12.5681,2016,100.0,5728010,0.0
DNK,Denmark,Europe & Central Asia,55.6763,12.5681,2017,100.0,5764980,0.0
DNK,Denmark,Europe & Central Asia,55.6763,12.5681,2018,100.0,5793636,0.0
DNK,Denmark,Europe & Central Asia,55.6763,12.5681,2019,100.0,5814422,0.0
DNK,Denmark,Europe & Central Asia,55.6763,12.5681,2020,100.0,5831404,0.0
DNK,Denmark,Europe & Central Asia,55.6763,12.5681,2021,100.0,5856733,0.0
DNK,Denmark,Europe & Central Asia,55.6763,12.5681,2022,100.0,5903037,0.0
DNK,Denmark,Europe & Central Asia,55.6763,12.5681,2023,100.0,5946952,0.0
DNK,Denmark,Europe & Central Asia,55.6763,12.5681,2024,100.0,5976992,0.0
DJI,Djibouti,"Middle East, North Africa, Afghanistan & Pakistan",11.5806,43.1425,1996,62.0,648348,246372.24
DJI,Djibouti,"Middle East, North Africa, Afghanistan & Pakistan",11.5806,43.1425,1997,56.2944946289063,671817,293621.0150189206
DJI,Djibouti,"Middle East, North Africa, Afghanistan & Pakistan",11.5806,43.1425,1998,56.3222541809082,699352,305461.18894073484
DJI,Djibouti,"Middle East, North Africa, Afghanistan & Pakistan",11.5806,43.1425,1999,56.3451690673828,724218,316156.14348358166
DJI,Djibouti,"Middle East, North Africa, Afghanistan & Pakistan",11.5806,43.1425,2000,56.0,747318,328819.92
DJI,Djibouti,"Middle East, North Africa, Afghanistan & Pakistan",11.5806,43.1425,2001,56.1,771313,338606.40699999995
DJI,Djibouti,"Middle East, North Africa, Afghanistan & Pakistan",11.5806,43.1425,2002,49.7,795574,400173.7219999999
DJI,Djibouti,"Middle East, North Africa, Afghanistan & Pakistan",11.5806,43.1425,2003,56.4,813519,354694.28400000004
DJI,Djibouti,"Middle East, North Africa, Afghanistan & Pakistan",11.5806,43.1425,2004,56.6,826124,358537.81599999993
DJI,Djibouti,"Middle East, North Africa, Afghanistan & Pakistan",11.5806,43.1425,2005,56.8,839167,362520.14400000003
DJI,Djibouti,"Middle East, North Africa, Afghanistan & Pakistan",11.5806,43.1425,2006,55.5,855764,380814.98
DJI,Djibouti,"Middle East, North Africa, Afghanistan & Pakistan",11.5806,43.1425,2007,57.2,874528,374297.98399999994
DJI,Djibouti,"Middle East, North Africa, Afghanistan & Pakistan",11.5806,43.1425,2008,57.4,892734,380304.68400000007
DJI,Djibouti,"Middle East, North Africa, Afghanistan & Pakistan",11.5806,43.1425,2009,57.6,911527,386487.4479999999
DJI,Djibouti,"Middle East, North Africa, Afghanistan & Pakistan",11.5806,43.1425,2010,57.9,930251,391635.67100000003
DJI,Djibouti,"Middle East, North Africa, Afghanistan & Pakistan",11.5806,43.1425,2011,58.1,948558,397445.802
DJI,Djibouti,"Middle East, North Africa, Afghanistan & Pakistan",11.5806,43.1425,2012,54.6,966747,438903.138
DJI,Djibouti,"Middle East, North Africa, Afghanistan & Pakistan",11.5806,43.1425,2013,58.6,984824,407717.13600000006
DJI,Djibouti,"Middle East, North Africa, Afghanistan & Pakistan",11.5806,43.1425,2014,58.9,1002717,412116.68700000003
DJI,Djibouti,"Middle East, North Africa, Afghanistan & Pakistan",11.5806,43.1425,2015,59.1,1020313,417308.01700000005
DJI,Djibouti,"Middle East, North Africa, Afghanistan & Pakistan",11.5806,43.1425,2016,59.8,1037653,417136.50600000005
DJI,Djibouti,"Middle East, North Africa, Afghanistan & Pakistan",11.5806,43.1425,2017,60.2,1054841,419826.718
DJI,Djibouti,"Middle East, North Africa, Afghanistan & Pakistan",11.5806,43.1425,2018,62.4,1071882,403027.632
DJI,Djibouti,"Middle East, North Africa, Afghanistan & Pakistan",11.5806,43.1425,2019,64.7,1088709,384314.277
DJI,Djibouti,"Middle East, North Africa, Afghanistan & Pakistan",11.5806,43.1425,2020,64.5,1105188,392341.74
DJI,Djibouti,"Middle East, North Africa, Afghanistan & Pakistan",11.5806,43.1425,2021,65.4,1121248,387951.80799999996
DJI,Djibouti,"Middle East, North Africa, Afghanistan & Pakistan",11.5806,43.1425,2022,65.0,1137096,397983.6
DJI,Djibouti,"Middle East, North Africa, Afghanistan & Pakistan",11.5806,43.1425,2023,65.2,1152944,401224.512
DJI,Djibouti,"Middle East, North Africa, Afghanistan & Pakistan",11.5806,43.1425,2024,69.2,1168722,359966.37599999993
DMA,Dominica,Latin America & Caribbean,15.2976,-61.39,1998,75.0,69124,17281.0
DMA,Dominica,Latin America & Caribbean,15.2976,-61.39,1999,79.6219177246094,68870,14034.385263061504
DMA,Dominica,Latin America & Caribbean,15.2976,-61.39,2000,81.1,68511,12948.579000000003
DMA,Dominica,Latin America & Caribbean,15.2976,-61.39,2001,82.1,68288,12223.552000000003
DMA,Dominica,Latin America & Caribbean,15.2976,-61.39,2002,87.7,68367,8409.141
DMA,Dominica,Latin America & Caribbean,15.2976,-61.39,2003,84.0,68531,10964.960000000003
DMA,Dominica,Latin America & Caribbean,15.2976,-61.39,2004,85.0,68649,10297.350000000002
DMA,Dominica,Latin America & Caribbean,15.2976,-61.39,2005,86.0,68734,9622.76
DMA,Dominica,Latin America & Caribbean,15.2976,-61.39,2006,87.0,68806,8944.78
DMA,Dominica,Latin America & Caribbean,15.2976,-61.39,2007,88.1,68847,8192.793000000007
DMA,Dominica,Latin America & Caribbean,15.2976,-61.39,2008,90.9,68854,6265.713999999998
DMA,Dominica,Latin America & Caribbean,15.2976,-61.39,2009,90.2,68864,6748.671999999999
DMA,Dominica,Latin America & Caribbean,15.2976,-61.39,2010,91.3,68859,5990.733000000006
DMA,Dominica,Latin America & Caribbean,15.2976,-61.39,2011,90.1,69053,6836.247000000006
DMA,Dominica,Latin America & Caribbean,15.2976,-61.39,2012,93.5,69118,4492.669999999996
DMA,Dominica,Latin America & Caribbean,15.2976,-61.39,2013,94.6,69715,3764.6100000000033
DMA,Dominica,Latin America & Caribbean,15.2976,-61.39,2014,95.7,70373,3026.0389999999948
DMA,Dominica,Latin America & Caribbean,15.2976,-61.39,2015,96.7,70410,2323.5299999999943
DMA,Dominica,Latin America & Caribbean,15.2976,-61.39,2016,97.8,69606,1531.3320000000015
DMA,Dominica,Latin America & Caribbean,15.2976,-61.39,2017,98.9,68496,753.4559999999931
DMA,Dominica,Latin America & Caribbean,15.2976,-61.39,2018,99.6,68174,272.69600000000025
DMA,Dominica,Latin America & Caribbean,15.2976,-61.39,2019,99.9,67880,67.87999999999252
DMA,Dominica,Latin America & Caribbean,15.2976,-61.39,2020,100.0,67573,0.0
DMA,Dominica,Latin America & Caribbean,15.2976,-61.39,2021,100.0,67202,0.0
DMA,Dominica,Latin America & Caribbean,15.2976,-61.39,2022,100.0,66826,0.0
DMA,Dominica,Latin America & Caribbean,15.2976,-61.39,2023,100.0,66510,0.0
DMA,Dominica,Latin America & Caribbean,15.2976,-61.39,2024,100.0,66205,0.0
DOM,Dominican Republic,Latin America & Caribbean,18.479,-69.8908,1991,78.2,7299853,1591367.9539999997
DOM,Dominican Republic,Latin America & Caribbean,18.479,-69.8908,1992,82.4854049682617,7447474,1304394.9111940016
DOM,Dominican Republic,Latin America & Caribbean,18.479,-69.8908,1993,83.2554931640625,7594572,1271673.6277001954
DOM,Dominican Republic,Latin America & Caribbean,18.479,-69.8908,1994,84.0242233276367,7741694,1236795.744097749
DOM,Dominican Republic,Latin America & Caribbean,18.479,-69.8908,1995,84.7909088134766,7888115,1199710.6032478297
DOM,Dominican Republic,Latin America & Caribbean,18.479,-69.8908,1996,85.5548782348633,8032894,1160361.3195643604
DOM,Dominican Republic,Latin America & Caribbean,18.479,-69.8908,1997,86.3154449462891,8174078,1118586.20404327
DOM,Dominican Republic,Latin America & Caribbean,18.479,-69.8908,1998,87.0719375610352,8310362,1074368.7882640043
DOM,Dominican Republic,Latin America & Caribbean,18.479,-69.8908,1999,91.0,8446208,760158.7199999997
DOM,Dominican Republic,Latin America & Caribbean,18.479,-69.8908,2000,88.8,8584190,961429.2799999999
DOM,Dominican Republic,Latin America & Caribbean,18.479,-69.8908,2001,89.8,8720283,889468.8659999998
DOM,Dominican Republic,Latin America & Caribbean,18.479,-69.8908,2002,89.7,8852235,911780.2049999998
DOM,Dominican Republic,Latin America & Caribbean,18.479,-69.8908,2003,89.2,8980620,969906.9599999998
DOM,Dominican Republic,Latin America & Caribbean,18.479,-69.8908,2004,90.3,9104892,883174.5239999997
DOM,Dominican Republic,Latin America & Caribbean,18.479,-69.8908,2005,90.1,9225034,913278.3660000009
DOM,Dominican Republic,Latin America & Caribbean,18.479,-69.8908,2006,90.1,9341183,924777.1170000008
DOM,Dominican Republic,Latin America & Caribbean,18.479,-69.8908,2007,96.9,9455658,293125.39799999923
DOM,Dominican Republic,Latin America & Caribbean,18.479,-69.8908,2008,97.6,9573130,229755.1200000002
DOM,Dominican Republic,Latin America & Caribbean,18.479,-69.8908,2009,97.9,9695265,203600.5649999991
DOM,Dominican Republic,Latin America & Caribbean,18.479,-69.8908,2010,98.1,9820175,186583.32500000016
DOM,Dominican Republic,Latin America & Caribbean,18.479,-69.8908,2011,97.9,9945621,208858.0409999991
DOM,Dominican Republic,Latin America & Caribbean,18.479,-69.8908,2012,97.9,10070411,211478.63099999906
DOM,Dominican Republic,Latin America & Caribbean,18.479,-69.8908,2013,98.4,10193833,163101.32799999902
DOM,Dominican Republic,Latin America & Caribbean,18.479,-69.8908,2014,98.5,10315528,154732.92000000013
DOM,Dominican Republic,Latin America & Caribbean,18.479,-69.8908,2015,98.6,10434829,146087.60600000012
DOM,Dominican Republic,Latin America & Caribbean,18.479,-69.8908,2016,98.9,10551430,116065.72999999893
DOM,Dominican Republic,Latin America & Caribbean,18.479,-69.8908,2017,100.0,10666843,0.0
DOM,Dominican Republic,Latin America & Caribbean,18.479,-69.8908,2018,98.9,10782053,118602.58299999891
DOM,Dominican Republic,Latin America & Caribbean,18.479,-69.8908,2019,99.0,10894043,108940.4300000001
DOM,Dominican Republic,Latin America & Caribbean,18.479,-69.8908,2020,100.0,11008300,0.0
DOM,Dominican Republic,Latin America & Caribbean,18.479,-69.8908,2021,98.1,11123476,211346.0440000002
DOM,Dominican Republic,Latin America & Caribbean,18.479,-69.8908,2022,98.1,11230734,213383.9460000002
DOM,Dominican Republic,Latin America & Caribbean,18.479,-69.8908,2023,99.6,11331265,45325.06000000004
DOM,Dominican Republic,Latin America & Caribbean,18.479,-69.8908,2024,99.5,11427557,57137.78500000005
ECU,Ecuador,Latin America & Caribbean,-0.229498,-78.5243,1995,89.830167,11590514,1178735.9176416195
ECU,Ecuador,Latin America & Caribbean,-0.229498,-78.5243,1996,92.0513763427734,11810950,938807.9658432058
ECU,Ecuador,Latin America & Caribbean,-0.229498,-78.5243,1997,92.429817199707,12031127,910778.3068354074
ECU,Ecuador,Latin America & Caribbean,-0.229498,-78.5243,1998,92.726642,12251184,891072.4715587195
ECU,Ecuador,Latin America & Caribbean,-0.229498,-78.5243,1999,93.071434,12470795,864047.2622997003
ECU,Ecuador,Latin America & Caribbean,-0.229498,-78.5243,2000,93.7,12689206,799419.9779999993
ECU,Ecuador,Latin America & Caribbean,-0.229498,-78.5243,2001,94.0,12910740,774644.4000000007
ECU,Ecuador,Latin America & Caribbean,-0.229498,-78.5243,2002,94.2,13138472,762031.3759999992
ECU,Ecuador,Latin America & Caribbean,-0.229498,-78.5243,2003,95.0,13372306,668615.3000000006
ECU,Ecuador,Latin America & Caribbean,-0.229498,-78.5243,2004,94.8,13608701,707652.4520000006
ECU,Ecuador,Latin America & Caribbean,-0.229498,-78.5243,2005,95.8,13846163,581538.8460000005
ECU,Ecuador,Latin America & Caribbean,-0.229498,-78.5243,2006,96.3,14086131,521186.8470000005
ECU,Ecuador,Latin America & Caribbean,-0.229498,-78.5243,2007,96.8,14328773,458520.7360000004
ECU,Ecuador,Latin America & Caribbean,-0.229498,-78.5243,2008,97.2,14575202,408105.65600000037
ECU,Ecuador,Latin America & Caribbean,-0.229498,-78.5243,2009,96.5,14825954,518908.3900000005
ECU,Ecuador,Latin America & Caribbean,-0.229498,-78.5243,2010,97.5,15076695,376917.37500000035
ECU,Ecuador,Latin America & Caribbean,-0.229498,-78.5243,2011,96.9,15326227,475113.03699999873
ECU,Ecuador,Latin America & Caribbean,-0.229498,-78.5243,2012,97.2,15572194,436021.4320000004
ECU,Ecuador,Latin America & Caribbean,-0.229498,-78.5243,2013,98.0,15807128,316142.5600000003
ECU,Ecuador,Latin America & Caribbean,-0.229498,-78.5243,2014,99.0,16035124,160351.24000000014
ECU,Ecuador,Latin America & Caribbean,-0.229498,-78.5243,2015,98.8,16266225,195194.7000000002
ECU,Ecuador,Latin America & Caribbean,-0.229498,-78.5243,2016,98.7,16505139,214566.8070000002
ECU,Ecuador,Latin America & Caribbean,-0.229498,-78.5243,2017,99.2,16759519,134076.15200000012
ECU,Ecuador,Latin America & Caribbean,-0.229498,-78.5243,2018,98.7,17049547,221644.1110000002
ECU,Ecuador,Latin America & Caribbean,-0.229498,-78.5243,2019,99.1,17340021,156060.18900000013
ECU,Ecuador,Latin America & Caribbean,-0.229498,-78.5243,2020,98.8,17546065,210552.78000000017
ECU,Ecuador,Latin America & Caribbean,-0.229498,-78.5243,2021,100.0,17682454,0.0
ECU,Ecuador,Latin America & Caribbean,-0.229498,-78.5243,2022,100.0,17823897,0.0
ECU,Ecuador,Latin America & Caribbean,-0.229498,-78.5243,2023,98.7,17980083,233741.0790000002
ECU,Ecuador,Latin America & Caribbean,-0.229498,-78.5243,2024,98.5,18135478,272032.1700000002
EGY,"Egypt, Arab Rep.","Middle East, North Africa, Afghanistan & Pakistan",30.0982,31.2461,1992,93.4,61480660,4057723.559999997
EGY,"Egypt, Arab Rep.","Middle East, North Africa, Afghanistan & Pakistan",30.0982,31.2461,1993,95.3922424316406,62915681,2899002.0529623604
EGY,"Egypt, Arab Rep.","Middle East, North Africa, Afghanistan & Pakistan",30.0982,31.2461,1994,95.6485366821289,64285589,2797363.8240123764
EGY,"Egypt, Arab Rep.","Middle East, North Africa, Afghanistan & Pakistan",30.0982,31.2461,1995,95.5,65652622,2954367.9900000026
EGY,"Egypt, Arab Rep.","Middle East, North Africa, Afghanistan & Pakistan",30.0982,31.2461,1996,96.1543273925781,67028048,2577679.281225604
EGY,"Egypt, Arab Rep.","Middle East, North Africa, Afghanistan & Pakistan",30.0982,31.2461,1997,96.4024658203125,68431740,2461855.236254883
EGY,"Egypt, Arab Rep.","Middle East, North Africa, Afghanistan & Pakistan",30.0982,31.2461,1998,96.6465225219727,69943294,2345532.61168042
EGY,"Egypt, Arab Rep.","Middle East, North Africa, Afghanistan & Pakistan",30.0982,31.2461,1999,96.8857345581055,71520954,2227352.3541352646
EGY,"Egypt, Arab Rep.","Middle East, North Africa, Afghanistan & Pakistan",30.0982,31.2461,2000,97.7,73083284,1680915.5320000015
EGY,"Egypt, Arab Rep.","Middle East, North Africa, Afghanistan & Pakistan",30.0982,31.2461,2001,97.4,74652029,1940952.7539999934
EGY,"Egypt, Arab Rep.","Middle East, North Africa, Afghanistan & Pakistan",30.0982,31.2461,2002,97.5,76239137,1905978.4250000017
EGY,"Egypt, Arab Rep.","Middle East, North Africa, Afghanistan & Pakistan",30.0982,31.2461,2003,98.8,77853548,934242.5760000008
EGY,"Egypt, Arab Rep.","Middle East, North Africa, Afghanistan & Pakistan",30.0982,31.2461,2004,97.8,79477443,1748503.7460000014
EGY,"Egypt, Arab Rep.","Middle East, North Africa, Afghanistan & Pakistan",30.0982,31.2461,2005,99.4,81101004,486606.0239999914
EGY,"Egypt, Arab Rep.","Middle East, North Africa, Afghanistan & Pakistan",30.0982,31.2461,2006,99.0,82700403,827004.0300000007
EGY,"Egypt, Arab Rep.","Middle East, North Africa, Afghanistan & Pakistan",30.0982,31.2461,2007,98.4,84276225,1348419.599999992
EGY,"Egypt, Arab Rep.","Middle East, North Africa, Afghanistan & Pakistan",30.0982,31.2461,2008,99.8,85864789,171729.57800000015
EGY,"Egypt, Arab Rep.","Middle East, North Africa, Afghanistan & Pakistan",30.0982,31.2461,2009,98.9,87501636,962517.9959999912
EGY,"Egypt, Arab Rep.","Middle East, North Africa, Afghanistan & Pakistan",30.0982,31.2461,2010,99.4,89196072,535176.4319999906
EGY,"Egypt, Arab Rep.","Middle East, North Africa, Afghanistan & Pakistan",30.0982,31.2461,2011,99.4,91093059,546558.3539999904
EGY,"Egypt, Arab Rep.","Middle East, North Africa, Afghanistan & Pakistan",30.0982,31.2461,2012,99.7,93161001,279483.00300000026
EGY,"Egypt, Arab Rep.","Middle East, North Africa, Afghanistan & Pakistan",30.0982,31.2461,2013,99.9,95333553,95333.5529999895
EGY,"Egypt, Arab Rep.","Middle East, North Africa, Afghanistan & Pakistan",30.0982,31.2461,2014,99.8,97528654,195057.30800000016
EGY,"Egypt, Arab Rep.","Middle East, North Africa, Afghanistan & Pakistan",30.0982,31.2461,2015,99.3,99597342,697181.3940000007
EGY,"Egypt, Arab Rep.","Middle East, North Africa, Afghanistan & Pakistan",30.0982,31.2461,2016,100.0,101644589,0.0
EGY,"Egypt, Arab Rep.","Middle East, North Africa, Afghanistan & Pakistan",30.0982,31.2461,2017,100.0,103696057,0.0
EGY,"Egypt, Arab Rep.","Middle East, North Africa, Afghanistan & Pakistan",30.0982,31.2461,2018,100.0,105682094,0.0
EGY,"Egypt, Arab Rep.","Middle East, North Africa, Afghanistan & Pakistan",30.0982,31.2461,2019,100.0,107553158,0.0
EGY,"Egypt, Arab Rep.","Middle East, North Africa, Afghanistan & Pakistan",30.0982,31.2461,2020,100.0,109315124,0.0
EGY,"Egypt, Arab Rep.","Middle East, North Africa, Afghanistan & Pakistan",30.0982,31.2461,2021,100.0,110957008,0.0
EGY,"Egypt, Arab Rep.","Middle East, North Africa, Afghanistan & Pakistan",30.0982,31.2461,2022,100.0,112618250,0.0
EGY,"Egypt, Arab Rep.","Middle East, North Africa, Afghanistan & Pakistan",30.0982,31.2461,2023,100.0,114535772,0.0
EGY,"Egypt, Arab Rep.","Middle East, North Africa, Afghanistan & Pakistan",30.0982,31.2461,2024,100.0,116538258,0.0
SLV,El Salvador,Latin America & Caribbean,13.7034,-89.2073,1991,69.60788,5495077,1670070.3959324
SLV,El Salvador,Latin America & Caribbean,13.7034,-89.2073,1992,75.3321914672852,5585609,1377847.3335060857
SLV,El Salvador,Latin America & Caribbean,13.7034,-89.2073,1993,76.2761383056641,5659957,1342760.3706388827
SLV,El Salvador,Latin America & Caribbean,13.7034,-89.2073,1994,77.2187194824219,5714129,1301751.75662628
SLV,El Salvador,Latin America & Caribbean,13.7034,-89.2073,1995,76.995504,5762131,1325549.1954097603
SLV,El Salvador,Latin America & Caribbean,13.7034,-89.2073,1996,77.883,5805286,1283955.1046200006
SLV,El Salvador,Latin America & Caribbean,13.7034,-89.2073,1997,80.0315170288086,5844578,1167073.5626679992
SLV,El Salvador,Latin America & Caribbean,13.7034,-89.2073,1998,81.637983,5880781,1079830.0069527698
SLV,El Salvador,Latin America & Caribbean,13.7034,-89.2073,1999,79.129592,5913900,1234255.0587119998
SLV,El Salvador,Latin America & Caribbean,13.7034,-89.2073,2000,84.5,5943366,921221.7300000002
SLV,El Salvador,Latin America & Caribbean,13.7034,-89.2073,2001,87.1,5968060,769879.74
SLV,El Salvador,Latin America & Caribbean,13.7034,-89.2073,2002,87.5,5986631,748328.875
SLV,El Salvador,Latin America & Caribbean,13.7034,-89.2073,2003,87.0,5998599,779817.87
SLV,El Salvador,Latin America & Caribbean,13.7034,-89.2073,2004,87.4,6004671,756588.5459999994
SLV,El Salvador,Latin America & Caribbean,13.7034,-89.2073,2005,87.5,6005578,750697.25
SLV,El Salvador,Latin America & Caribbean,13.7034,-89.2073,2006,89.2,6002319,648250.4519999999
SLV,El Salvador,Latin America & Caribbean,13.7034,-89.2073,2007,91.1,6009824,534874.3360000005
SLV,El Salvador,Latin America & Caribbean,13.7034,-89.2073,2008,91.0,6029297,542636.7299999999
SLV,El Salvador,Latin America & Caribbean,13.7034,-89.2073,2009,91.1,6048279,538296.8310000005
SLV,El Salvador,Latin America & Caribbean,13.7034,-89.2073,2010,91.6,6068249,509732.91600000043
SLV,El Salvador,Latin America & Caribbean,13.7034,-89.2073,2011,92.6,6090127,450669.3980000004
SLV,El Salvador,Latin America & Caribbean,13.7034,-89.2073,2012,93.7,6113975,385180.42499999964
SLV,El Salvador,Latin America & Caribbean,13.7034,-89.2073,2013,95.0,6138839,306941.95000000024
SLV,El Salvador,Latin America & Caribbean,13.7034,-89.2073,2014,95.1,6162955,301984.7950000003
SLV,El Salvador,Latin America & Caribbean,13.7034,-89.2073,2015,95.4,6183676,284449.09599999955
SLV,El Salvador,Latin America & Caribbean,13.7034,-89.2073,2016,96.0,6200800,248032.00000000023
SLV,El Salvador,Latin America & Caribbean,13.7034,-89.2073,2017,96.8,6213533,198833.0560000002
SLV,El Salvador,Latin America & Caribbean,13.7034,-89.2073,2018,97.0,6219807,186594.21000000017
SLV,El Salvador,Latin America & Caribbean,13.7034,-89.2073,2019,97.4,6222318,161780.26799999946
SLV,El Salvador,Latin America & Caribbean,13.7034,-89.2073,2020,99.7,6234673,18704.01900000002
SLV,El Salvador,Latin America & Caribbean,13.7034,-89.2073,2021,97.9,6255782,131371.4219999994
SLV,El Salvador,Latin America & Caribbean,13.7034,-89.2073,2022,100.0,6280319,0.0
SLV,El Salvador,Latin America & Caribbean,13.7034,-89.2073,2023,98.3,6309624,107263.6080000001
SLV,El Salvador,Latin America & Caribbean,13.7034,-89.2073,2024,98.7,6338193,82396.50900000008
GNQ,Equatorial Guinea,Sub-Saharan Africa,3.7523,8.7741,2000,64.8,703279,247554.20799999998
GNQ,Equatorial Guinea,Sub-Saharan Africa,3.7523,8.7741,2001,64.9,749836,263192.436
GNQ,Equatorial Guinea,Sub-Saharan Africa,3.7523,8.7741,2002,64.9,797957,280082.907
GNQ,Equatorial Guinea,Sub-Saharan Africa,3.7523,8.7741,2003,64.9,847862,297599.562
GNQ,Equatorial Guinea,Sub-Saharan Africa,3.7523,8.7741,2004,64.9,899917,315870.86699999997
GNQ,Equatorial Guinea,Sub-Saharan Africa,3.7523,8.7741,2005,65.0,947367,331578.44999999995
GNQ,Equatorial Guinea,Sub-Saharan Africa,3.7523,8.7741,2006,65.1,990343,345629.7070000001
GNQ,Equatorial Guinea,Sub-Saharan Africa,3.7523,8.7741,2007,65.1,1036044,361579.3560000001
GNQ,Equatorial Guinea,Sub-Saharan Africa,3.7523,8.7741,2008,65.2,1084530,377416.44
GNQ,Equatorial Guinea,Sub-Saharan Africa,3.7523,8.7741,2009,65.4,1135673,392942.85799999995
GNQ,Equatorial Guinea,Sub-Saharan Africa,3.7523,8.7741,2010,66.1,1189085,403099.8150000001
GNQ,Equatorial Guinea,Sub-Saharan Africa,3.7523,8.7741,2011,66.1,1241835,420982.0650000001
GNQ,Equatorial Guinea,Sub-Saharan Africa,3.7523,8.7741,2012,65.7,1293483,443664.66899999994
GNQ,Equatorial Guinea,Sub-Saharan Africa,3.7523,8.7741,2013,65.9,1346218,459060.33799999993
GNQ,Equatorial Guinea,Sub-Saharan Africa,3.7523,8.7741,2014,66.0,1399828,475941.51999999996
GNQ,Equatorial Guinea,Sub-Saharan Africa,3.7523,8.7741,2015,66.1,1453923,492879.8970000001
GNQ,Equatorial Guinea,Sub-Saharan Africa,3.7523,8.7741,2016,66.2,1508186,509766.86799999996
GNQ,Equatorial Guinea,Sub-Saharan Africa,3.7523,8.7741,2017,66.4,1562396,524965.056
GNQ,Equatorial Guinea,Sub-Saharan Africa,3.7523,8.7741,2018,66.5,1616422,541501.37
GNQ,Equatorial Guinea,Sub-Saharan Africa,3.7523,8.7741,2019,66.6,1670177,557839.1180000001
GNQ,Equatorial Guinea,Sub-Saharan Africa,3.7523,8.7741,2020,66.7,1716468,571583.8439999999
GNQ,Equatorial Guinea,Sub-Saharan Africa,3.7523,8.7741,2021,66.8,1758786,583916.9520000002
GNQ,Equatorial Guinea,Sub-Saharan Africa,3.7523,8.7741,2022,67.0,1803545,595169.85
GNQ,Equatorial Guinea,Sub-Saharan Africa,3.7523,8.7741,2023,66.9,1847549,611538.7189999999
GNQ,Equatorial Guinea,Sub-Saharan Africa,3.7523,8.7741,2024,65.1,1892516,660488.0840000001
ERI,Eritrea,Sub-Saharan Africa,15.3315,38.9183,1995,22.9,2025267,1561480.857
ERI,Eritrea,Sub-Saharan Africa,15.3315,38.9183,1996,24.7554473876953,2128464,1601553.2143139653
ERI,Eritrea,Sub-Saharan Africa,15.3315,38.9183,1997,25.8746109008789,2152135,1595278.44268837
ERI,Eritrea,Sub-Saharan Africa,15.3315,38.9183,1998,26.9896945953369,2180419,1591930.571001301
ERI,Eritrea,Sub-Saharan Africa,15.3315,38.9183,1999,28.0999355316162,2212780,1590990.246543503
ERI,Eritrea,Sub-Saharan Africa,15.3315,38.9183,2000,29.3,2247031,1588650.9170000001
ERI,Eritrea,Sub-Saharan Africa,15.3315,38.9183,2001,30.3,2312079,1611519.063
ERI,Eritrea,Sub-Saharan Africa,15.3315,38.9183,2002,32.2,2392978,1622439.0839999998
ERI,Eritrea,Sub-Saharan Africa,15.3315,38.9183,2003,32.4,2493903,1685878.4279999998
ERI,Eritrea,Sub-Saharan Africa,15.3315,38.9183,2004,33.4,2598284,1730457.144
ERI,Eritrea,Sub-Saharan Africa,15.3315,38.9183,2005,34.5,2661215,1743095.8250000002
ERI,Eritrea,Sub-Saharan Africa,15.3315,38.9183,2006,35.6,2703502,1741055.2879999997
ERI,Eritrea,Sub-Saharan Africa,15.3315,38.9183,2007,36.7,2743222,1736459.526
ERI,Eritrea,Sub-Saharan Africa,15.3315,38.9183,2008,37.8,2816327,1751755.3940000003
ERI,Eritrea,Sub-Saharan Africa,15.3315,38.9183,2009,38.9,2887885,1764497.7349999999
ERI,Eritrea,Sub-Saharan Africa,15.3315,38.9183,2010,40.1,2945186,1764166.4139999999
ERI,Eritrea,Sub-Saharan Africa,15.3315,38.9183,2011,41.2,2998485,1763109.18
ERI,Eritrea,Sub-Saharan Africa,15.3315,38.9183,2012,42.3,3036988,1752342.076
ERI,Eritrea,Sub-Saharan Africa,15.3315,38.9183,2013,43.5,3074360,1737013.4
ERI,Eritrea,Sub-Saharan Africa,15.3315,38.9183,2014,44.6,3095173,1714725.8420000002
ERI,Eritrea,Sub-Saharan Africa,15.3315,38.9183,2015,45.8,3105546,1683205.932
ERI,Eritrea,Sub-Saharan Africa,15.3315,38.9183,2016,46.9,3124698,1659214.638
ERI,Eritrea,Sub-Saharan Africa,15.3315,38.9183,2017,48.0,3150347,1638180.44
ERI,Eritrea,Sub-Saharan Africa,15.3315,38.9183,2018,49.1,3192760,1625114.84
ERI,Eritrea,Sub-Saharan Africa,15.3315,38.9183,2019,50.3,3240194,1610376.418
ERI,Eritrea,Sub-Saharan Africa,15.3315,38.9183,2020,51.4,3291271,1599557.706
ERI,Eritrea,Sub-Saharan Africa,15.3315,38.9183,2021,52.5,3350183,1591336.9249999998
ERI,Eritrea,Sub-Saharan Africa,15.3315,38.9183,2022,55.4,3409447,1520613.3620000002
ERI,Eritrea,Sub-Saharan Africa,15.3315,38.9183,2023,54.4,3470390,1582497.8399999999
ERI,Eritrea,Sub-Saharan Africa,15.3315,38.9183,2024,55.3,3535603,1580414.5410000002
EST,Estonia,Europe & Central Asia,59.4392,24.7586,1990,100.0,1569174,0.0
EST,Estonia,Europe & Central Asia,59.4392,24.7586,1991,100.0,1561314,0.0
EST,Estonia,Europe & Central Asia,59.4392,24.7586,1992,100.0,1533091,0.0
EST,Estonia,Europe & Central Asia,59.4392,24.7586,1993,100.0,1494128,0.0
EST,Estonia,Europe & Central Asia,59.4392,24.7586,1994,100.0,1462514,0.0
EST,Estonia,Europe & Central Asia,59.4392,24.7586,1995,100.0,1436634,0.0
EST,Estonia,Europe & Central Asia,59.4392,24.7586,1996,100.0,1415594,0.0
EST,Estonia,Europe & Central Asia,59.4392,24.7586,1997,100.0,1399535,0.0
EST,Estonia,Europe & Central Asia,59.4392,24.7586,1998,100.0,1386156,0.0
EST,Estonia,Europe & Central Asia,59.4392,24.7586,1999,100.0,1390244,0.0
EST,Estonia,Europe & Central Asia,59.4392,24.7586,2000,100.0,1396985,0.0
EST,Estonia,Europe & Central Asia,59.4392,24.7586,2001,100.0,1388115,0.0
EST,Estonia,Europe & Central Asia,59.4392,24.7586,2002,100.0,1379350,0.0
EST,Estonia,Europe & Central Asia,59.4392,24.7586,2003,100.0,1370720,0.0
EST,Estonia,Europe & Central Asia,59.4392,24.7586,2004,100.0,1362550,0.0
EST,Estonia,Europe & Central Asia,59.4392,24.7586,2005,100.0,1354775,0.0
EST,Estonia,Europe & Central Asia,59.4392,24.7586,2006,100.0,1346810,0.0
EST,Estonia,Europe & Central Asia,59.4392,24.7586,2007,100.0,1340680,0.0
EST,Estonia,Europe & Central Asia,59.4392,24.7586,2008,100.0,1337090,0.0
EST,Estonia,Europe & Central Asia,59.4392,24.7586,2009,100.0,1334515,0.0
EST,Estonia,Europe & Central Asia,59.4392,24.7586,2010,100.0,1331475,0.0
EST,Estonia,Europe & Central Asia,59.4392,24.7586,2011,100.0,1327439,0.0
EST,Estonia,Europe & Central Asia,59.4392,24.7586,2012,100.0,1322696,0.0
EST,Estonia,Europe & Central Asia,59.4392,24.7586,2013,100.0,1317997,0.0
EST,Estonia,Europe & Central Asia,59.4392,24.7586,2014,100.0,1314545,0.0
EST,Estonia,Europe & Central Asia,59.4392,24.7586,2015,100.0,1315407,0.0
EST,Estonia,Europe & Central Asia,59.4392,24.7586,2016,100.0,1315790,0.0
EST,Estonia,Europe & Central Asia,59.4392,24.7586,2017,100.0,1317384,0.0
EST,Estonia,Europe & Central Asia,59.4392,24.7586,2018,100.0,1321977,0.0
EST,Estonia,Europe & Central Asia,59.4392,24.7586,2019,100.0,1326898,0.0
EST,Estonia,Europe & Central Asia,59.4392,24.7586,2020,100.0,1329522,0.0
EST,Estonia,Europe & Central Asia,59.4392,24.7586,2021,100.0,1330932,0.0
EST,Estonia,Europe & Central Asia,59.4392,24.7586,2022,100.0,1348840,0.0
EST,Estonia,Europe & Central Asia,59.4392,24.7586,2023,100.0,1370286,0.0
EST,Estonia,Europe & Central Asia,59.4392,24.7586,2024,100.0,1372341,0.0
SWZ,Eswatini,Sub-Saharan Africa,-26.5225,31.4659,2000,20.4,1041414,828965.544
SWZ,Eswatini,Sub-Saharan Africa,-26.5225,31.4659,2001,26.9,1051064,768327.7840000001
SWZ,Eswatini,Sub-Saharan Africa,-26.5225,31.4659,2002,25.9,1059441,785045.781
SWZ,Eswatini,Sub-Saharan Africa,-26.5225,31.4659,2003,28.7,1066700,760557.1000000001
SWZ,Eswatini,Sub-Saharan Africa,-26.5225,31.4659,2004,31.4,1073159,736187.0739999999
SWZ,Eswatini,Sub-Saharan Africa,-26.5225,31.4659,2005,34.2,1079022,709996.4759999999
SWZ,Eswatini,Sub-Saharan Africa,-26.5225,31.4659,2006,35.2,1084436,702714.5279999999
SWZ,Eswatini,Sub-Saharan Africa,-26.5225,31.4659,2007,39.8,1090705,656604.4100000001
SWZ,Eswatini,Sub-Saharan Africa,-26.5225,31.4659,2008,42.6,1098091,630304.234
SWZ,Eswatini,Sub-Saharan Africa,-26.5225,31.4659,2009,38.6,1105153,678563.942
SWZ,Eswatini,Sub-Saharan Africa,-26.5225,31.4659,2010,45.6,1111650,604737.6000000001
SWZ,Eswatini,Sub-Saharan Africa,-26.5225,31.4659,2011,51.2,1117833,545502.504
SWZ,Eswatini,Sub-Saharan Africa,-26.5225,31.4659,2012,54.3,1123863,513605.39100000006
SWZ,Eswatini,Sub-Saharan Africa,-26.5225,31.4659,2013,57.5,1129990,480245.75000000006
SWZ,Eswatini,Sub-Saharan Africa,-26.5225,31.4659,2014,65.0,1136299,397704.64999999997
SWZ,Eswatini,Sub-Saharan Africa,-26.5225,31.4659,2015,64.1,1142813,410269.8670000001
SWZ,Eswatini,Sub-Saharan Africa,-26.5225,31.4659,2016,63.4,1149507,420719.562
SWZ,Eswatini,Sub-Saharan Africa,-26.5225,31.4659,2017,73.5,1158195,306921.675
SWZ,Eswatini,Sub-Saharan Africa,-26.5225,31.4659,2018,74.0,1168929,303921.54000000004
SWZ,Eswatini,Sub-Saharan Africa,-26.5225,31.4659,2019,77.0,1179874,271371.01999999996
SWZ,Eswatini,Sub-Saharan Africa,-26.5225,31.4659,2020,80.0,1192729,238545.79999999996
SWZ,Eswatini,Sub-Saharan Africa,-26.5225,31.4659,2021,82.9,1206593,206327.4029999999
SWZ,Eswatini,Sub-Saharan Africa,-26.5225,31.4659,2022,82.3,1218917,215748.30900000007
SWZ,Eswatini,Sub-Saharan Africa,-26.5225,31.4659,2023,86.4,1230506,167348.81599999988
SWZ,Eswatini,Sub-Saharan Africa,-26.5225,31.4659,2024,89.3,1242822,132981.95399999997
ETH,Ethiopia,Sub-Saharan Africa,9.02274,38.7468,2000,12.7,67411494,58850234.262
ETH,Ethiopia,Sub-Saharan Africa,9.02274,38.7468,2001,10.2,69487762,62400010.276
ETH,Ethiopia,Sub-Saharan Africa,9.02274,38.7468,2002,11.9,71635517,63110890.477
ETH,Ethiopia,Sub-Saharan Africa,9.02274,38.7468,2003,13.5,73832663,63865253.495
ETH,Ethiopia,Sub-Saharan Africa,9.02274,38.7468,2004,15.2,76077206,64513470.688
ETH,Ethiopia,Sub-Saharan Africa,9.02274,38.7468,2005,14.0,78367470,67396024.2
ETH,Ethiopia,Sub-Saharan Africa,9.02274,38.7468,2006,18.6,80703490,65692640.85999999
ETH,Ethiopia,Sub-Saharan Africa,9.02274,38.7468,2007,20.3,83103217,66233263.94899999
ETH,Ethiopia,Sub-Saharan Africa,9.02274,38.7468,2008,22.0,85543668,66724061.04
ETH,Ethiopia,Sub-Saharan Africa,9.02274,38.7468,2009,23.7,88007636,67149826.268
ETH,Ethiopia,Sub-Saharan Africa,9.02274,38.7468,2010,25.5,90538514,67451192.92999999
ETH,Ethiopia,Sub-Saharan Africa,9.02274,38.7468,2011,23.0,93149970,71725476.9
ETH,Ethiopia,Sub-Saharan Africa,9.02274,38.7468,2012,29.0,95798767,68017124.57
ETH,Ethiopia,Sub-Saharan Africa,9.02274,38.7468,2013,30.8,98438751,68119615.692
ETH,Ethiopia,Sub-Saharan Africa,9.02274,38.7468,2014,27.2,101115610,73612164.08
ETH,Ethiopia,Sub-Saharan Africa,9.02274,38.7468,2015,29.0,103867135,73745665.85
ETH,Ethiopia,Sub-Saharan Africa,9.02274,38.7468,2016,42.9,106718162,60936070.502
ETH,Ethiopia,Sub-Saharan Africa,9.02274,38.7468,2017,44.3,109666481,61084229.917
ETH,Ethiopia,Sub-Saharan Africa,9.02274,38.7468,2018,44.8,112664152,62190611.90400001
ETH,Ethiopia,Sub-Saharan Africa,9.02274,38.7468,2019,48.0,115737383,60183439.160000004
ETH,Ethiopia,Sub-Saharan Africa,9.02274,38.7468,2020,51.1,118917671,58150741.118999995
ETH,Ethiopia,Sub-Saharan Africa,9.02274,38.7468,2021,54.2,122138588,55939473.304
ETH,Ethiopia,Sub-Saharan Africa,9.02274,38.7468,2022,55.0,125384287,56422929.14999999
ETH,Ethiopia,Sub-Saharan Africa,9.02274,38.7468,2023,55.4,128691692,57396494.63200001
ETH,Ethiopia,Sub-Saharan Africa,9.02274,38.7468,2024,56.6,132059767,57313938.87799999
FRO,Faroe Islands,Europe & Central Asia,61.8926,-6.91181,1990,100.0,47741,0.0
FRO,Faroe Islands,Europe & Central Asia,61.8926,-6.91181,1991,100.0,47447,0.0
FRO,Faroe Islands,Europe & Central Asia,61.8926,-6.91181,1992,100.0,47287,0.0
FRO,Faroe Islands,Europe & Central Asia,61.8926,-6.91181,1993,100.0,46474,0.0
FRO,Faroe Islands,Europe & Central Asia,61.8926,-6.91181,1994,100.0,44695,0.0
FRO,Faroe Islands,Europe & Central Asia,61.8926,-6.91181,1995,100.0,43611,0.0
FRO,Faroe Islands,Europe & Central Asia,61.8926,-6.91181,1996,100.0,43581,0.0
FRO,Faroe Islands,Europe & Central Asia,61.8926,-6.91181,1997,100.0,44132,0.0
FRO,Faroe Islands,Europe & Central Asia,61.8926,-6.91181,1998,100.0,44674,0.0
FRO,Faroe Islands,Europe & Central Asia,61.8926,-6.91181,1999,100.0,45146,0.0
FRO,Faroe Islands,Europe & Central Asia,61.8926,-6.91181,2000,100.0,45754,0.0
FRO,Faroe Islands,Europe & Central Asia,61.8926,-6.91181,2001,100.0,46635,0.0
FRO,Faroe Islands,Europe & Central Asia,61.8926,-6.91181,2002,100.0,47335,0.0
FRO,Faroe Islands,Europe & Central Asia,61.8926,-6.91181,2003,100.0,48032,0.0
FRO,Faroe Islands,Europe & Central Asia,61.8926,-6.91181,2004,100.0,48384,0.0
FRO,Faroe Islands,Europe & Central Asia,61.8926,-6.91181,2005,100.0,48359,0.0
FRO,Faroe Islands,Europe & Central Asia,61.8926,-6.91181,2006,100.0,48335,0.0
FRO,Faroe Islands,Europe & Central Asia,61.8926,-6.91181,2007,100.0,48378,0.0
FRO,Faroe Islands,Europe & Central Asia,61.8926,-6.91181,2008,100.0,48547,0.0
FRO,Faroe Islands,Europe & Central Asia,61.8926,-6.91181,2009,100.0,48790,0.0
FRO,Faroe Islands,Europe & Central Asia,61.8926,-6.91181,2010,100.0,48656,0.0
FRO,Faroe Islands,Europe & Central Asia,61.8926,-6.91181,2011,100.0,48542,0.0
FRO,Faroe Islands,Europe & Central Asia,61.8926,-6.91181,2012,100.0,48290,0.0
FRO,Faroe Islands,Europe & Central Asia,61.8926,-6.91181,2013,100.0,48245,0.0
FRO,Faroe Islands,Europe & Central Asia,61.8926,-6.91181,2014,100.0,48427,0.0
FRO,Faroe Islands,Europe & Central Asia,61.8926,-6.91181,2015,100.0,48898,0.0
FRO,Faroe Islands,Europe & Central Asia,61.8926,-6.91181,2016,100.0,49463,0.0
FRO,Faroe Islands,Europe & Central Asia,61.8926,-6.91181,2017,100.0,50179,0.0
FRO,Faroe Islands,Europe & Central Asia,61.8926,-6.91181,2018,100.0,50997,0.0
FRO,Faroe Islands,Europe & Central Asia,61.8926,-6.91181,2019,100.0,51790,0.0
FRO,Faroe Islands,Europe & Central Asia,61.8926,-6.91181,2020,100.0,52561,0.0
FRO,Faroe Islands,Europe & Central Asia,61.8926,-6.91181,2021,100.0,53291,0.0
FRO,Faroe Islands,Europe & Central Asia,61.8926,-6.91181,2022,100.0,53903,0.0
FRO,Faroe Islands,Europe & Central Asia,61.8926,-6.91181,2023,100.0,54398,0.0
FRO,Faroe Islands,Europe & Central Asia,61.8926,-6.91181,2024,100.0,54640,0.0
FJI,Fiji,East Asia & Pacific,-18.1149,178.399,1996,66.9,803789,266054.159
FJI,Fiji,East Asia & Pacific,-18.1149,178.399,1997,71.7715148925781,812139,229254.5366665652
FJI,Fiji,East Asia & Pacific,-18.1149,178.399,1998,73.0895843505859,822258,221273.04551055946
FJI,Fiji,East Asia & Pacific,-18.1149,178.399,1999,74.4028167724609,831828,212924.53729797393
FJI,Fiji,East Asia & Pacific,-18.1149,178.399,2000,76.8,840909,195090.88799999998
FJI,Fiji,East Asia & Pacific,-18.1149,178.399,2001,77.7,849596,189459.90799999997
FJI,Fiji,East Asia & Pacific,-18.1149,178.399,2002,79.6,858049,175041.99600000007
FJI,Fiji,East Asia & Pacific,-18.1149,178.399,2003,80.0,866286,173257.19999999995
FJI,Fiji,East Asia & Pacific,-18.1149,178.399,2004,80.6,874366,169627.00400000004
FJI,Fiji,East Asia & Pacific,-18.1149,178.399,2005,81.6,882379,162357.73600000003
FJI,Fiji,East Asia & Pacific,-18.1149,178.399,2006,82.6,890365,154923.51000000004
FJI,Fiji,East Asia & Pacific,-18.1149,178.399,2007,88.9,897832,99659.35199999998
FJI,Fiji,East Asia & Pacific,-18.1149,178.399,2008,86.2,903399,124669.062
FJI,Fiji,East Asia & Pacific,-18.1149,178.399,2009,85.6,907239,130642.41600000001
FJI,Fiji,East Asia & Pacific,-18.1149,178.399,2010,92.4,910419,69191.84399999995
FJI,Fiji,East Asia & Pacific,-18.1149,178.399,2011,92.5,912989,68474.17499999996
FJI,Fiji,East Asia & Pacific,-18.1149,178.399,2012,92.6,914918,67703.93200000006
FJI,Fiji,East Asia & Pacific,-18.1149,178.399,2013,91.8,916352,75140.86400000006
FJI,Fiji,East Asia & Pacific,-18.1149,178.399,2014,93.0,917585,64230.94999999995
FJI,Fiji,East Asia & Pacific,-18.1149,178.399,2015,93.2,918578,62463.30399999995
FJI,Fiji,East Asia & Pacific,-18.1149,178.399,2016,93.4,919166,60664.955999999955
FJI,Fiji,East Asia & Pacific,-18.1149,178.399,2017,96.0,918759,36750.36000000003
FJI,Fiji,East Asia & Pacific,-18.1149,178.399,2018,95.1,917180,44941.82000000004
FJI,Fiji,East Asia & Pacific,-18.1149,178.399,2019,96.1,914899,35681.06100000003
FJI,Fiji,East Asia & Pacific,-18.1149,178.399,2020,97.1,914963,26533.927000000025
FJI,Fiji,East Asia & Pacific,-18.1149,178.399,2021,92.1,916711,72420.16900000007
FJI,Fiji,East Asia & Pacific,-18.1149,178.399,2022,92.0,919422,73553.75999999997
FJI,Fiji,East Asia & Pacific,-18.1149,178.399,2023,99.3,924145,6469.015000000006
FJI,Fiji,East Asia & Pacific,-18.1149,178.399,2024,95.9,928784,38080.14399999993
FIN,Finland,Europe & Central Asia,60.1608,24.9525,1990,100.0,4986431,0.0
FIN,Finland,Europe & Central Asia,60.1608,24.9525,1991,100.0,5013740,0.0
FIN,Finland,Europe & Central Asia,60.1608,24.9525,1992,100.0,5041992,0.0
FIN,Finland,Europe & Central Asia,60.1608,24.9525,1993,100.0,5066447,0.0
FIN,Finland,Europe & Central Asia,60.1608,24.9525,1994,100.0,5088333,0.0
FIN,Finland,Europe & Central Asia,60.1608,24.9525,1995,100.0,5107790,0.0
FIN,Finland,Europe & Central Asia,60.1608,24.9525,1996,100.0,5124573,0.0
FIN,Finland,Europe & Central Asia,60.1608,24.9525,1997,100.0,5139835,0.0
FIN,Finland,Europe & Central Asia,60.1608,24.9525,1998,100.0,5153498,0.0
FIN,Finland,Europe & Central Asia,60.1608,24.9525,1999,100.0,5165474,0.0
FIN,Finland,Europe & Central Asia,60.1608,24.9525,2000,100.0,5176209,0.0
FIN,Finland,Europe & Central Asia,60.1608,24.9525,2001,100.0,5188008,0.0
FIN,Finland,Europe & Central Asia,60.1608,24.9525,2002,100.0,5200598,0.0
FIN,Finland,Europe & Central Asia,60.1608,24.9525,2003,100.0,5213014,0.0
FIN,Finland,Europe & Central Asia,60.1608,24.9525,2004,100.0,5228172,0.0
FIN,Finland,Europe & Central Asia,60.1608,24.9525,2005,100.0,5246096,0.0
FIN,Finland,Europe & Central Asia,60.1608,24.9525,2006,100.0,5266268,0.0
FIN,Finland,Europe & Central Asia,60.1608,24.9525,2007,100.0,5288720,0.0
FIN,Finland,Europe & Central Asia,60.1608,24.9525,2008,100.0,5313399,0.0
FIN,Finland,Europe & Central Asia,60.1608,24.9525,2009,100.0,5338871,0.0
FIN,Finland,Europe & Central Asia,60.1608,24.9525,2010,100.0,5363352,0.0
FIN,Finland,Europe & Central Asia,60.1608,24.9525,2011,100.0,5388272,0.0
FIN,Finland,Europe & Central Asia,60.1608,24.9525,2012,100.0,5413971,0.0
FIN,Finland,Europe & Central Asia,60.1608,24.9525,2013,100.0,5438972,0.0
FIN,Finland,Europe & Central Asia,60.1608,24.9525,2014,100.0,5461512,0.0
FIN,Finland,Europe & Central Asia,60.1608,24.9525,2015,100.0,5479531,0.0
FIN,Finland,Europe & Central Asia,60.1608,24.9525,2016,100.0,5495303,0.0
FIN,Finland,Europe & Central Asia,60.1608,24.9525,2017,100.0,5508214,0.0
FIN,Finland,Europe & Central Asia,60.1608,24.9525,2018,100.0,5515525,0.0
FIN,Finland,Europe & Central Asia,60.1608,24.9525,2019,100.0,5521606,0.0
FIN,Finland,Europe & Central Asia,60.1608,24.9525,2020,100.0,5529543,0.0
FIN,Finland,Europe & Central Asia,60.1608,24.9525,2021,100.0,5541017,0.0
FIN,Finland,Europe & Central Asia,60.1608,24.9525,2022,100.0,5556106,0.0
FIN,Finland,Europe & Central Asia,60.1608,24.9525,2023,100.0,5583911,0.0
FIN,Finland,Europe & Central Asia,60.1608,24.9525,2024,100.0,5619911,0.0
FRA,France,Europe & Central Asia,48.8566,2.35097,1990,100.0,58261012,0.0
FRA,France,Europe & Central Asia,48.8566,2.35097,1991,100.0,58554242,0.0
FRA,France,Europe & Central Asia,48.8566,2.35097,1992,100.0,58846584,0.0
FRA,France,Europe & Central Asia,48.8566,2.35097,1993,100.0,59103094,0.0
FRA,France,Europe & Central Asia,48.8566,2.35097,1994,100.0,59324863,0.0
FRA,France,Europe & Central Asia,48.8566,2.35097,1995,100.0,59541294,0.0
FRA,France,Europe & Central Asia,48.8566,2.35097,1996,100.0,59754504,0.0
FRA,France,Europe & Central Asia,48.8566,2.35097,1997,100.0,59968066,0.0
FRA,France,Europe & Central Asia,48.8566,2.35097,1998,100.0,60190684,0.0
FRA,France,Europe & Central Asia,48.8566,2.35097,1999,100.0,60501986,0.0
FRA,France,Europe & Central Asia,48.8566,2.35097,2000,100.0,60918661,0.0
FRA,France,Europe & Central Asia,48.8566,2.35097,2001,100.0,61364377,0.0
FRA,France,Europe & Central Asia,48.8566,2.35097,2002,100.0,61812142,0.0
FRA,France,Europe & Central Asia,48.8566,2.35097,2003,100.0,62249855,0.0
FRA,France,Europe & Central Asia,48.8566,2.35097,2004,100.0,62707588,0.0
FRA,France,Europe & Central Asia,48.8566,2.35097,2005,100.0,63180854,0.0
FRA,France,Europe & Central Asia,48.8566,2.35097,2006,100.0,63622342,0.0
FRA,France,Europe & Central Asia,48.8566,2.35097,2007,100.0,64016890,0.0
FRA,France,Europe & Central Asia,48.8566,2.35097,2008,100.0,64375116,0.0
FRA,France,Europe & Central Asia,48.8566,2.35097,2009,100.0,64706436,0.0
FRA,France,Europe & Central Asia,48.8566,2.35097,2010,100.0,65026211,0.0
FRA,France,Europe & Central Asia,48.8566,2.35097,2011,100.0,65340830,0.0
FRA,France,Europe & Central Asia,48.8566,2.35097,2012,100.0,65657659,0.0
FRA,France,Europe & Central Asia,48.8566,2.35097,2013,100.0,65997932,0.0
FRA,France,Europe & Central Asia,48.8566,2.35097,2014,100.0,66312067,0.0
FRA,France,Europe & Central Asia,48.8566,2.35097,2015,100.0,66548272,0.0
FRA,France,Europe & Central Asia,48.8566,2.35097,2016,100.0,66724104,0.0
FRA,France,Europe & Central Asia,48.8566,2.35097,2017,100.0,66918020,0.0
FRA,France,Europe & Central Asia,48.8566,2.35097,2018,100.0,67158348,0.0
FRA,France,Europe & Central Asia,48.8566,2.35097,2019,100.0,67382061,0.0
FRA,France,Europe & Central Asia,48.8566,2.35097,2020,100.0,67601110,0.0
FRA,France,Europe & Central Asia,48.8566,2.35097,2021,100.0,67842811,0.0
FRA,France,Europe & Central Asia,48.8566,2.35097,2022,100.0,68184457,0.0
FRA,France,Europe & Central Asia,48.8566,2.35097,2023,100.0,68372286,0.0
FRA,France,Europe & Central Asia,48.8566,2.35097,2024,100.0,68551653,0.0
PYF,French Polynesia,East Asia & Pacific,-17.535,-149.57,1990,100.0,203776,0.0
PYF,French Polynesia,East Asia & Pacific,-17.535,-149.57,1991,100.0,207744,0.0
PYF,French Polynesia,East Asia & Pacific,-17.535,-149.57,1992,100.0,211559,0.0
PYF,French Polynesia,East Asia & Pacific,-17.535,-149.57,1993,100.0,215219,0.0
PYF,French Polynesia,East Asia & Pacific,-17.535,-149.57,1994,100.0,218738,0.0
PYF,French Polynesia,East Asia & Pacific,-17.535,-149.57,1995,100.0,222118,0.0
PYF,French Polynesia,East Asia & Pacific,-17.535,-149.57,1996,100.0,225489,0.0
PYF,French Polynesia,East Asia & Pacific,-17.535,-149.57,1997,100.0,229121,0.0
PYF,French Polynesia,East Asia & Pacific,-17.535,-149.57,1998,100.0,232891,0.0
PYF,French Polynesia,East Asia & Pacific,-17.535,-149.57,1999,100.0,236595,0.0
PYF,French Polynesia,East Asia & Pacific,-17.535,-149.57,2000,100.0,240337,0.0
PYF,French Polynesia,East Asia & Pacific,-17.535,-149.57,2001,100.0,244097,0.0
PYF,French Polynesia,East Asia & Pacific,-17.535,-149.57,2002,100.0,247775,0.0
PYF,French Polynesia,East Asia & Pacific,-17.535,-149.57,2003,100.0,251637,0.0
PYF,French Polynesia,East Asia & Pacific,-17.535,-149.57,2004,100.0,255654,0.0
PYF,French Polynesia,East Asia & Pacific,-17.535,-149.57,2005,100.0,259507,0.0
PYF,French Polynesia,East Asia & Pacific,-17.535,-149.57,2006,100.0,263223,0.0
PYF,French Polynesia,East Asia & Pacific,-17.535,-149.57,2007,100.0,266438,0.0
PYF,French Polynesia,East Asia & Pacific,-17.535,-149.57,2008,100.0,268379,0.0
PYF,French Polynesia,East Asia & Pacific,-17.535,-149.57,2009,100.0,269481,0.0
PYF,French Polynesia,East Asia & Pacific,-17.535,-149.57,2010,100.0,270580,0.0
PYF,French Polynesia,East Asia & Pacific,-17.535,-149.57,2011,100.0,271727,0.0
PYF,French Polynesia,East Asia & Pacific,-17.535,-149.57,2012,100.0,273084,0.0
PYF,French Polynesia,East Asia & Pacific,-17.535,-149.57,2013,100.0,274728,0.0
PYF,French Polynesia,East Asia & Pacific,-17.535,-149.57,2014,100.0,276387,0.0
PYF,French Polynesia,East Asia & Pacific,-17.535,-149.57,2015,100.0,277866,0.0
PYF,French Polynesia,East Asia & Pacific,-17.535,-149.57,2016,100.0,279178,0.0
PYF,French Polynesia,East Asia & Pacific,-17.535,-149.57,2017,100.0,280087,0.0
PYF,French Polynesia,East Asia & Pacific,-17.535,-149.57,2018,100.0,279815,0.0
PYF,French Polynesia,East Asia & Pacific,-17.535,-149.57,2019,100.0,279034,0.0
PYF,French Polynesia,East Asia & Pacific,-17.535,-149.57,2020,100.0,279209,0.0
PYF,French Polynesia,East Asia & Pacific,-17.535,-149.57,2021,100.0,279792,0.0
PYF,French Polynesia,East Asia & Pacific,-17.535,-149.57,2022,100.0,280378,0.0
PYF,French Polynesia,East Asia & Pacific,-17.535,-149.57,2023,100.0,281118,0.0
PYF,French Polynesia,East Asia & Pacific,-17.535,-149.57,2024,100.0,281807,0.0
GAB,Gabon,Sub-Saharan Africa,0.38832,9.45162,2000,73.6,1275572,336751.00800000003
GAB,Gabon,Sub-Saharan Africa,0.38832,9.45162,2001,77.2,1309589,298586.29199999996
GAB,Gabon,Sub-Saharan Africa,0.38832,9.45162,2002,77.8,1345135,298619.97
GAB,Gabon,Sub-Saharan Africa,0.38832,9.45162,2003,78.5,1382350,297205.24999999994
GAB,Gabon,Sub-Saharan Africa,0.38832,9.45162,2004,79.2,1421609,295694.67199999996
GAB,Gabon,Sub-Saharan Africa,0.38832,9.45162,2005,81.6,1463495,269283.0800000001
GAB,Gabon,Sub-Saharan Africa,0.38832,9.45162,2006,80.5,1508337,294125.7149999999
GAB,Gabon,Sub-Saharan Africa,0.38832,9.45162,2007,81.3,1556237,291016.3190000001
GAB,Gabon,Sub-Saharan Africa,0.38832,9.45162,2008,82.0,1607175,289291.50000000006
GAB,Gabon,Sub-Saharan Africa,0.38832,9.45162,2009,82.7,1661556,287449.1879999999
GAB,Gabon,Sub-Saharan Africa,0.38832,9.45162,2010,89.3,1719879,184027.05299999999
GAB,Gabon,Sub-Saharan Africa,0.38832,9.45162,2011,88.7,1781985,201364.305
GAB,Gabon,Sub-Saharan Africa,0.38832,9.45162,2012,89.3,1846889,197617.12299999996
GAB,Gabon,Sub-Saharan Africa,0.38832,9.45162,2013,86.4,1913059,260176.0239999998
GAB,Gabon,Sub-Saharan Africa,0.38832,9.45162,2014,87.1,1978399,255213.47100000002
GAB,Gabon,Sub-Saharan Africa,0.38832,9.45162,2015,87.3,2040989,259205.603
GAB,Gabon,Sub-Saharan Africa,0.38832,9.45162,2016,88.1,2100306,249936.41400000022
GAB,Gabon,Sub-Saharan Africa,0.38832,9.45162,2017,86.3,2156900,295495.30000000005
GAB,Gabon,Sub-Saharan Africa,0.38832,9.45162,2018,89.6,2212318,230081.07200000022
GAB,Gabon,Sub-Saharan Africa,0.38832,9.45162,2019,90.3,2267706,219967.48199999993
GAB,Gabon,Sub-Saharan Africa,0.38832,9.45162,2020,91.1,2322539,206705.9710000002
GAB,Gabon,Sub-Saharan Africa,0.38832,9.45162,2021,91.8,2376722,194891.20400000017
GAB,Gabon,Sub-Saharan Africa,0.38832,9.45162,2022,93.5,2430747,157998.55499999988
GAB,Gabon,Sub-Saharan Africa,0.38832,9.45162,2023,94.1,2484789,146602.55100000012
GAB,Gabon,Sub-Saharan Africa,0.38832,9.45162,2024,95.1,2538952,124408.64800000012
GMB,"Gambia, The",Sub-Saharan Africa,13.4495,-16.5885,1993,17.7,1188365,978024.3949999999
GMB,"Gambia, The",Sub-Saharan Africa,13.4495,-16.5885,1994,18.2500495910645,1227226,1003256.6464055628
GMB,"Gambia, The",Sub-Saharan Africa,13.4495,-16.5885,1995,19.921443939209,1264313,1012443.5944888685
GMB,"Gambia, The",Sub-Saharan Africa,13.4495,-16.5885,1996,21.5901184082031,1301410,1020434.0400238041
GMB,"Gambia, The",Sub-Saharan Africa,13.4495,-16.5885,1997,23.255392074585,1338889,1027525.1136065096
GMB,"Gambia, The",Sub-Saharan Africa,13.4495,-16.5885,1998,24.9165878295898,1376987,1033888.8247429663
GMB,"Gambia, The",Sub-Saharan Africa,13.4495,-16.5885,1999,26.572940826416,1415779,1039564.8840971758
GMB,"Gambia, The",Sub-Saharan Africa,13.4495,-16.5885,2000,34.3,1455084,955990.1880000001
GMB,"Gambia, The",Sub-Saharan Africa,13.4495,-16.5885,2001,29.9,1495011,1048002.7110000001
GMB,"Gambia, The",Sub-Saharan Africa,13.4495,-16.5885,2002,31.5,1535691,1051948.3350000002
GMB,"Gambia, The",Sub-Saharan Africa,13.4495,-16.5885,2003,27.8,1577611,1139035.142
GMB,"Gambia, The",Sub-Saharan Africa,13.4495,-16.5885,2004,34.8,1621312,1057095.424
GMB,"Gambia, The",Sub-Saharan Africa,13.4495,-16.5885,2005,30.5,1667037,1158590.715
GMB,"Gambia, The",Sub-Saharan Africa,13.4495,-16.5885,2006,38.1,1715275,1061755.225
GMB,"Gambia, The",Sub-Saharan Africa,13.4495,-16.5885,2007,39.8,1765774,1062995.948
GMB,"Gambia, The",Sub-Saharan Africa,13.4495,-16.5885,2008,41.5,1817852,1063443.42
GMB,"Gambia, The",Sub-Saharan Africa,13.4495,-16.5885,2009,43.2,1871422,1062967.696
GMB,"Gambia, The",Sub-Saharan Africa,13.4495,-16.5885,2010,46.8,1926630,1024967.16
GMB,"Gambia, The",Sub-Saharan Africa,13.4495,-16.5885,2011,48.3,1983784,1025616.328
GMB,"Gambia, The",Sub-Saharan Africa,13.4495,-16.5885,2012,49.9,2043094,1023590.094
GMB,"Gambia, The",Sub-Saharan Africa,13.4495,-16.5885,2013,51.5,2103820,1020352.7
GMB,"Gambia, The",Sub-Saharan Africa,13.4495,-16.5885,2014,53.0,2164528,1017328.1599999999
GMB,"Gambia, The",Sub-Saharan Africa,13.4495,-16.5885,2015,54.7,2224529,1007711.6369999999
GMB,"Gambia, The",Sub-Saharan Africa,13.4495,-16.5885,2016,56.4,2283769,995723.2840000001
GMB,"Gambia, The",Sub-Saharan Africa,13.4495,-16.5885,2017,56.2,2342189,1025878.7819999999
GMB,"Gambia, The",Sub-Saharan Africa,13.4495,-16.5885,2018,60.3,2399632,952653.9040000001
GMB,"Gambia, The",Sub-Saharan Africa,13.4495,-16.5885,2019,62.1,2456844,931143.876
GMB,"Gambia, The",Sub-Saharan Africa,13.4495,-16.5885,2020,62.2,2515733,950947.074
GMB,"Gambia, The",Sub-Saharan Africa,13.4495,-16.5885,2021,63.7,2576010,935091.63
GMB,"Gambia, The",Sub-Saharan Africa,13.4495,-16.5885,2022,65.4,2636470,912218.6199999999
GMB,"Gambia, The",Sub-Saharan Africa,13.4495,-16.5885,2023,66.9,2697845,892986.695
GMB,"Gambia, The",Sub-Saharan Africa,13.4495,-16.5885,2024,69.0,2759988,855596.2800000001
GEO,Georgia,Europe & Central Asia,41.71,44.793,2000,99.8,4077131,8154.262000000007
GEO,Georgia,Europe & Central Asia,41.71,44.793,2001,99.8,4014373,8028.746000000007
GEO,Georgia,Europe & Central Asia,41.71,44.793,2002,99.9,3978515,3978.514999999562
GEO,Georgia,Europe & Central Asia,41.71,44.793,2003,100.0,3951736,0.0
GEO,Georgia,Europe & Central Asia,41.71,44.793,2004,99.9,3927340,3927.3399999995677
GEO,Georgia,Europe & Central Asia,41.71,44.793,2005,97.9,3902469,81951.84899999964
GEO,Georgia,Europe & Central Asia,41.71,44.793,2006,100.0,3880347,0.0
GEO,Georgia,Europe & Central Asia,41.71,44.793,2007,100.0,3860158,0.0
GEO,Georgia,Europe & Central Asia,41.71,44.793,2008,100.0,3848449,0.0
GEO,Georgia,Europe & Central Asia,41.71,44.793,2009,100.0,3814419,0.0
GEO,Georgia,Europe & Central Asia,41.71,44.793,2010,100.0,3786695,0.0
GEO,Georgia,Europe & Central Asia,41.71,44.793,2011,100.0,3756441,0.0
GEO,Georgia,Europe & Central Asia,41.71,44.793,2012,100.0,3728874,0.0
GEO,Georgia,Europe & Central Asia,41.71,44.793,2013,100.0,3717668,0.0
GEO,Georgia,Europe & Central Asia,41.71,44.793,2014,100.0,3719414,0.0
GEO,Georgia,Europe & Central Asia,41.71,44.793,2015,100.0,3725276,0.0
GEO,Georgia,Europe & Central Asia,41.71,44.793,2016,100.0,3727505,0.0
GEO,Georgia,Europe & Central Asia,41.71,44.793,2017,100.0,3728004,0.0
GEO,Georgia,Europe & Central Asia,41.71,44.793,2018,99.9,3726549,3726.54899999959
GEO,Georgia,Europe & Central Asia,41.71,44.793,2019,100.0,3720161,0.0
GEO,Georgia,Europe & Central Asia,41.71,44.793,2020,100.0,3722716,0.0
GEO,Georgia,Europe & Central Asia,41.71,44.793,2021,100.0,3708610,0.0
GEO,Georgia,Europe & Central Asia,41.71,44.793,2022,100.0,3712502,0.0
GEO,Georgia,Europe & Central Asia,41.71,44.793,2023,100.0,3715483,0.0
GEO,Georgia,Europe & Central Asia,41.71,44.793,2024,100.0,3812518,0.0
DEU,Germany,Europe & Central Asia,52.5235,13.4115,1990,100.0,79433029,0.0
DEU,Germany,Europe & Central Asia,52.5235,13.4115,1991,100.0,80013896,0.0
DEU,Germany,Europe & Central Asia,52.5235,13.4115,1992,100.0,80624598,0.0
DEU,Germany,Europe & Central Asia,52.5235,13.4115,1993,100.0,81156363,0.0
DEU,Germany,Europe & Central Asia,52.5235,13.4115,1994,100.0,81438348,0.0
DEU,Germany,Europe & Central Asia,52.5235,13.4115,1995,100.0,81678051,0.0
DEU,Germany,Europe & Central Asia,52.5235,13.4115,1996,100.0,81914831,0.0
DEU,Germany,Europe & Central Asia,52.5235,13.4115,1997,100.0,82034771,0.0
DEU,Germany,Europe & Central Asia,52.5235,13.4115,1998,100.0,82047195,0.0
DEU,Germany,Europe & Central Asia,52.5235,13.4115,1999,100.0,82100243,0.0
DEU,Germany,Europe & Central Asia,52.5235,13.4115,2000,100.0,82211508,0.0
DEU,Germany,Europe & Central Asia,52.5235,13.4115,2001,100.0,82349925,0.0
DEU,Germany,Europe & Central Asia,52.5235,13.4115,2002,100.0,82488495,0.0
DEU,Germany,Europe & Central Asia,52.5235,13.4115,2003,100.0,82534176,0.0
DEU,Germany,Europe & Central Asia,52.5235,13.4115,2004,100.0,82516260,0.0
DEU,Germany,Europe & Central Asia,52.5235,13.4115,2005,100.0,82469422,0.0
DEU,Germany,Europe & Central Asia,52.5235,13.4115,2006,100.0,82376451,0.0
DEU,Germany,Europe & Central Asia,52.5235,13.4115,2007,100.0,82266372,0.0
DEU,Germany,Europe & Central Asia,52.5235,13.4115,2008,100.0,82110097,0.0
DEU,Germany,Europe & Central Asia,52.5235,13.4115,2009,100.0,81902307,0.0
DEU,Germany,Europe & Central Asia,52.5235,13.4115,2010,100.0,81776930,0.0
DEU,Germany,Europe & Central Asia,52.5235,13.4115,2011,100.0,80274983,0.0
DEU,Germany,Europe & Central Asia,52.5235,13.4115,2012,100.0,80425823,0.0
DEU,Germany,Europe & Central Asia,52.5235,13.4115,2013,100.0,80645605,0.0
DEU,Germany,Europe & Central Asia,52.5235,13.4115,2014,100.0,80982500,0.0
DEU,Germany,Europe & Central Asia,52.5235,13.4115,2015,100.0,81686611,0.0
DEU,Germany,Europe & Central Asia,52.5235,13.4115,2016,100.0,82348669,0.0
DEU,Germany,Europe & Central Asia,52.5235,13.4115,2017,100.0,82657002,0.0
DEU,Germany,Europe & Central Asia,52.5235,13.4115,2018,100.0,82905782,0.0
DEU,Germany,Europe & Central Asia,52.5235,13.4115,2019,100.0,83092962,0.0
DEU,Germany,Europe & Central Asia,52.5235,13.4115,2020,100.0,83160871,0.0
DEU,Germany,Europe & Central Asia,52.5235,13.4115,2021,100.0,83196078,0.0
DEU,Germany,Europe & Central Asia,52.5235,13.4115,2022,100.0,83177813,0.0
DEU,Germany,Europe & Central Asia,52.5235,13.4115,2023,100.0,83287273,0.0
DEU,Germany,Europe & Central Asia,52.5235,13.4115,2024,100.0,83516593,0.0
GHA,Ghana,Sub-Saharan Africa,5.57045,-0.20795,1993,30.6,16589519,11513126.185999999
GHA,Ghana,Sub-Saharan Africa,5.57045,-0.20795,1994,30.36940574646,16993190,11832459.179633135
GHA,Ghana,Sub-Saharan Africa,5.57045,-0.20795,1995,32.4504508972168,17399017,11752957.531816596
GHA,Ghana,Sub-Saharan Africa,5.57045,-0.20795,1996,34.5287704467773,17810181,11660544.486354453
GHA,Ghana,Sub-Saharan Africa,5.57045,-0.20795,1997,36.6036949157715,18238958,11562825.457864301
GHA,Ghana,Sub-Saharan Africa,5.57045,-0.20795,1998,42.6,18688036,10726932.664
GHA,Ghana,Sub-Saharan Africa,5.57045,-0.20795,1999,40.7405395507813,19149864,11348106.083159171
GHA,Ghana,Sub-Saharan Africa,5.57045,-0.20795,2000,43.7,19637087,11055679.980999999
GHA,Ghana,Sub-Saharan Africa,5.57045,-0.20795,2001,44.8,20167069,11132222.088000001
GHA,Ghana,Sub-Saharan Africa,5.57045,-0.20795,2002,46.8,20729388,11028034.416000001
GHA,Ghana,Sub-Saharan Africa,5.57045,-0.20795,2003,48.3,21296705,11010396.485
GHA,Ghana,Sub-Saharan Africa,5.57045,-0.20795,2004,50.8,21868298,10759202.616
GHA,Ghana,Sub-Saharan Africa,5.57045,-0.20795,2005,41.2,22449438,13200269.544
GHA,Ghana,Sub-Saharan Africa,5.57045,-0.20795,2006,55.1,23040702,10345275.197999999
GHA,Ghana,Sub-Saharan Africa,5.57045,-0.20795,2007,56.9,23642279,10189822.249000002
GHA,Ghana,Sub-Saharan Africa,5.57045,-0.20795,2008,60.5,24249946,9578728.67
GHA,Ghana,Sub-Saharan Africa,5.57045,-0.20795,2009,61.1,24862664,9671576.296
GHA,Ghana,Sub-Saharan Africa,5.57045,-0.20795,2010,64.2,25474995,9120048.209999999
GHA,Ghana,Sub-Saharan Africa,5.57045,-0.20795,2011,64.1,26095088,9368136.592000002
GHA,Ghana,Sub-Saharan Africa,5.57045,-0.20795,2012,56.5,26734268,11629406.580000002
GHA,Ghana,Sub-Saharan Africa,5.57045,-0.20795,2013,70.7,27386193,8024154.548999998
GHA,Ghana,Sub-Saharan Africa,5.57045,-0.20795,2014,78.3,28041592,6085025.4640000025
GHA,Ghana,Sub-Saharan Africa,5.57045,-0.20795,2015,74.0,28696068,7460977.680000001
GHA,Ghana,Sub-Saharan Africa,5.57045,-0.20795,2016,79.3,29356742,6076845.594000002
GHA,Ghana,Sub-Saharan Africa,5.57045,-0.20795,2017,79.0,30008354,6301754.339999999
GHA,Ghana,Sub-Saharan Africa,5.57045,-0.20795,2018,80.4,30637585,6004966.659999998
GHA,Ghana,Sub-Saharan Africa,5.57045,-0.20795,2019,83.5,31258945,5157725.925000001
GHA,Ghana,Sub-Saharan Africa,5.57045,-0.20795,2020,85.4,31887809,4655620.113999997
GHA,Ghana,Sub-Saharan Africa,5.57045,-0.20795,2021,86.3,32518665,4455057.105
GHA,Ghana,Sub-Saharan Africa,5.57045,-0.20795,2022,85.1,33149152,4939223.648000001
GHA,Ghana,Sub-Saharan Africa,5.57045,-0.20795,2023,89.5,33787914,3547730.9699999993
GHA,Ghana,Sub-Saharan Africa,5.57045,-0.20795,2024,91.9,34427414,2788620.5339999986
GIB,Gibraltar,Europe & Central Asia,,,1990,100.0,27200,0.0
GIB,Gibraltar,Europe & Central Asia,,,1991,100.0,26898,0.0
GIB,Gibraltar,Europe & Central Asia,,,1992,100.0,26878,0.0
GIB,Gibraltar,Europe & Central Asia,,,1993,100.0,27070,0.0
GIB,Gibraltar,Europe & Central Asia,,,1994,100.0,27239,0.0
GIB,Gibraltar,Europe & Central Asia,,,1995,100.0,27377,0.0
GIB,Gibraltar,Europe & Central Asia,,,1996,100.0,27487,0.0
GIB,Gibraltar,Europe & Central Asia,,,1997,100.0,27582,0.0
GIB,Gibraltar,Europe & Central Asia,,,1998,100.0,27650,0.0
GIB,Gibraltar,Europe & Central Asia,,,1999,100.0,27692,0.0
GIB,Gibraltar,Europe & Central Asia,,,2000,99.9,27709,27.708999999996948
GIB,Gibraltar,Europe & Central Asia,,,2001,99.9,27657,27.656999999996955
GIB,Gibraltar,Europe & Central Asia,,,2002,99.8,27831,55.66200000000005
GIB,Gibraltar,Europe & Central Asia,,,2003,99.8,28274,56.54800000000005
GIB,Gibraltar,Europe & Central Asia,,,2004,99.7,28715,86.14500000000008
GIB,Gibraltar,Europe & Central Asia,,,2005,99.7,29163,87.48900000000008
GIB,Gibraltar,Europe & Central Asia,,,2006,99.7,29594,88.78200000000008
GIB,Gibraltar,Europe & Central Asia,,,2007,99.7,30006,90.01800000000009
GIB,Gibraltar,Europe & Central Asia,,,2008,99.7,30413,91.23900000000008
GIB,Gibraltar,Europe & Central Asia,,,2009,100.0,30823,0.0
GIB,Gibraltar,Europe & Central Asia,,,2010,100.0,31248,0.0
GIB,Gibraltar,Europe & Central Asia,,,2011,99.8,31660,63.32000000000006
GIB,Gibraltar,Europe & Central Asia,,,2012,99.9,32029,32.02899999999647
GIB,Gibraltar,Europe & Central Asia,,,2013,99.9,32407,32.40699999999643
GIB,Gibraltar,Europe & Central Asia,,,2014,99.9,32813,32.812999999996386
GIB,Gibraltar,Europe & Central Asia,,,2015,100.0,33193,0.0
GIB,Gibraltar,Europe & Central Asia,,,2016,100.0,33658,0.0
GIB,Gibraltar,Europe & Central Asia,,,2017,100.0,34245,0.0
GIB,Gibraltar,Europe & Central Asia,,,2018,100.0,34854,0.0
GIB,Gibraltar,Europe & Central Asia,,,2019,100.0,35494,0.0
GIB,Gibraltar,Europe & Central Asia,,,2020,100.0,36173,0.0
GIB,Gibraltar,Europe & Central Asia,,,2021,100.0,36858,0.0
GIB,Gibraltar,Europe & Central Asia,,,2022,100.0,37609,0.0
GIB,Gibraltar,Europe & Central Asia,,,2023,100.0,38471,0.0
GIB,Gibraltar,Europe & Central Asia,,,2024,100.0,39329,0.0
GRC,Greece,Europe & Central Asia,37.9792,23.7166,1990,100.0,10196792,0.0
GRC,Greece,Europe & Central Asia,37.9792,23.7166,1991,100.0,10319927,0.0
GRC,Greece,Europe & Central Asia,37.9792,23.7166,1992,100.0,10399061,0.0
GRC,Greece,Europe & Central Asia,37.9792,23.7166,1993,100.0,10460415,0.0
GRC,Greece,Europe & Central Asia,37.9792,23.7166,1994,100.0,10512922,0.0
GRC,Greece,Europe & Central Asia,37.9792,23.7166,1995,100.0,10562153,0.0
GRC,Greece,Europe & Central Asia,37.9792,23.7166,1996,100.0,10608800,0.0
GRC,Greece,Europe & Central Asia,37.9792,23.7166,1997,100.0,10661259,0.0
GRC,Greece,Europe & Central Asia,37.9792,23.7166,1998,100.0,10720509,0.0
GRC,Greece,Europe & Central Asia,37.9792,23.7166,1999,100.0,10761698,0.0
GRC,Greece,Europe & Central Asia,37.9792,23.7166,2000,100.0,10805808,0.0
GRC,Greece,Europe & Central Asia,37.9792,23.7166,2001,100.0,10862132,0.0
GRC,Greece,Europe & Central Asia,37.9792,23.7166,2002,100.0,10902022,0.0
GRC,Greece,Europe & Central Asia,37.9792,23.7166,2003,100.0,10928070,0.0
GRC,Greece,Europe & Central Asia,37.9792,23.7166,2004,100.0,10955141,0.0
GRC,Greece,Europe & Central Asia,37.9792,23.7166,2005,100.0,10987314,0.0
GRC,Greece,Europe & Central Asia,37.9792,23.7166,2006,100.0,11020362,0.0
GRC,Greece,Europe & Central Asia,37.9792,23.7166,2007,100.0,11048473,0.0
GRC,Greece,Europe & Central Asia,37.9792,23.7166,2008,100.0,11077841,0.0
GRC,Greece,Europe & Central Asia,37.9792,23.7166,2009,100.0,11107017,0.0
GRC,Greece,Europe & Central Asia,37.9792,23.7166,2010,100.0,11121341,0.0
GRC,Greece,Europe & Central Asia,37.9792,23.7166,2011,100.0,11104899,0.0
GRC,Greece,Europe & Central Asia,37.9792,23.7166,2012,100.0,11045011,0.0
GRC,Greece,Europe & Central Asia,37.9792,23.7166,2013,100.0,10965211,0.0
GRC,Greece,Europe & Central Asia,37.9792,23.7166,2014,100.0,10892413,0.0
GRC,Greece,Europe & Central Asia,37.9792,23.7166,2015,100.0,10820883,0.0
GRC,Greece,Europe & Central Asia,37.9792,23.7166,2016,100.0,10775971,0.0
GRC,Greece,Europe & Central Asia,37.9792,23.7166,2017,100.0,10754679,0.0
GRC,Greece,Europe & Central Asia,37.9792,23.7166,2018,100.0,10732882,0.0
GRC,Greece,Europe & Central Asia,37.9792,23.7166,2019,100.0,10721582,0.0
GRC,Greece,Europe & Central Asia,37.9792,23.7166,2020,100.0,10698599,0.0
GRC,Greece,Europe & Central Asia,37.9792,23.7166,2021,100.0,10570130,0.0
GRC,Greece,Europe & Central Asia,37.9792,23.7166,2022,100.0,10437805,0.0
GRC,Greece,Europe & Central Asia,37.9792,23.7166,2023,100.0,10407351,0.0
GRC,Greece,Europe & Central Asia,37.9792,23.7166,2024,100.0,10405134,0.0
GRL,Greenland,Europe & Central Asia,64.1836,-51.7214,1990,100.0,55600,0.0
GRL,Greenland,Europe & Central Asia,64.1836,-51.7214,1991,100.0,55500,0.0
GRL,Greenland,Europe & Central Asia,64.1836,-51.7214,1992,100.0,55300,0.0
GRL,Greenland,Europe & Central Asia,64.1836,-51.7214,1993,100.0,55200,0.0
GRL,Greenland,Europe & Central Asia,64.1836,-51.7214,1994,100.0,55500,0.0
GRL,Greenland,Europe & Central Asia,64.1836,-51.7214,1995,100.0,55800,0.0
GRL,Greenland,Europe & Central Asia,64.1836,-51.7214,1996,100.0,55900,0.0
GRL,Greenland,Europe & Central Asia,64.1836,-51.7214,1997,100.0,56000,0.0
GRL,Greenland,Europe & Central Asia,64.1836,-51.7214,1998,100.0,56100,0.0
GRL,Greenland,Europe & Central Asia,64.1836,-51.7214,1999,100.0,56100,0.0
GRL,Greenland,Europe & Central Asia,64.1836,-51.7214,2000,100.0,56185,0.0
GRL,Greenland,Europe & Central Asia,64.1836,-51.7214,2001,100.0,56379,0.0
GRL,Greenland,Europe & Central Asia,64.1836,-51.7214,2002,100.0,56595,0.0
GRL,Greenland,Europe & Central Asia,64.1836,-51.7214,2003,100.0,56751,0.0
GRL,Greenland,Europe & Central Asia,64.1836,-51.7214,2004,100.0,56898,0.0
GRL,Greenland,Europe & Central Asia,64.1836,-51.7214,2005,100.0,56935,0.0
GRL,Greenland,Europe & Central Asia,64.1836,-51.7214,2006,100.0,56775,0.0
GRL,Greenland,Europe & Central Asia,64.1836,-51.7214,2007,100.0,56555,0.0
GRL,Greenland,Europe & Central Asia,64.1836,-51.7214,2008,100.0,56328,0.0
GRL,Greenland,Europe & Central Asia,64.1836,-51.7214,2009,100.0,56323,0.0
GRL,Greenland,Europe & Central Asia,64.1836,-51.7214,2010,100.0,56534,0.0
GRL,Greenland,Europe & Central Asia,64.1836,-51.7214,2011,100.0,56890,0.0
GRL,Greenland,Europe & Central Asia,64.1836,-51.7214,2012,100.0,56810,0.0
GRL,Greenland,Europe & Central Asia,64.1836,-51.7214,2013,100.0,56483,0.0
GRL,Greenland,Europe & Central Asia,64.1836,-51.7214,2014,100.0,56295,0.0
GRL,Greenland,Europe & Central Asia,64.1836,-51.7214,2015,100.0,56114,0.0
GRL,Greenland,Europe & Central Asia,64.1836,-51.7214,2016,100.0,56186,0.0
GRL,Greenland,Europe & Central Asia,64.1836,-51.7214,2017,100.0,56172,0.0
GRL,Greenland,Europe & Central Asia,64.1836,-51.7214,2018,100.0,56023,0.0
GRL,Greenland,Europe & Central Asia,64.1836,-51.7214,2019,100.0,56225,0.0
GRL,Greenland,Europe & Central Asia,64.1836,-51.7214,2020,100.0,56367,0.0
GRL,Greenland,Europe & Central Asia,64.1836,-51.7214,2021,100.0,56653,0.0
GRL,Greenland,Europe & Central Asia,64.1836,-51.7214,2022,100.0,56661,0.0
GRL,Greenland,Europe & Central Asia,64.1836,-51.7214,2023,100.0,56865,0.0
GRL,Greenland,Europe & Central Asia,64.1836,-51.7214,2024,100.0,56836,0.0
GRD,Grenada,Latin America & Caribbean,12.0653,-61.7449,1998,85.04,106009,15858.946399999995
GRD,Grenada,Latin America & Caribbean,12.0653,-61.7449,1999,85.5294647216797,106727,15443.968186492903
GRD,Grenada,Latin America & Caribbean,12.0653,-61.7449,2000,86.0,107451,15043.140000000001
GRD,Grenada,Latin America & Caribbean,12.0653,-61.7449,2001,86.3,107987,14794.219000000001
GRD,Grenada,Latin America & Caribbean,12.0653,-61.7449,2002,86.6,108404,14526.136
GRD,Grenada,Latin America & Caribbean,12.0653,-61.7449,2003,86.9,108884,14263.80399999999
GRD,Grenada,Latin America & Caribbean,12.0653,-61.7449,2004,87.2,109323,13993.344000000001
GRD,Grenada,Latin America & Caribbean,12.0653,-61.7449,2005,87.5,109734,13716.75
GRD,Grenada,Latin America & Caribbean,12.0653,-61.7449,2006,87.9,110135,13326.335
GRD,Grenada,Latin America & Caribbean,12.0653,-61.7449,2007,88.2,110522,13041.596
GRD,Grenada,Latin America & Caribbean,12.0653,-61.7449,2008,90.0,110896,11089.599999999997
GRD,Grenada,Latin America & Caribbean,12.0653,-61.7449,2009,89.0,111254,12237.939999999999
GRD,Grenada,Latin America & Caribbean,12.0653,-61.7449,2010,89.4,111586,11828.115999999998
GRD,Grenada,Latin America & Caribbean,12.0653,-61.7449,2011,88.8,112079,12552.847999999998
GRD,Grenada,Latin America & Caribbean,12.0653,-61.7449,2012,90.2,112775,11051.949999999997
GRD,Grenada,Latin America & Caribbean,12.0653,-61.7449,2013,90.6,113487,10667.77800000001
GRD,Grenada,Latin America & Caribbean,12.0653,-61.7449,2014,91.0,114132,10271.879999999996
GRD,Grenada,Latin America & Caribbean,12.0653,-61.7449,2015,91.4,114676,9862.135999999997
GRD,Grenada,Latin America & Caribbean,12.0653,-61.7449,2016,91.8,115130,9440.660000000009
GRD,Grenada,Latin America & Caribbean,12.0653,-61.7449,2017,92.2,115438,9004.163999999995
GRD,Grenada,Latin America & Caribbean,12.0653,-61.7449,2018,92.3,115691,8908.207000000008
GRD,Grenada,Latin America & Caribbean,12.0653,-61.7449,2019,93.0,115981,8118.669999999995
GRD,Grenada,Latin America & Caribbean,12.0653,-61.7449,2020,93.4,116341,7678.505999999994
GRD,Grenada,Latin America & Caribbean,12.0653,-61.7449,2021,93.7,116688,7351.343999999994
GRD,Grenada,Latin America & Caribbean,12.0653,-61.7449,2022,94.2,116913,6780.953999999993
GRD,Grenada,Latin America & Caribbean,12.0653,-61.7449,2023,94.4,117081,6556.535999999993
GRD,Grenada,Latin America & Caribbean,12.0653,-61.7449,2024,95.6,117207,5157.108000000005
GUM,Guam,East Asia & Pacific,13.4443,144.794,1990,99.8443069458008,138610,215.8061424255137
GUM,Guam,East Asia & Pacific,13.4443,144.794,1991,99.8758163452148,141073,175.1896073151305
GUM,Guam,East Asia & Pacific,13.4443,144.794,1992,99.906867980957,143393,133.54479606632367
GUM,Guam,East Asia & Pacific,13.4443,144.794,1993,99.937255859375,145654,91.38935058594332
GUM,Guam,East Asia & Pacific,13.4443,144.794,1994,99.9650802612305,147868,51.635119323685814
GUM,Guam,East Asia & Pacific,13.4443,144.794,1995,100.0,150054,0.0
GUM,Guam,East Asia & Pacific,13.4443,144.794,1996,100.0,152169,0.0
GUM,Guam,East Asia & Pacific,13.4443,144.794,1997,100.0,154215,0.0
GUM,Guam,East Asia & Pacific,13.4443,144.794,1998,100.0,156237,0.0
GUM,Guam,East Asia & Pacific,13.4443,144.794,1999,100.0,158289,0.0
GUM,Guam,East Asia & Pacific,13.4443,144.794,2000,100.0,160065,0.0
GUM,Guam,East Asia & Pacific,13.4443,144.794,2001,100.0,161329,0.0
GUM,Guam,East Asia & Pacific,13.4443,144.794,2002,100.0,162315,0.0
GUM,Guam,East Asia & Pacific,13.4443,144.794,2003,100.0,163137,0.0
GUM,Guam,East Asia & Pacific,13.4443,144.794,2004,100.0,163810,0.0
GUM,Guam,East Asia & Pacific,13.4443,144.794,2005,100.0,164365,0.0
GUM,Guam,East Asia & Pacific,13.4443,144.794,2006,100.0,164839,0.0
GUM,Guam,East Asia & Pacific,13.4443,144.794,2007,100.0,165267,0.0
GUM,Guam,East Asia & Pacific,13.4443,144.794,2008,100.0,165693,0.0
GUM,Guam,East Asia & Pacific,13.4443,144.794,2009,100.0,166173,0.0
GUM,Guam,East Asia & Pacific,13.4443,144.794,2010,100.0,166522,0.0
GUM,Guam,East Asia & Pacific,13.4443,144.794,2011,100.0,166543,0.0
GUM,Guam,East Asia & Pacific,13.4443,144.794,2012,100.0,166331,0.0
GUM,Guam,East Asia & Pacific,13.4443,144.794,2013,100.0,165966,0.0
GUM,Guam,East Asia & Pacific,13.4443,144.794,2014,100.0,165486,0.0
GUM,Guam,East Asia & Pacific,13.4443,144.794,2015,100.0,164905,0.0
GUM,Guam,East Asia & Pacific,13.4443,144.794,2016,100.0,164233,0.0
GUM,Guam,East Asia & Pacific,13.4443,144.794,2017,100.0,163490,0.0
GUM,Guam,East Asia & Pacific,13.4443,144.794,2018,100.0,162679,0.0
GUM,Guam,East Asia & Pacific,13.4443,144.794,2019,100.0,161808,0.0
GUM,Guam,East Asia & Pacific,13.4443,144.794,2020,100.0,162158,0.0
GUM,Guam,East Asia & Pacific,13.4443,144.794,2021,100.0,163730,0.0
GUM,Guam,East Asia & Pacific,13.4443,144.794,2022,100.0,165180,0.0
GUM,Guam,East Asia & Pacific,13.4443,144.794,2023,100.0,166506,0.0
GUM,Guam,East Asia & Pacific,13.4443,144.794,2024,100.0,167777,0.0
GTM,Guatemala,Latin America & Caribbean,14.6248,-90.5328,1995,60.8,10312996,4042694.432
GTM,Guatemala,Latin America & Caribbean,14.6248,-90.5328,1996,67.6799392700195,10583526,3420602.0305732754
GTM,Guatemala,Latin America & Caribbean,14.6248,-90.5328,1997,68.9040756225586,10857754,3376318.9729286195
GTM,Guatemala,Latin America & Caribbean,14.6248,-90.5328,1998,70.1241302490234,11139145,3327916.451572423
GTM,Guatemala,Latin America & Caribbean,14.6248,-90.5328,1999,70.9,11422965,3324082.814999999
GTM,Guatemala,Latin America & Caribbean,14.6248,-90.5328,2000,73.3,11697592,3123257.0640000002
GTM,Guatemala,Latin America & Caribbean,14.6248,-90.5328,2001,73.7,11969422,3147957.986
GTM,Guatemala,Latin America & Caribbean,14.6248,-90.5328,2002,78.7,12246915,2608592.8949999996
GTM,Guatemala,Latin America & Caribbean,14.6248,-90.5328,2003,78.5,12525842,2693056.03
GTM,Guatemala,Latin America & Caribbean,14.6248,-90.5328,2004,77.2,12807402,2920087.656
GTM,Guatemala,Latin America & Caribbean,14.6248,-90.5328,2005,78.3,13087629,2840015.493000001
GTM,Guatemala,Latin America & Caribbean,14.6248,-90.5328,2006,83.7,13367459,2178895.816999999
GTM,Guatemala,Latin America & Caribbean,14.6248,-90.5328,2007,80.7,13652040,2634843.7199999993
GTM,Guatemala,Latin America & Caribbean,14.6248,-90.5328,2008,81.9,13935174,2522266.493999999
GTM,Guatemala,Latin America & Caribbean,14.6248,-90.5328,2009,83.1,14215611,2402438.2590000005
GTM,Guatemala,Latin America & Caribbean,14.6248,-90.5328,2010,84.3,14500112,2276517.5840000003
GTM,Guatemala,Latin America & Caribbean,14.6248,-90.5328,2011,84.0,14792126,2366740.1600000006
GTM,Guatemala,Latin America & Caribbean,14.6248,-90.5328,2012,86.8,15089647,1991833.404
GTM,Guatemala,Latin America & Caribbean,14.6248,-90.5328,2013,88.1,15387337,1831093.1030000015
GTM,Guatemala,Latin America & Caribbean,14.6248,-90.5328,2014,85.5,15681725,2273850.1250000005
GTM,Guatemala,Latin America & Caribbean,14.6248,-90.5328,2015,90.5,15971743,1517315.5849999995
GTM,Guatemala,Latin America & Caribbean,14.6248,-90.5328,2016,91.8,16268760,1334038.3200000012
GTM,Guatemala,Latin America & Caribbean,14.6248,-90.5328,2017,93.3,16567357,1110012.919000001
GTM,Guatemala,Latin America & Caribbean,14.6248,-90.5328,2018,94.2,16845685,977049.729999999
GTM,Guatemala,Latin America & Caribbean,14.6248,-90.5328,2019,95.4,17103803,786774.9379999988
GTM,Guatemala,Latin America & Caribbean,14.6248,-90.5328,2020,96.6,17357325,590149.0500000005
GTM,Guatemala,Latin America & Caribbean,14.6248,-90.5328,2021,97.9,17598650,369571.6499999984
GTM,Guatemala,Latin America & Caribbean,14.6248,-90.5328,2022,99.1,17847877,160630.89300000016
GTM,Guatemala,Latin America & Caribbean,14.6248,-90.5328,2023,100.0,18124838,0.0
GTM,Guatemala,Latin America & Caribbean,14.6248,-90.5328,2024,90.9,18406359,1674978.6689999995
GIN,Guinea,Sub-Saharan Africa,9.51667,-13.7,1999,16.4,8265123,6909642.828000001
GIN,Guinea,Sub-Saharan Africa,9.51667,-13.7,2000,15.2,8428832,7147649.535999999
GIN,Guinea,Sub-Saharan Africa,9.51667,-13.7,2001,16.4,8539960,7139406.5600000005
GIN,Guinea,Sub-Saharan Africa,9.51667,-13.7,2002,17.7,8674066,7138756.318
GIN,Guinea,Sub-Saharan Africa,9.51667,-13.7,2003,18.9,8870781,7194203.391000001
GIN,Guinea,Sub-Saharan Africa,9.51667,-13.7,2004,20.2,9062726,7232055.348
GIN,Guinea,Sub-Saharan Africa,9.51667,-13.7,2005,20.2,9245844,7378183.512
GIN,Guinea,Sub-Saharan Africa,9.51667,-13.7,2006,22.8,9441171,7288584.012
GIN,Guinea,Sub-Saharan Africa,9.51667,-13.7,2007,24.1,9662281,7333671.279
GIN,Guinea,Sub-Saharan Africa,9.51667,-13.7,2008,25.4,9898870,7384557.02
GIN,Guinea,Sub-Saharan Africa,9.51667,-13.7,2009,26.7,10143534,7435210.422
GIN,Guinea,Sub-Saharan Africa,9.51667,-13.7,2010,28.1,10396086,7474785.834
GIN,Guinea,Sub-Saharan Africa,9.51667,-13.7,2011,29.5,10656810,7513051.050000001
GIN,Guinea,Sub-Saharan Africa,9.51667,-13.7,2012,26.2,10921581,8060126.778
GIN,Guinea,Sub-Saharan Africa,9.51667,-13.7,2013,32.2,11191873,7588089.893999999
GIN,Guinea,Sub-Saharan Africa,9.51667,-13.7,2014,33.5,11472924,7629494.46
GIN,Guinea,Sub-Saharan Africa,9.51667,-13.7,2015,34.9,11767070,7660362.57
GIN,Guinea,Sub-Saharan Africa,9.51667,-13.7,2016,33.5,12073030,8028564.95
GIN,Guinea,Sub-Saharan Africa,9.51667,-13.7,2017,35.4,12385659,8001135.714000001
GIN,Guinea,Sub-Saharan Africa,9.51667,-13.7,2018,45.0,12704774,6987625.7
GIN,Guinea,Sub-Saharan Africa,9.51667,-13.7,2019,42.2,13034346,7533851.988
GIN,Guinea,Sub-Saharan Africa,9.51667,-13.7,2020,44.7,13371183,7394264.198999999
GIN,Guinea,Sub-Saharan Africa,9.51667,-13.7,2021,46.8,13710513,7293992.916
GIN,Guinea,Sub-Saharan Africa,9.51667,-13.7,2022,47.7,14055137,7350836.650999999
GIN,Guinea,Sub-Saharan Africa,9.51667,-13.7,2023,51.1,14405468,7044273.852
GIN,Guinea,Sub-Saharan Africa,9.51667,-13.7,2024,53.8,14754785,6816710.670000001
GNB,Guinea-Bissau,Sub-Saharan Africa,11.8037,-15.1804,2002,1.3,1289307,1272546.009
GNB,Guinea-Bissau,Sub-Saharan Africa,11.8037,-15.1804,2003,2.6,1318806,1284517.044
GNB,Guinea-Bissau,Sub-Saharan Africa,11.8037,-15.1804,2004,3.9,1349563,1296930.043
GNB,Guinea-Bissau,Sub-Saharan Africa,11.8037,-15.1804,2005,5.2,1381585,1309742.5799999998
GNB,Guinea-Bissau,Sub-Saharan Africa,11.8037,-15.1804,2006,14.5,1415303,1210084.065
GNB,Guinea-Bissau,Sub-Saharan Africa,11.8037,-15.1804,2007,7.9,1450986,1336358.1060000001
GNB,Guinea-Bissau,Sub-Saharan Africa,11.8037,-15.1804,2008,9.3,1488054,1349664.9780000001
GNB,Guinea-Bissau,Sub-Saharan Africa,11.8037,-15.1804,2009,4.7,1526377,1454637.281
GNB,Guinea-Bissau,Sub-Saharan Africa,11.8037,-15.1804,2010,6.0,1566347,1472366.18
GNB,Guinea-Bissau,Sub-Saharan Africa,11.8037,-15.1804,2011,13.5,1608076,1390985.74
GNB,Guinea-Bissau,Sub-Saharan Africa,11.8037,-15.1804,2012,14.9,1651417,1405355.8669999999
GNB,Guinea-Bissau,Sub-Saharan Africa,11.8037,-15.1804,2013,16.3,1695973,1419529.4009999998
GNB,Guinea-Bissau,Sub-Saharan Africa,11.8037,-15.1804,2014,17.2,1741122,1441649.016
GNB,Guinea-Bissau,Sub-Saharan Africa,11.8037,-15.1804,2015,20.1,1786457,1427379.143
GNB,Guinea-Bissau,Sub-Saharan Africa,11.8037,-15.1804,2016,22.9,1831893,1412389.503
GNB,Guinea-Bissau,Sub-Saharan Africa,11.8037,-15.1804,2017,26.0,1877072,1389033.28
GNB,Guinea-Bissau,Sub-Saharan Africa,11.8037,-15.1804,2018,28.4,1922168,1376272.288
GNB,Guinea-Bissau,Sub-Saharan Africa,11.8037,-15.1804,2019,30.9,1967696,1359677.9360000002
GNB,Guinea-Bissau,Sub-Saharan Africa,11.8037,-15.1804,2020,33.4,2013255,1340827.83
GNB,Guinea-Bissau,Sub-Saharan Africa,11.8037,-15.1804,2021,35.8,2058841,1321775.922
GNB,Guinea-Bissau,Sub-Saharan Africa,11.8037,-15.1804,2022,37.4,2105529,1318061.154
GNB,Guinea-Bissau,Sub-Saharan Africa,11.8037,-15.1804,2023,40.5,2153339,1281236.7049999998
GNB,Guinea-Bissau,Sub-Saharan Africa,11.8037,-15.1804,2024,43.7,2201352,1239361.176
GUY,Guyana,Latin America & Caribbean,6.80461,-58.1548,1993,72.376631,752965,207994.30039085
GUY,Guyana,Latin America & Caribbean,6.80461,-58.1548,1994,70.713981628418,755822,221350.16977645853
GUY,Guyana,Latin America & Caribbean,6.80461,-58.1548,1995,71.3519821166992,758388,217263.1298648072
GUY,Guyana,Latin America & Caribbean,6.80461,-58.1548,1996,71.9872665405273,760526,213044.1212699893
GUY,Guyana,Latin America & Caribbean,6.80461,-58.1548,1997,72.6191558837891,762245,208709.1152336117
GUY,Guyana,Latin America & Caribbean,6.80461,-58.1548,1998,73.246955871582,763586,204282.4995384219
GUY,Guyana,Latin America & Caribbean,6.80461,-58.1548,1999,73.8699188232422,764483,199760.02848251336
GUY,Guyana,Latin America & Caribbean,6.80461,-58.1548,2000,74.6,764832,194267.328
GUY,Guyana,Latin America & Caribbean,6.80461,-58.1548,2001,75.1,764477,190354.77300000007
GUY,Guyana,Latin America & Caribbean,6.80461,-58.1548,2002,75.7,763652,185567.436
GUY,Guyana,Latin America & Caribbean,6.80461,-58.1548,2003,76.2,763101,181618.038
GUY,Guyana,Latin America & Caribbean,6.80461,-58.1548,2004,76.8,762418,176880.976
GUY,Guyana,Latin America & Caribbean,6.80461,-58.1548,2005,77.5,760914,171205.65
GUY,Guyana,Latin America & Caribbean,6.80461,-58.1548,2006,73.4,758966,201884.95599999992
GUY,Guyana,Latin America & Caribbean,6.80461,-58.1548,2007,78.5,756861,162725.115
GUY,Guyana,Latin America & Caribbean,6.80461,-58.1548,2008,79.1,754606,157712.65400000007
GUY,Guyana,Latin America & Caribbean,6.80461,-58.1548,2009,77.6,752094,168469.05600000007
GUY,Guyana,Latin America & Caribbean,6.80461,-58.1548,2010,83.3,749256,125125.75200000002
GUY,Guyana,Latin America & Caribbean,6.80461,-58.1548,2011,84.2,746153,117892.17399999994
GUY,Guyana,Latin America & Caribbean,6.80461,-58.1548,2012,85.1,746288,111196.91200000001
GUY,Guyana,Latin America & Caribbean,6.80461,-58.1548,2013,86.0,750021,105002.94000000002
GUY,Guyana,Latin America & Caribbean,6.80461,-58.1548,2014,86.9,754229,98803.99899999992
GUY,Guyana,Latin America & Caribbean,6.80461,-58.1548,2015,88.0,758781,91053.72
GUY,Guyana,Latin America & Caribbean,6.80461,-58.1548,2016,89.0,763548,83990.27999999998
GUY,Guyana,Latin America & Caribbean,6.80461,-58.1548,2017,90.0,768479,76847.89999999998
GUY,Guyana,Latin America & Caribbean,6.80461,-58.1548,2018,90.9,791556,72031.59599999998
GUY,Guyana,Latin America & Caribbean,6.80461,-58.1548,2019,91.6,807665,67843.86000000006
GUY,Guyana,Latin America & Caribbean,6.80461,-58.1548,2020,92.3,807481,62176.037000000055
GUY,Guyana,Latin America & Caribbean,6.80461,-58.1548,2021,92.9,815482,57899.22199999996
GUY,Guyana,Latin America & Caribbean,6.80461,-58.1548,2022,93.0,821637,57514.58999999996
GUY,Guyana,Latin America & Caribbean,6.80461,-58.1548,2023,98.9,826353,9089.882999999916
GUY,Guyana,Latin America & Caribbean,6.80461,-58.1548,2024,93.0,831087,58176.08999999996
HTI,Haiti,Latin America & Caribbean,18.5392,-72.3288,1995,31.3,7562546,5195469.102
HTI,Haiti,Latin America & Caribbean,18.5392,-72.3288,1996,30.0130176544189,7707557,5394286.5568656
HTI,Haiti,Latin America & Caribbean,18.5392,-72.3288,1997,30.5570373535156,7854298,5454257.226283571
HTI,Haiti,Latin America & Caribbean,18.5392,-72.3288,1998,31.0969753265381,8002143,5513718.565695704
HTI,Haiti,Latin America & Caribbean,18.5392,-72.3288,1999,31.6320724487305,8151296,5572872.143769529
HTI,Haiti,Latin America & Caribbean,18.5392,-72.3288,2000,33.7,8303151,5504989.113
HTI,Haiti,Latin America & Caribbean,18.5392,-72.3288,2001,31.5,8455918,5792303.83
HTI,Haiti,Latin America & Caribbean,18.5392,-72.3288,2002,33.1,8607641,5758511.829
HTI,Haiti,Latin America & Caribbean,18.5392,-72.3288,2003,31.6,8759912,5991779.807999999
HTI,Haiti,Latin America & Caribbean,18.5392,-72.3288,2004,34.1,8910263,5871863.317
HTI,Haiti,Latin America & Caribbean,18.5392,-72.3288,2005,34.5,9061273,5935133.815
HTI,Haiti,Latin America & Caribbean,18.5392,-72.3288,2006,33.9,9216562,6092147.482
HTI,Haiti,Latin America & Caribbean,18.5392,-72.3288,2007,35.5,9373296,6045775.92
HTI,Haiti,Latin America & Caribbean,18.5392,-72.3288,2008,36.1,9530774,6090164.586
HTI,Haiti,Latin America & Caribbean,18.5392,-72.3288,2009,36.6,9689581,6143194.354
HTI,Haiti,Latin America & Caribbean,18.5392,-72.3288,2010,37.2,9803294,6156468.631999999
HTI,Haiti,Latin America & Caribbean,18.5392,-72.3288,2011,37.8,9914904,6167070.288000001
HTI,Haiti,Latin America & Caribbean,18.5392,-72.3288,2012,37.9,10069771,6253327.791
HTI,Haiti,Latin America & Caribbean,18.5392,-72.3288,2013,38.9,10222362,6245863.182
HTI,Haiti,Latin America & Caribbean,18.5392,-72.3288,2014,39.6,10373235,6265433.9399999995
HTI,Haiti,Latin America & Caribbean,18.5392,-72.3288,2015,40.8,10523242,6229759.264
HTI,Haiti,Latin America & Caribbean,18.5392,-72.3288,2016,40.4,10671457,6360188.372000001
HTI,Haiti,Latin America & Caribbean,18.5392,-72.3288,2017,43.3,10817754,6133666.517999999
HTI,Haiti,Latin America & Caribbean,18.5392,-72.3288,2018,44.4,10962362,6095073.272000001
HTI,Haiti,Latin America & Caribbean,18.5392,-72.3288,2019,45.4,11105163,6063418.998000001
HTI,Haiti,Latin America & Caribbean,18.5392,-72.3288,2020,46.3,11243848,6037946.376
HTI,Haiti,Latin America & Caribbean,18.5392,-72.3288,2021,47.2,11374586,6005781.408
HTI,Haiti,Latin America & Caribbean,18.5392,-72.3288,2022,49.3,11503606,5832328.242
HTI,Haiti,Latin America & Caribbean,18.5392,-72.3288,2023,51.3,11637398,5667412.825999999
HTI,Haiti,Latin America & Caribbean,18.5392,-72.3288,2024,53.9,11772557,5427148.777
HND,Honduras,Latin America & Caribbean,15.1333,-87.4667,1991,54.781937,5123792,2316879.4945489597
HND,Honduras,Latin America & Caribbean,15.1333,-87.4667,1992,58.913112,5271431,2165866.9509672797
HND,Honduras,Latin America & Caribbean,15.1333,-87.4667,1993,61.100156,5423249,2109635.4007315603
HND,Honduras,Latin America & Caribbean,15.1333,-87.4667,1994,64.733947,5579242,1967578.44071826
HND,Honduras,Latin America & Caribbean,15.1333,-87.4667,1995,66.122022,5739637,1944472.96013986
HND,Honduras,Latin America & Caribbean,15.1333,-87.4667,1996,61.68112,5903954,2262329.0485152
HND,Honduras,Latin America & Caribbean,15.1333,-87.4667,1997,64.794754,6071454,2137470.31647684
HND,Honduras,Latin America & Caribbean,15.1333,-87.4667,1998,66.859519,6234431,2066120.4210131099
HND,Honduras,Latin America & Caribbean,15.1333,-87.4667,1999,67.394103,6400463,2086928.3733031098
HND,Honduras,Latin America & Caribbean,15.1333,-87.4667,2000,67.4,6577773,2144353.9979999997
HND,Honduras,Latin America & Caribbean,15.1333,-87.4667,2001,64.2,6757993,2419361.494
HND,Honduras,Latin America & Caribbean,15.1333,-87.4667,2002,63.1,6938859,2560438.971
HND,Honduras,Latin America & Caribbean,15.1333,-87.4667,2003,65.1,7119213,2484605.3370000008
HND,Honduras,Latin America & Caribbean,15.1333,-87.4667,2004,67.1,7298994,2401369.0260000005
HND,Honduras,Latin America & Caribbean,15.1333,-87.4667,2005,68.9,7478355,2325768.405
HND,Honduras,Latin America & Caribbean,15.1333,-87.4667,2006,71.3,7656832,2197510.7840000005
HND,Honduras,Latin America & Caribbean,15.1333,-87.4667,2007,73.5,7834798,2076221.4700000002
HND,Honduras,Latin America & Caribbean,15.1333,-87.4667,2008,76.4,8012587,1890970.532
HND,Honduras,Latin America & Caribbean,15.1333,-87.4667,2009,78.3,8189899,1777208.0830000006
HND,Honduras,Latin America & Caribbean,15.1333,-87.4667,2010,81.0,8365878,1589516.8199999996
HND,Honduras,Latin America & Caribbean,15.1333,-87.4667,2011,82.2,8540583,1520223.7739999995
HND,Honduras,Latin America & Caribbean,15.1333,-87.4667,2012,83.6,8715076,1429272.4640000004
HND,Honduras,Latin America & Caribbean,15.1333,-87.4667,2013,87.2,8889278,1137827.584
HND,Honduras,Latin America & Caribbean,15.1333,-87.4667,2014,88.7,9063122,1024132.7859999998
HND,Honduras,Latin America & Caribbean,15.1333,-87.4667,2015,90.0,9237305,923730.4999999998
HND,Honduras,Latin America & Caribbean,15.1333,-87.4667,2016,91.6,9412380,790639.9200000007
HND,Honduras,Latin America & Caribbean,15.1333,-87.4667,2017,86.5,9588137,1294398.495
HND,Honduras,Latin America & Caribbean,15.1333,-87.4667,2018,91.6,9765210,820277.6400000007
HND,Honduras,Latin America & Caribbean,15.1333,-87.4667,2019,91.1,9943633,884983.3370000008
HND,Honduras,Latin America & Caribbean,15.1333,-87.4667,2020,93.1,10119640,698255.1600000006
HND,Honduras,Latin America & Caribbean,15.1333,-87.4667,2021,94.1,10289877,607102.7430000005
HND,Honduras,Latin America & Caribbean,15.1333,-87.4667,2022,94.4,10463872,585976.8319999994
HND,Honduras,Latin America & Caribbean,15.1333,-87.4667,2023,95.6,10644851,468373.4440000004
HND,Honduras,Latin America & Caribbean,15.1333,-87.4667,2024,95.5,10825703,487156.6350000004
HKG,"Hong Kong SAR, China",East Asia & Pacific,22.3964,114.109,1990,100.0,5704500,0.0
HKG,"Hong Kong SAR, China",East Asia & Pacific,22.3964,114.109,1991,100.0,5752000,0.0
HKG,"Hong Kong SAR, China",East Asia & Pacific,22.3964,114.109,1992,100.0,5800500,0.0
HKG,"Hong Kong SAR, China",East Asia & Pacific,22.3964,114.109,1993,100.0,5901000,0.0
HKG,"Hong Kong SAR, China",East Asia & Pacific,22.3964,114.109,1994,100.0,6035400,0.0
HKG,"Hong Kong SAR, China",East Asia & Pacific,22.3964,114.109,1995,100.0,6156100,0.0
HKG,"Hong Kong SAR, China",East Asia & Pacific,22.3964,114.109,1996,100.0,6435500,0.0
HKG,"Hong Kong SAR, China",East Asia & Pacific,22.3964,114.109,1997,100.0,6489300,0.0
HKG,"Hong Kong SAR, China",East Asia & Pacific,22.3964,114.109,1998,100.0,6543700,0.0
HKG,"Hong Kong SAR, China",East Asia & Pacific,22.3964,114.109,1999,100.0,6606500,0.0
HKG,"Hong Kong SAR, China",East Asia & Pacific,22.3964,114.109,2000,100.0,6665000,0.0
HKG,"Hong Kong SAR, China",East Asia & Pacific,22.3964,114.109,2001,100.0,6714300,0.0
HKG,"Hong Kong SAR, China",East Asia & Pacific,22.3964,114.109,2002,100.0,6744100,0.0
HKG,"Hong Kong SAR, China",East Asia & Pacific,22.3964,114.109,2003,100.0,6730800,0.0
HKG,"Hong Kong SAR, China",East Asia & Pacific,22.3964,114.109,2004,100.0,6783500,0.0
HKG,"Hong Kong SAR, China",East Asia & Pacific,22.3964,114.109,2005,100.0,6813200,0.0
HKG,"Hong Kong SAR, China",East Asia & Pacific,22.3964,114.109,2006,100.0,6857100,0.0
HKG,"Hong Kong SAR, China",East Asia & Pacific,22.3964,114.109,2007,100.0,6916300,0.0
HKG,"Hong Kong SAR, China",East Asia & Pacific,22.3964,114.109,2008,100.0,6957800,0.0
HKG,"Hong Kong SAR, China",East Asia & Pacific,22.3964,114.109,2009,100.0,6972800,0.0
HKG,"Hong Kong SAR, China",East Asia & Pacific,22.3964,114.109,2010,100.0,7024200,0.0
HKG,"Hong Kong SAR, China",East Asia & Pacific,22.3964,114.109,2011,100.0,7071600,0.0
HKG,"Hong Kong SAR, China",East Asia & Pacific,22.3964,114.109,2012,100.0,7150100,0.0
HKG,"Hong Kong SAR, China",East Asia & Pacific,22.3964,114.109,2013,100.0,7178900,0.0
HKG,"Hong Kong SAR, China",East Asia & Pacific,22.3964,114.109,2014,100.0,7229500,0.0
HKG,"Hong Kong SAR, China",East Asia & Pacific,22.3964,114.109,2015,100.0,7291300,0.0
HKG,"Hong Kong SAR, China",East Asia & Pacific,22.3964,114.109,2016,100.0,7336600,0.0
HKG,"Hong Kong SAR, China",East Asia & Pacific,22.3964,114.109,2017,100.0,7393200,0.0
HKG,"Hong Kong SAR, China",East Asia & Pacific,22.3964,114.109,2018,100.0,7452600,0.0
HKG,"Hong Kong SAR, China",East Asia & Pacific,22.3964,114.109,2019,100.0,7507900,0.0
HKG,"Hong Kong SAR, China",East Asia & Pacific,22.3964,114.109,2020,100.0,7481000,0.0
HKG,"Hong Kong SAR, China",East Asia & Pacific,22.3964,114.109,2021,100.0,7413100,0.0
HKG,"Hong Kong SAR, China",East Asia & Pacific,22.3964,114.109,2022,100.0,7346100,0.0
HKG,"Hong Kong SAR, China",East Asia & Pacific,22.3964,114.109,2023,100.0,7536100,0.0
HKG,"Hong Kong SAR, China",East Asia & Pacific,22.3964,114.109,2024,100.0,7524100,0.0
HUN,Hungary,Europe & Central Asia,47.4984,19.0408,1990,100.0,10373988,0.0
HUN,Hungary,Europe & Central Asia,47.4984,19.0408,1991,100.0,10373400,0.0
HUN,Hungary,Europe & Central Asia,47.4984,19.0408,1992,100.0,10369341,0.0
HUN,Hungary,Europe & Central Asia,47.4984,19.0408,1993,100.0,10357523,0.0
HUN,Hungary,Europe & Central Asia,47.4984,19.0408,1994,100.0,10343355,0.0
HUN,Hungary,Europe & Central Asia,47.4984,19.0408,1995,100.0,10328965,0.0
HUN,Hungary,Europe & Central Asia,47.4984,19.0408,1996,100.0,10311238,0.0
HUN,Hungary,Europe & Central Asia,47.4984,19.0408,1997,100.0,10290486,0.0
HUN,Hungary,Europe & Central Asia,47.4984,19.0408,1998,100.0,10266570,0.0
HUN,Hungary,Europe & Central Asia,47.4984,19.0408,1999,100.0,10237530,0.0
HUN,Hungary,Europe & Central Asia,47.4984,19.0408,2000,100.0,10210971,0.0
HUN,Hungary,Europe & Central Asia,47.4984,19.0408,2001,100.0,10187576,0.0
HUN,Hungary,Europe & Central Asia,47.4984,19.0408,2002,100.0,10158608,0.0
HUN,Hungary,Europe & Central Asia,47.4984,19.0408,2003,100.0,10129552,0.0
HUN,Hungary,Europe & Central Asia,47.4984,19.0408,2004,100.0,10107146,0.0
HUN,Hungary,Europe & Central Asia,47.4984,19.0408,2005,99.9,10087065,10087.06499999889
HUN,Hungary,Europe & Central Asia,47.4984,19.0408,2006,99.9,10071370,10071.369999998891
HUN,Hungary,Europe & Central Asia,47.4984,19.0408,2007,100.0,10055780,0.0
HUN,Hungary,Europe & Central Asia,47.4984,19.0408,2008,100.0,10038188,0.0
HUN,Hungary,Europe & Central Asia,47.4984,19.0408,2009,100.0,10022650,0.0
HUN,Hungary,Europe & Central Asia,47.4984,19.0408,2010,100.0,10000023,0.0
HUN,Hungary,Europe & Central Asia,47.4984,19.0408,2011,100.0,9971727,0.0
HUN,Hungary,Europe & Central Asia,47.4984,19.0408,2012,100.0,9920362,0.0
HUN,Hungary,Europe & Central Asia,47.4984,19.0408,2013,100.0,9872734,0.0
HUN,Hungary,Europe & Central Asia,47.4984,19.0408,2014,100.0,9833038,0.0
HUN,Hungary,Europe & Central Asia,47.4984,19.0408,2015,100.0,9797755,0.0
HUN,Hungary,Europe & Central Asia,47.4984,19.0408,2016,100.0,9759755,0.0
HUN,Hungary,Europe & Central Asia,47.4984,19.0408,2017,100.0,9726756,0.0
HUN,Hungary,Europe & Central Asia,47.4984,19.0408,2018,100.0,9706964,0.0
HUN,Hungary,Europe & Central Asia,47.4984,19.0408,2019,100.0,9694824,0.0
HUN,Hungary,Europe & Central Asia,47.4984,19.0408,2020,100.0,9670419,0.0
HUN,Hungary,Europe & Central Asia,47.4984,19.0408,2021,100.0,9630932,0.0
HUN,Hungary,Europe & Central Asia,47.4984,19.0408,2022,100.0,9605074,0.0
HUN,Hungary,Europe & Central Asia,47.4984,19.0408,2023,100.0,9592186,0.0
HUN,Hungary,Europe & Central Asia,47.4984,19.0408,2024,100.0,9562065,0.0
ISL,Iceland,Europe & Central Asia,64.1353,-21.8952,1990,100.0,254826,0.0
ISL,Iceland,Europe & Central Asia,64.1353,-21.8952,1991,100.0,257797,0.0
ISL,Iceland,Europe & Central Asia,64.1353,-21.8952,1992,100.0,261057,0.0
ISL,Iceland,Europe & Central Asia,64.1353,-21.8952,1993,100.0,263725,0.0
ISL,Iceland,Europe & Central Asia,64.1353,-21.8952,1994,100.0,266021,0.0
ISL,Iceland,Europe & Central Asia,64.1353,-21.8952,1995,100.0,267468,0.0
ISL,Iceland,Europe & Central Asia,64.1353,-21.8952,1996,100.0,268916,0.0
ISL,Iceland,Europe & Central Asia,64.1353,-21.8952,1997,100.0,271128,0.0
ISL,Iceland,Europe & Central Asia,64.1353,-21.8952,1998,100.0,274047,0.0
ISL,Iceland,Europe & Central Asia,64.1353,-21.8952,1999,100.0,277381,0.0
ISL,Iceland,Europe & Central Asia,64.1353,-21.8952,2000,100.0,281205,0.0
ISL,Iceland,Europe & Central Asia,64.1353,-21.8952,2001,100.0,284968,0.0
ISL,Iceland,Europe & Central Asia,64.1353,-21.8952,2002,100.0,287523,0.0
ISL,Iceland,Europe & Central Asia,64.1353,-21.8952,2003,100.0,289521,0.0
ISL,Iceland,Europe & Central Asia,64.1353,-21.8952,2004,100.0,292074,0.0
ISL,Iceland,Europe & Central Asia,64.1353,-21.8952,2005,100.0,296734,0.0
ISL,Iceland,Europe & Central Asia,64.1353,-21.8952,2006,100.0,303782,0.0
ISL,Iceland,Europe & Central Asia,64.1353,-21.8952,2007,100.0,311566,0.0
ISL,Iceland,Europe & Central Asia,64.1353,-21.8952,2008,100.0,317414,0.0
ISL,Iceland,Europe & Central Asia,64.1353,-21.8952,2009,100.0,318499,0.0
ISL,Iceland,Europe & Central Asia,64.1353,-21.8952,2010,100.0,318041,0.0
ISL,Iceland,Europe & Central Asia,64.1353,-21.8952,2011,100.0,319014,0.0
ISL,Iceland,Europe & Central Asia,64.1353,-21.8952,2012,100.0,320716,0.0
ISL,Iceland,Europe & Central Asia,64.1353,-21.8952,2013,100.0,323764,0.0
ISL,Iceland,Europe & Central Asia,64.1353,-21.8952,2014,100.0,327386,0.0
ISL,Iceland,Europe & Central Asia,64.1353,-21.8952,2015,100.0,330815,0.0
ISL,Iceland,Europe & Central Asia,64.1353,-21.8952,2016,100.0,335439,0.0
ISL,Iceland,Europe & Central Asia,64.1353,-21.8952,2017,100.0,343400,0.0
ISL,Iceland,Europe & Central Asia,64.1353,-21.8952,2018,100.0,352721,0.0
ISL,Iceland,Europe & Central Asia,64.1353,-21.8952,2019,100.0,360563,0.0
ISL,Iceland,Europe & Central Asia,64.1353,-21.8952,2020,100.0,366463,0.0
ISL,Iceland,Europe & Central Asia,64.1353,-21.8952,2021,100.0,372520,0.0
ISL,Iceland,Europe & Central Asia,64.1353,-21.8952,2022,100.0,382003,0.0
ISL,Iceland,Europe & Central Asia,64.1353,-21.8952,2023,100.0,385663,0.0
ISL,Iceland,Europe & Central Asia,64.1353,-21.8952,2024,100.0,386506,0.0
IND,India,South Asia,28.6353,77.225,1993,50.9,922118387,452760128.017
IND,India,South Asia,28.6353,77.225,1994,49.8113098144531,941163767,472357767.15825254
IND,India,South Asia,28.6353,77.225,1995,51.4087753295898,960301044,466622037.80233467
IND,India,South Asia,28.6353,77.225,1996,53.0035209655762,979678458,460414381.1187364
IND,India,South Asia,28.6353,77.225,1997,54.5948638916016,999133762,453658044.54106134
IND,India,South Asia,28.6353,77.225,1998,56.1821327209473,1018665080,446357312.77245605
IND,India,South Asia,28.6353,77.225,1999,60.1,1038225823,414252103.37700003
IND,India,South Asia,28.6353,77.225,2000,60.3,1057922733,419995325.00100005
IND,India,South Asia,28.6353,77.225,2001,62.0,1077898575,409601458.5
IND,India,South Asia,28.6353,77.225,2002,62.3,1097600380,413795343.26
IND,India,South Asia,28.6353,77.225,2003,65.4,1116803006,386413840.076
IND,India,South Asia,28.6353,77.225,2004,64.4,1135991513,404412978.62799996
IND,India,South Asia,28.6353,77.225,2005,68.8,1154676322,360259012.46400005
IND,India,South Asia,28.6353,77.225,2006,67.9,1172878890,376494123.68999994
IND,India,South Asia,28.6353,77.225,2007,72.3,1190676021,329817257.81700003
IND,India,South Asia,28.6353,77.225,2008,74.1,1207930964,312854119.676
IND,India,South Asia,28.6353,77.225,2009,75.0,1225524753,306381188.25
IND,India,South Asia,28.6353,77.225,2010,76.3,1243481564,294705130.668
IND,India,South Asia,28.6353,77.225,2011,79.5,1261224954,258551115.56999996
IND,India,South Asia,28.6353,77.225,2012,79.9,1278674502,257013574.90199995
IND,India,South Asia,28.6353,77.225,2013,83.1,1295829511,218995187.35900006
IND,India,South Asia,28.6353,77.225,2014,85.1,1312277191,195529301.45900002
IND,India,South Asia,28.6353,77.225,2015,88.0,1328024498,159362939.76
IND,India,South Asia,28.6353,77.225,2016,89.6,1343944296,139770206.78400013
IND,India,South Asia,28.6353,77.225,2017,91.8,1359657400,111491906.8000001
IND,India,South Asia,28.6353,77.225,2018,95.7,1374659064,59110339.7519999
IND,India,South Asia,28.6353,77.225,2019,95.9,1389030312,56950242.7919999
IND,India,South Asia,28.6353,77.225,2020,96.5,1402617695,49091619.32500004
IND,India,South Asia,28.6353,77.225,2021,99.6,1414203896,5656815.584000005
IND,India,South Asia,28.6353,77.225,2022,99.2,1425423212,11403385.69600001
IND,India,South Asia,28.6353,77.225,2023,99.5,1438069596,7190347.980000006
IND,India,South Asia,28.6353,77.225,2024,99.9,1450935791,1450935.7909998402
IDN,Indonesia,East Asia & Pacific,-6.19752,106.83,1991,48.9,186778238,95443679.618
IDN,Indonesia,East Asia & Pacific,-6.19752,106.83,1992,66.6965637207031,190043744,63291097.18583014
IDN,Indonesia,East Asia & Pacific,-6.19752,106.83,1993,55.43,193305168,86156113.3776
IDN,Indonesia,East Asia & Pacific,-6.19752,106.83,1994,62.8,196591828,73132160.016
IDN,Indonesia,East Asia & Pacific,-6.19752,106.83,1995,66.86,199888057,66242902.08980001
IDN,Indonesia,East Asia & Pacific,-6.19752,106.83,1996,72.39,203204348,56104720.4828
IDN,Indonesia,East Asia & Pacific,-6.19752,106.83,1997,80.3,206536095,40687610.71500001
IDN,Indonesia,East Asia & Pacific,-6.19752,106.83,1998,80.94,209826788,39992985.7928
IDN,Indonesia,East Asia & Pacific,-6.19752,106.83,1999,83.73,213004668,34655859.48359999
IDN,Indonesia,East Asia & Pacific,-6.19752,106.83,2000,86.3,216077790,29602657.23
IDN,Indonesia,East Asia & Pacific,-6.19752,106.83,2001,86.3,219097902,30016412.574
IDN,Indonesia,East Asia & Pacific,-6.19752,106.83,2002,87.6,222088495,27538973.380000025
IDN,Indonesia,East Asia & Pacific,-6.19752,106.83,2003,87.9,225048008,27230808.968
IDN,Indonesia,East Asia & Pacific,-6.19752,106.83,2004,89.0,227926649,25071931.389999997
IDN,Indonesia,East Asia & Pacific,-6.19752,106.83,2005,84.8,230871650,35092490.800000004
IDN,Indonesia,East Asia & Pacific,-6.19752,106.83,2006,90.6,233951652,21991455.28800002
IDN,Indonesia,East Asia & Pacific,-6.19752,106.83,2007,91.1,237062337,21098547.99300002
IDN,Indonesia,East Asia & Pacific,-6.19752,106.83,2008,92.7,240157903,17531526.91899999
IDN,Indonesia,East Asia & Pacific,-6.19752,106.83,2009,93.6,243220028,15566081.792000014
IDN,Indonesia,East Asia & Pacific,-6.19752,106.83,2010,94.2,246305322,14285708.675999986
IDN,Indonesia,East Asia & Pacific,-6.19752,106.83,2011,94.8,249470032,12972441.664000012
IDN,Indonesia,East Asia & Pacific,-6.19752,106.83,2012,96.0,252698525,10107941.00000001
IDN,Indonesia,East Asia & Pacific,-6.19752,106.83,2013,96.5,255852467,8954836.345000008
IDN,Indonesia,East Asia & Pacific,-6.19752,106.83,2014,97.0,258877399,7766321.970000007
IDN,Indonesia,East Asia & Pacific,-6.19752,106.83,2015,97.5,261799249,6544981.225000006
IDN,Indonesia,East Asia & Pacific,-6.19752,106.83,2016,97.6,264627418,6351058.032000005
IDN,Indonesia,East Asia & Pacific,-6.19752,106.83,2017,98.1,267346658,5079586.502000004
IDN,Indonesia,East Asia & Pacific,-6.19752,106.83,2018,98.5,269951846,4049277.6900000037
IDN,Indonesia,East Asia & Pacific,-6.19752,106.83,2019,98.8,272489381,3269872.572000003
IDN,Indonesia,East Asia & Pacific,-6.19752,106.83,2020,97.0,274814866,8244445.980000007
IDN,Indonesia,East Asia & Pacific,-6.19752,106.83,2021,99.2,276758053,2214064.424000002
IDN,Indonesia,East Asia & Pacific,-6.19752,106.83,2022,100.0,278830529,0.0
IDN,Indonesia,East Asia & Pacific,-6.19752,106.83,2023,99.4,281190067,1687140.4019999702
IDN,Indonesia,East Asia & Pacific,-6.19752,106.83,2024,99.9,283487931,283487.9309999688
IRN,"Iran, Islamic Rep.","Middle East, North Africa, Afghanistan & Pakistan",35.6878,51.4447,2000,97.9,66418659,1394791.8389999939
IRN,"Iran, Islamic Rep.","Middle East, North Africa, Afghanistan & Pakistan",35.6878,51.4447,2001,98.1,67452005,1281588.0950000011
IRN,"Iran, Islamic Rep.","Middle East, North Africa, Afghanistan & Pakistan",35.6878,51.4447,2002,98.1,68011317,1292215.0230000012
IRN,"Iran, Islamic Rep.","Middle East, North Africa, Afghanistan & Pakistan",35.6878,51.4447,2003,98.2,68769340,1237848.120000001
IRN,"Iran, Islamic Rep.","Middle East, North Africa, Afghanistan & Pakistan",35.6878,51.4447,2004,98.3,70256316,1194357.3720000011
IRN,"Iran, Islamic Rep.","Middle East, North Africa, Afghanistan & Pakistan",35.6878,51.4447,2005,98.4,71828455,1149255.279999993
IRN,"Iran, Islamic Rep.","Middle East, North Africa, Afghanistan & Pakistan",35.6878,51.4447,2006,98.4,73392747,1174283.9519999928
IRN,"Iran, Islamic Rep.","Middle East, North Africa, Afghanistan & Pakistan",35.6878,51.4447,2007,98.7,74602648,969834.4240000008
IRN,"Iran, Islamic Rep.","Middle East, North Africa, Afghanistan & Pakistan",35.6878,51.4447,2008,98.8,75514204,906170.4480000008
IRN,"Iran, Islamic Rep.","Middle East, North Africa, Afghanistan & Pakistan",35.6878,51.4447,2009,99.7,76457825,229373.4750000002
IRN,"Iran, Islamic Rep.","Middle East, North Africa, Afghanistan & Pakistan",35.6878,51.4447,2010,99.4,77420842,464525.0519999918
IRN,"Iran, Islamic Rep.","Middle East, North Africa, Afghanistan & Pakistan",35.6878,51.4447,2011,99.5,78383598,391917.99000000034
IRN,"Iran, Islamic Rep.","Middle East, North Africa, Afghanistan & Pakistan",35.6878,51.4447,2012,99.5,79370580,396852.9000000004
IRN,"Iran, Islamic Rep.","Middle East, North Africa, Afghanistan & Pakistan",35.6878,51.4447,2013,99.8,80414686,160829.37200000015
IRN,"Iran, Islamic Rep.","Middle East, North Africa, Afghanistan & Pakistan",35.6878,51.4447,2014,100.0,81502045,0.0
IRN,"Iran, Islamic Rep.","Middle East, North Africa, Afghanistan & Pakistan",35.6878,51.4447,2015,100.0,82619362,0.0
IRN,"Iran, Islamic Rep.","Middle East, North Africa, Afghanistan & Pakistan",35.6878,51.4447,2016,100.0,83812228,0.0
IRN,"Iran, Islamic Rep.","Middle East, North Africa, Afghanistan & Pakistan",35.6878,51.4447,2017,99.9,85026754,85026.75399999063
IRN,"Iran, Islamic Rep.","Middle East, North Africa, Afghanistan & Pakistan",35.6878,51.4447,2018,100.0,86117998,0.0
IRN,"Iran, Islamic Rep.","Middle East, North Africa, Afghanistan & Pakistan",35.6878,51.4447,2019,100.0,87051648,0.0
IRN,"Iran, Islamic Rep.","Middle East, North Africa, Afghanistan & Pakistan",35.6878,51.4447,2020,100.0,87723443,0.0
IRN,"Iran, Islamic Rep.","Middle East, North Africa, Afghanistan & Pakistan",35.6878,51.4447,2021,100.0,88455488,0.0
IRN,"Iran, Islamic Rep.","Middle East, North Africa, Afghanistan & Pakistan",35.6878,51.4447,2022,100.0,89524246,0.0
IRN,"Iran, Islamic Rep.","Middle East, North Africa, Afghanistan & Pakistan",35.6878,51.4447,2023,100.0,90608707,0.0
IRN,"Iran, Islamic Rep.","Middle East, North Africa, Afghanistan & Pakistan",35.6878,51.4447,2024,100.0,91567738,0.0
IRQ,Iraq,"Middle East, North Africa, Afghanistan & Pakistan",33.3302,44.394,2000,96.8,24424056,781569.7920000007
IRQ,Iraq,"Middle East, North Africa, Afghanistan & Pakistan",33.3302,44.394,2001,96.9,25197840,781133.0399999979
IRQ,Iraq,"Middle East, North Africa, Afghanistan & Pakistan",33.3302,44.394,2002,97.1,26006559,754190.2110000007
IRQ,Iraq,"Middle East, North Africa, Afghanistan & Pakistan",33.3302,44.394,2003,97.2,26802659,750474.4520000006
IRQ,Iraq,"Middle East, North Africa, Afghanistan & Pakistan",33.3302,44.394,2004,97.3,27577878,744602.7060000007
IRQ,Iraq,"Middle East, North Africa, Afghanistan & Pakistan",33.3302,44.394,2005,97.4,28407448,738593.6479999975
IRQ,Iraq,"Middle East, North Africa, Afghanistan & Pakistan",33.3302,44.394,2006,97.6,28616515,686796.3600000006
IRQ,Iraq,"Middle East, North Africa, Afghanistan & Pakistan",33.3302,44.394,2007,98.1,28391607,539440.5330000005
IRQ,Iraq,"Middle East, North Africa, Afghanistan & Pakistan",33.3302,44.394,2008,97.9,28971036,608391.7559999974
IRQ,Iraq,"Middle East, North Africa, Afghanistan & Pakistan",33.3302,44.394,2009,98.1,30058206,571105.9140000005
IRQ,Iraq,"Middle East, North Africa, Afghanistan & Pakistan",33.3302,44.394,2010,98.4,31045366,496725.855999997
IRQ,Iraq,"Middle East, North Africa, Afghanistan & Pakistan",33.3302,44.394,2011,98.0,32161424,643228.4800000006
IRQ,Iraq,"Middle East, North Africa, Afghanistan & Pakistan",33.3302,44.394,2012,99.3,33654842,235583.8940000002
IRQ,Iraq,"Middle East, North Africa, Afghanistan & Pakistan",33.3302,44.394,2013,99.0,35281989,352819.8900000003
IRQ,Iraq,"Middle East, North Africa, Afghanistan & Pakistan",33.3302,44.394,2014,99.2,36550059,292400.47200000024
IRQ,Iraq,"Middle East, North Africa, Afghanistan & Pakistan",33.3302,44.394,2015,99.4,37560535,225363.20999999603
IRQ,Iraq,"Middle East, North Africa, Afghanistan & Pakistan",33.3302,44.394,2016,99.7,38469627,115408.8810000001
IRQ,Iraq,"Middle East, North Africa, Afghanistan & Pakistan",33.3302,44.394,2017,99.9,39337353,39337.352999995666
IRQ,Iraq,"Middle East, North Africa, Afghanistan & Pakistan",33.3302,44.394,2018,99.9,40265624,40265.623999995565
IRQ,Iraq,"Middle East, North Africa, Afghanistan & Pakistan",33.3302,44.394,2019,100.0,41192171,0.0
IRQ,Iraq,"Middle East, North Africa, Afghanistan & Pakistan",33.3302,44.394,2020,100.0,42116605,0.0
IRQ,Iraq,"Middle East, North Africa, Afghanistan & Pakistan",33.3302,44.394,2021,100.0,43071211,0.0
IRQ,Iraq,"Middle East, North Africa, Afghanistan & Pakistan",33.3302,44.394,2022,100.0,44070551,0.0
IRQ,Iraq,"Middle East, North Africa, Afghanistan & Pakistan",33.3302,44.394,2023,100.0,45074049,0.0
IRQ,Iraq,"Middle East, North Africa, Afghanistan & Pakistan",33.3302,44.394,2024,100.0,46042015,0.0
IRL,Ireland,Europe & Central Asia,53.3441,-6.26749,1990,100.0,3513974,0.0
IRL,Ireland,Europe & Central Asia,53.3441,-6.26749,1991,100.0,3534235,0.0
IRL,Ireland,Europe & Central Asia,53.3441,-6.26749,1992,100.0,3558430,0.0
IRL,Ireland,Europe & Central Asia,53.3441,-6.26749,1993,100.0,3576261,0.0
IRL,Ireland,Europe & Central Asia,53.3441,-6.26749,1994,100.0,3590386,0.0
IRL,Ireland,Europe & Central Asia,53.3441,-6.26749,1995,100.0,3608841,0.0
IRL,Ireland,Europe & Central Asia,53.3441,-6.26749,1996,100.0,3637510,0.0
IRL,Ireland,Europe & Central Asia,53.3441,-6.26749,1997,100.0,3674171,0.0
IRL,Ireland,Europe & Central Asia,53.3441,-6.26749,1998,100.0,3712696,0.0
IRL,Ireland,Europe & Central Asia,53.3441,-6.26749,1999,100.0,3754786,0.0
IRL,Ireland,Europe & Central Asia,53.3441,-6.26749,2000,100.0,3805174,0.0
IRL,Ireland,Europe & Central Asia,53.3441,-6.26749,2001,100.0,3866243,0.0
IRL,Ireland,Europe & Central Asia,53.3441,-6.26749,2002,100.0,3931947,0.0
IRL,Ireland,Europe & Central Asia,53.3441,-6.26749,2003,100.0,3996521,0.0
IRL,Ireland,Europe & Central Asia,53.3441,-6.26749,2004,100.0,4070262,0.0
IRL,Ireland,Europe & Central Asia,53.3441,-6.26749,2005,100.0,4159914,0.0
IRL,Ireland,Europe & Central Asia,53.3441,-6.26749,2006,100.0,4273591,0.0
IRL,Ireland,Europe & Central Asia,53.3441,-6.26749,2007,100.0,4398942,0.0
IRL,Ireland,Europe & Central Asia,53.3441,-6.26749,2008,100.0,4489544,0.0
IRL,Ireland,Europe & Central Asia,53.3441,-6.26749,2009,100.0,4535375,0.0
IRL,Ireland,Europe & Central Asia,53.3441,-6.26749,2010,100.0,4560155,0.0
IRL,Ireland,Europe & Central Asia,53.3441,-6.26749,2011,100.0,4580084,0.0
IRL,Ireland,Europe & Central Asia,53.3441,-6.26749,2012,100.0,4599533,0.0
IRL,Ireland,Europe & Central Asia,53.3441,-6.26749,2013,100.0,4623816,0.0
IRL,Ireland,Europe & Central Asia,53.3441,-6.26749,2014,100.0,4657740,0.0
IRL,Ireland,Europe & Central Asia,53.3441,-6.26749,2015,100.0,4701957,0.0
IRL,Ireland,Europe & Central Asia,53.3441,-6.26749,2016,100.0,4762722,0.0
IRL,Ireland,Europe & Central Asia,53.3441,-6.26749,2017,100.0,4827445,0.0
IRL,Ireland,Europe & Central Asia,53.3441,-6.26749,2018,100.0,4898022,0.0
IRL,Ireland,Europe & Central Asia,53.3441,-6.26749,2019,100.0,4976456,0.0
IRL,Ireland,Europe & Central Asia,53.3441,-6.26749,2020,100.0,5039747,0.0
IRL,Ireland,Europe & Central Asia,53.3441,-6.26749,2021,100.0,5110585,0.0
IRL,Ireland,Europe & Central Asia,53.3441,-6.26749,2022,100.0,5212836,0.0
IRL,Ireland,Europe & Central Asia,53.3441,-6.26749,2023,100.0,5311538,0.0
IRL,Ireland,Europe & Central Asia,53.3441,-6.26749,2024,100.0,5395790,0.0
IMN,Isle of Man,Europe & Central Asia,54.1509,-4.47928,1990,100.0,68916,0.0
IMN,Isle of Man,Europe & Central Asia,54.1509,-4.47928,1991,100.0,69808,0.0
IMN,Isle of Man,Europe & Central Asia,54.1509,-4.47928,1992,100.0,70353,0.0
IMN,Isle of Man,Europe & Central Asia,54.1509,-4.47928,1993,100.0,70772,0.0
IMN,Isle of Man,Europe & Central Asia,54.1509,-4.47928,1994,100.0,71168,0.0
IMN,Isle of Man,Europe & Central Asia,54.1509,-4.47928,1995,100.0,71513,0.0
IMN,Isle of Man,Europe & Central Asia,54.1509,-4.47928,1996,100.0,72047,0.0
IMN,Isle of Man,Europe & Central Asia,54.1509,-4.47928,1997,100.0,72909,0.0
IMN,Isle of Man,Europe & Central Asia,54.1509,-4.47928,1998,100.0,73861,0.0
IMN,Isle of Man,Europe & Central Asia,54.1509,-4.47928,1999,100.0,74790,0.0
IMN,Isle of Man,Europe & Central Asia,54.1509,-4.47928,2000,100.0,75659,0.0
IMN,Isle of Man,Europe & Central Asia,54.1509,-4.47928,2001,100.0,76476,0.0
IMN,Isle of Man,Europe & Central Asia,54.1509,-4.47928,2002,100.0,77275,0.0
IMN,Isle of Man,Europe & Central Asia,54.1509,-4.47928,2003,100.0,78049,0.0
IMN,Isle of Man,Europe & Central Asia,54.1509,-4.47928,2004,100.0,78792,0.0
IMN,Isle of Man,Europe & Central Asia,54.1509,-4.47928,2005,100.0,79516,0.0
IMN,Isle of Man,Europe & Central Asia,54.1509,-4.47928,2006,100.0,80294,0.0
IMN,Isle of Man,Europe & Central Asia,54.1509,-4.47928,2007,100.0,81147,0.0
IMN,Isle of Man,Europe & Central Asia,54.1509,-4.47928,2008,100.0,82029,0.0
IMN,Isle of Man,Europe & Central Asia,54.1509,-4.47928,2009,100.0,82939,0.0
IMN,Isle of Man,Europe & Central Asia,54.1509,-4.47928,2010,100.0,83873,0.0
IMN,Isle of Man,Europe & Central Asia,54.1509,-4.47928,2011,100.0,84382,0.0
IMN,Isle of Man,Europe & Central Asia,54.1509,-4.47928,2012,100.0,84335,0.0
IMN,Isle of Man,Europe & Central Asia,54.1509,-4.47928,2013,100.0,84141,0.0
IMN,Isle of Man,Europe & Central Asia,54.1509,-4.47928,2014,100.0,83892,0.0
IMN,Isle of Man,Europe & Central Asia,54.1509,-4.47928,2015,100.0,83593,0.0
IMN,Isle of Man,Europe & Central Asia,54.1509,-4.47928,2016,100.0,83466,0.0
IMN,Isle of Man,Europe & Central Asia,54.1509,-4.47928,2017,100.0,83609,0.0
IMN,Isle of Man,Europe & Central Asia,54.1509,-4.47928,2018,100.0,83805,0.0
IMN,Isle of Man,Europe & Central Asia,54.1509,-4.47928,2019,100.0,83957,0.0
IMN,Isle of Man,Europe & Central Asia,54.1509,-4.47928,2020,100.0,84064,0.0
IMN,Isle of Man,Europe & Central Asia,54.1509,-4.47928,2021,100.0,84106,0.0
IMN,Isle of Man,Europe & Central Asia,54.1509,-4.47928,2022,100.0,84132,0.0
IMN,Isle of Man,Europe & Central Asia,54.1509,-4.47928,2023,100.0,84165,0.0
IMN,Isle of Man,Europe & Central Asia,54.1509,-4.47928,2024,100.0,84160,0.0
ISR,Israel,"Middle East, North Africa, Afghanistan & Pakistan",31.7717,35.2035,1990,100.0,4660000,0.0
ISR,Israel,"Middle East, North Africa, Afghanistan & Pakistan",31.7717,35.2035,1991,100.0,4949000,0.0
ISR,Israel,"Middle East, North Africa, Afghanistan & Pakistan",31.7717,35.2035,1992,100.0,5123000,0.0
ISR,Israel,"Middle East, North Africa, Afghanistan & Pakistan",31.7717,35.2035,1993,100.0,5261000,0.0
ISR,Israel,"Middle East, North Africa, Afghanistan & Pakistan",31.7717,35.2035,1994,100.0,5399000,0.0
ISR,Israel,"Middle East, North Africa, Afghanistan & Pakistan",31.7717,35.2035,1995,100.0,5545000,0.0
ISR,Israel,"Middle East, North Africa, Afghanistan & Pakistan",31.7717,35.2035,1996,100.0,5692000,0.0
ISR,Israel,"Middle East, North Africa, Afghanistan & Pakistan",31.7717,35.2035,1997,100.0,5836000,0.0
ISR,Israel,"Middle East, North Africa, Afghanistan & Pakistan",31.7717,35.2035,1998,100.0,5971000,0.0
ISR,Israel,"Middle East, North Africa, Afghanistan & Pakistan",31.7717,35.2035,1999,100.0,6125000,0.0
ISR,Israel,"Middle East, North Africa, Afghanistan & Pakistan",31.7717,35.2035,2000,100.0,6289000,0.0
ISR,Israel,"Middle East, North Africa, Afghanistan & Pakistan",31.7717,35.2035,2001,100.0,6439000,0.0
ISR,Israel,"Middle East, North Africa, Afghanistan & Pakistan",31.7717,35.2035,2002,100.0,6570000,0.0
ISR,Israel,"Middle East, North Africa, Afghanistan & Pakistan",31.7717,35.2035,2003,100.0,6689700,0.0
ISR,Israel,"Middle East, North Africa, Afghanistan & Pakistan",31.7717,35.2035,2004,100.0,6809000,0.0
ISR,Israel,"Middle East, North Africa, Afghanistan & Pakistan",31.7717,35.2035,2005,100.0,6930100,0.0
ISR,Israel,"Middle East, North Africa, Afghanistan & Pakistan",31.7717,35.2035,2006,100.0,7053700,0.0
ISR,Israel,"Middle East, North Africa, Afghanistan & Pakistan",31.7717,35.2035,2007,100.0,7180100,0.0
ISR,Israel,"Middle East, North Africa, Afghanistan & Pakistan",31.7717,35.2035,2008,100.0,7308800,0.0
ISR,Israel,"Middle East, North Africa, Afghanistan & Pakistan",31.7717,35.2035,2009,100.0,7485600,0.0
ISR,Israel,"Middle East, North Africa, Afghanistan & Pakistan",31.7717,35.2035,2010,100.0,7623600,0.0
ISR,Israel,"Middle East, North Africa, Afghanistan & Pakistan",31.7717,35.2035,2011,100.0,7765800,0.0
ISR,Israel,"Middle East, North Africa, Afghanistan & Pakistan",31.7717,35.2035,2012,100.0,7910500,0.0
ISR,Israel,"Middle East, North Africa, Afghanistan & Pakistan",31.7717,35.2035,2013,100.0,8059500,0.0
ISR,Israel,"Middle East, North Africa, Afghanistan & Pakistan",31.7717,35.2035,2014,100.0,8215700,0.0
ISR,Israel,"Middle East, North Africa, Afghanistan & Pakistan",31.7717,35.2035,2015,100.0,8380100,0.0
ISR,Israel,"Middle East, North Africa, Afghanistan & Pakistan",31.7717,35.2035,2016,100.0,8546000,0.0
ISR,Israel,"Middle East, North Africa, Afghanistan & Pakistan",31.7717,35.2035,2017,100.0,8713300,0.0
ISR,Israel,"Middle East, North Africa, Afghanistan & Pakistan",31.7717,35.2035,2018,100.0,8882800,0.0
ISR,Israel,"Middle East, North Africa, Afghanistan & Pakistan",31.7717,35.2035,2019,100.0,9054000,0.0
ISR,Israel,"Middle East, North Africa, Afghanistan & Pakistan",31.7717,35.2035,2020,100.0,9215100,0.0
ISR,Israel,"Middle East, North Africa, Afghanistan & Pakistan",31.7717,35.2035,2021,100.0,9371400,0.0
ISR,Israel,"Middle East, North Africa, Afghanistan & Pakistan",31.7717,35.2035,2022,100.0,9557500,0.0
ISR,Israel,"Middle East, North Africa, Afghanistan & Pakistan",31.7717,35.2035,2023,100.0,9849000,0.0
ISR,Israel,"Middle East, North Africa, Afghanistan & Pakistan",31.7717,35.2035,2024,100.0,10002200,0.0
ITA,Italy,Europe & Central Asia,41.8955,12.4823,1990,100.0,56719240,0.0
ITA,Italy,Europe & Central Asia,41.8955,12.4823,1991,100.0,56758521,0.0
ITA,Italy,Europe & Central Asia,41.8955,12.4823,1992,100.0,56797087,0.0
ITA,Italy,Europe & Central Asia,41.8955,12.4823,1993,100.0,56831821,0.0
ITA,Italy,Europe & Central Asia,41.8955,12.4823,1994,100.0,56843400,0.0
ITA,Italy,Europe & Central Asia,41.8955,12.4823,1995,100.0,56844303,0.0
ITA,Italy,Europe & Central Asia,41.8955,12.4823,1996,100.0,56860281,0.0
ITA,Italy,Europe & Central Asia,41.8955,12.4823,1997,100.0,56890372,0.0
ITA,Italy,Europe & Central Asia,41.8955,12.4823,1998,100.0,56906744,0.0
ITA,Italy,Europe & Central Asia,41.8955,12.4823,1999,100.0,56916317,0.0
ITA,Italy,Europe & Central Asia,41.8955,12.4823,2000,100.0,56942108,0.0
ITA,Italy,Europe & Central Asia,41.8955,12.4823,2001,100.0,56976981,0.0
ITA,Italy,Europe & Central Asia,41.8955,12.4823,2002,100.0,57089824,0.0
ITA,Italy,Europe & Central Asia,41.8955,12.4823,2003,100.0,57399184,0.0
ITA,Italy,Europe & Central Asia,41.8955,12.4823,2004,100.0,57828179,0.0
ITA,Italy,Europe & Central Asia,41.8955,12.4823,2005,100.0,58166682,0.0
ITA,Italy,Europe & Central Asia,41.8955,12.4823,2006,100.0,58399861,0.0
ITA,Italy,Europe & Central Asia,41.8955,12.4823,2007,100.0,58756247,0.0
ITA,Italy,Europe & Central Asia,41.8955,12.4823,2008,100.0,59211181,0.0
ITA,Italy,Europe & Central Asia,41.8955,12.4823,2009,100.0,59555454,0.0
ITA,Italy,Europe & Central Asia,41.8955,12.4823,2010,100.0,59819407,0.0
ITA,Italy,Europe & Central Asia,41.8955,12.4823,2011,100.0,60026841,0.0
ITA,Italy,Europe & Central Asia,41.8955,12.4823,2012,100.0,60191247,0.0
ITA,Italy,Europe & Central Asia,41.8955,12.4823,2013,100.0,60311613,0.0
ITA,Italy,Europe & Central Asia,41.8955,12.4823,2014,100.0,60320707,0.0
ITA,Italy,Europe & Central Asia,41.8955,12.4823,2015,100.0,60229605,0.0
ITA,Italy,Europe & Central Asia,41.8955,12.4823,2016,100.0,60115223,0.0
ITA,Italy,Europe & Central Asia,41.8955,12.4823,2017,100.0,60002252,0.0
ITA,Italy,Europe & Central Asia,41.8955,12.4823,2018,100.0,59877221,0.0
ITA,Italy,Europe & Central Asia,41.8955,12.4823,2019,100.0,59729081,0.0
ITA,Italy,Europe & Central Asia,41.8955,12.4823,2020,100.0,59438851,0.0
ITA,Italy,Europe & Central Asia,41.8955,12.4823,2021,100.0,59133173,0.0
ITA,Italy,Europe & Central Asia,41.8955,12.4823,2022,100.0,59013667,0.0
ITA,Italy,Europe & Central Asia,41.8955,12.4823,2023,100.0,58984216,0.0
ITA,Italy,Europe & Central Asia,41.8955,12.4823,2024,100.0,58952704,0.0
JAM,Jamaica,Latin America & Caribbean,17.9927,-76.792,1990,70.334586,2379877,706000.36474078
JAM,Jamaica,Latin America & Caribbean,17.9927,-76.792,1991,77.2288665771484,2400869,546705.0832978832
JAM,Jamaica,Latin America & Caribbean,17.9927,-76.792,1992,78.0329208374023,2424701,532635.9881262981
JAM,Jamaica,Latin America & Caribbean,17.9927,-76.792,1993,78.836296081543,2449916,518492.968490905
JAM,Jamaica,Latin America & Caribbean,17.9927,-76.792,1994,79.638313293457,2475220,503996.54169769346
JAM,Jamaica,Latin America & Caribbean,17.9927,-76.792,1995,80.4382934570313,2500151,489072.2017510972
JAM,Jamaica,Latin America & Caribbean,17.9927,-76.792,1996,85.706045,2524463,360845.6052116498
JAM,Jamaica,Latin America & Caribbean,17.9927,-76.792,1997,82.0294036865234,2547848,457863.4787609874
JAM,Jamaica,Latin America & Caribbean,17.9927,-76.792,1998,82.8191757202148,2569736,441501.82661438105
JAM,Jamaica,Latin America & Caribbean,17.9927,-76.792,1999,84.554112,2589795,400016.8351295999
JAM,Jamaica,Latin America & Caribbean,17.9927,-76.792,2000,84.4,2607826,406820.8559999998
JAM,Jamaica,Latin America & Caribbean,17.9927,-76.792,2001,87.7,2624403,322801.569
JAM,Jamaica,Latin America & Caribbean,17.9927,-76.792,2002,86.7,2640572,351196.076
JAM,Jamaica,Latin America & Caribbean,17.9927,-76.792,2003,86.5,2656623,358644.10500000004
JAM,Jamaica,Latin America & Caribbean,17.9927,-76.792,2004,87.2,2672225,342044.8
JAM,Jamaica,Latin America & Caribbean,17.9927,-76.792,2005,88.0,2687066,322447.92
JAM,Jamaica,Latin America & Caribbean,17.9927,-76.792,2006,88.7,2700968,305209.38399999996
JAM,Jamaica,Latin America & Caribbean,17.9927,-76.792,2007,89.4,2713800,287662.79999999993
JAM,Jamaica,Latin America & Caribbean,17.9927,-76.792,2008,92.0,2725635,218050.7999999999
JAM,Jamaica,Latin America & Caribbean,17.9927,-76.792,2009,91.0,2736995,246329.5499999999
JAM,Jamaica,Latin America & Caribbean,17.9927,-76.792,2010,92.2,2748568,214388.3039999999
JAM,Jamaica,Latin America & Caribbean,17.9927,-76.792,2011,91.1,2760494,245683.96600000022
JAM,Jamaica,Latin America & Caribbean,17.9927,-76.792,2012,93.1,2772430,191297.67000000016
JAM,Jamaica,Latin America & Caribbean,17.9927,-76.792,2013,93.9,2783687,169804.90699999983
JAM,Jamaica,Latin America & Caribbean,17.9927,-76.792,2014,93.3,2793749,187181.18300000016
JAM,Jamaica,Latin America & Caribbean,17.9927,-76.792,2015,94.9,2802534,142929.23399999982
JAM,Jamaica,Latin America & Caribbean,17.9927,-76.792,2016,96.6,2809915,95537.11000000009
JAM,Jamaica,Latin America & Caribbean,17.9927,-76.792,2017,97.4,2815764,73209.86399999975
JAM,Jamaica,Latin America & Caribbean,17.9927,-76.792,2018,98.2,2820097,50761.74600000004
JAM,Jamaica,Latin America & Caribbean,17.9927,-76.792,2019,98.9,2823271,31055.980999999712
JAM,Jamaica,Latin America & Caribbean,17.9927,-76.792,2020,99.7,2830739,8492.217000000008
JAM,Jamaica,Latin America & Caribbean,17.9927,-76.792,2021,100.0,2837682,0.0
JAM,Jamaica,Latin America & Caribbean,17.9927,-76.792,2022,100.0,2839144,0.0
JAM,Jamaica,Latin America & Caribbean,17.9927,-76.792,2023,97.7,2839786,65315.07800000006
JAM,Jamaica,Latin America & Caribbean,17.9927,-76.792,2024,97.7,2839175,65301.02500000006
JPN,Japan,East Asia & Pacific,35.67,139.77,1990,100.0,123478000,0.0
JPN,Japan,East Asia & Pacific,35.67,139.77,1991,100.0,123964000,0.0
JPN,Japan,East Asia & Pacific,35.67,139.77,1992,100.0,124425000,0.0
JPN,Japan,East Asia & Pacific,35.67,139.77,1993,100.0,124829000,0.0
JPN,Japan,East Asia & Pacific,35.67,139.77,1994,100.0,125178000,0.0
JPN,Japan,East Asia & Pacific,35.67,139.77,1995,100.0,125472000,0.0
JPN,Japan,East Asia & Pacific,35.67,139.77,1996,100.0,125757000,0.0
JPN,Japan,East Asia & Pacific,35.67,139.77,1997,100.0,126057000,0.0
JPN,Japan,East Asia & Pacific,35.67,139.77,1998,100.0,126400000,0.0
JPN,Japan,East Asia & Pacific,35.67,139.77,1999,100.0,126631000,0.0
JPN,Japan,East Asia & Pacific,35.67,139.77,2000,100.0,126843000,0.0
JPN,Japan,East Asia & Pacific,35.67,139.77,2001,100.0,127149000,0.0
JPN,Japan,East Asia & Pacific,35.67,139.77,2002,100.0,127445000,0.0
JPN,Japan,East Asia & Pacific,35.67,139.77,2003,100.0,127718000,0.0
JPN,Japan,East Asia & Pacific,35.67,139.77,2004,100.0,127761000,0.0
JPN,Japan,East Asia & Pacific,35.67,139.77,2005,100.0,127773000,0.0
JPN,Japan,East Asia & Pacific,35.67,139.77,2006,100.0,127854000,0.0
JPN,Japan,East Asia & Pacific,35.67,139.77,2007,100.0,128001000,0.0
JPN,Japan,East Asia & Pacific,35.67,139.77,2008,100.0,128063000,0.0
JPN,Japan,East Asia & Pacific,35.67,139.77,2009,100.0,128047000,0.0
JPN,Japan,East Asia & Pacific,35.67,139.77,2010,100.0,128070000,0.0
JPN,Japan,East Asia & Pacific,35.67,139.77,2011,100.0,127833000,0.0
JPN,Japan,East Asia & Pacific,35.67,139.77,2012,100.0,127629000,0.0
JPN,Japan,East Asia & Pacific,35.67,139.77,2013,100.0,127445000,0.0
JPN,Japan,East Asia & Pacific,35.67,139.77,2014,100.0,127276000,0.0
JPN,Japan,East Asia & Pacific,35.67,139.77,2015,100.0,127141000,0.0
JPN,Japan,East Asia & Pacific,35.67,139.77,2016,100.0,127076000,0.0
JPN,Japan,East Asia & Pacific,35.67,139.77,2017,100.0,126972000,0.0
JPN,Japan,East Asia & Pacific,35.67,139.77,2018,100.0,126811000,0.0
JPN,Japan,East Asia & Pacific,35.67,139.77,2019,100.0,126633000,0.0
JPN,Japan,East Asia & Pacific,35.67,139.77,2020,100.0,126261000,0.0
JPN,Japan,East Asia & Pacific,35.67,139.77,2021,100.0,125681593,0.0
JPN,Japan,East Asia & Pacific,35.67,139.77,2022,100.0,125124989,0.0
JPN,Japan,East Asia & Pacific,35.67,139.77,2023,100.0,124516650,0.0
JPN,Japan,East Asia & Pacific,35.67,139.77,2024,100.0,123975371,0.0
JOR,Jordan,"Middle East, North Africa, Afghanistan & Pakistan",31.9497,35.9263,1990,96.8,3621908,115901.0560000001
JOR,Jordan,"Middle East, North Africa, Afghanistan & Pakistan",31.9497,35.9263,1991,97.8546829223633,3915149,83992.36011192245
JOR,Jordan,"Middle East, North Africa, Afghanistan & Pakistan",31.9497,35.9263,1992,97.9748611450195,4127693,83591.51475731032
JOR,Jordan,"Middle East, North Africa, Afghanistan & Pakistan",31.9497,35.9263,1993,98.0943603515625,4348020,82857.59304199202
JOR,Jordan,"Middle East, North Africa, Afghanistan & Pakistan",31.9497,35.9263,1994,98.2125015258789,4561406,81535.06264846814
JOR,Jordan,"Middle East, North Africa, Afghanistan & Pakistan",31.9497,35.9263,1995,98.3285980224609,4752096,79426.62651855646
JOR,Jordan,"Middle East, North Africa, Afghanistan & Pakistan",31.9497,35.9263,1996,98.4419784545898,4912516,76538.05770172355
JOR,Jordan,"Middle East, North Africa, Afghanistan & Pakistan",31.9497,35.9263,1997,98.9,5046285,55509.134999999485
JOR,Jordan,"Middle East, North Africa, Afghanistan & Pakistan",31.9497,35.9263,1998,98.6578521728516,5164284,69312.32549377241
JOR,Jordan,"Middle East, North Africa, Afghanistan & Pakistan",31.9497,35.9263,1999,98.7589111328125,5276444,65485.35906738286
JOR,Jordan,"Middle East, North Africa, Afghanistan & Pakistan",31.9497,35.9263,2000,99.0,5386945,53869.45000000005
JOR,Jordan,"Middle East, North Africa, Afghanistan & Pakistan",31.9497,35.9263,2001,99.0,5498894,54988.940000000046
JOR,Jordan,"Middle East, North Africa, Afghanistan & Pakistan",31.9497,35.9263,2002,99.5,5616066,28080.330000000024
JOR,Jordan,"Middle East, North Africa, Afghanistan & Pakistan",31.9497,35.9263,2003,99.0,5741828,57418.28000000005
JOR,Jordan,"Middle East, North Africa, Afghanistan & Pakistan",31.9497,35.9263,2004,99.2,5882061,47056.48800000004
JOR,Jordan,"Middle East, North Africa, Afghanistan & Pakistan",31.9497,35.9263,2005,99.0,6029587,60295.87000000005
JOR,Jordan,"Middle East, North Africa, Afghanistan & Pakistan",31.9497,35.9263,2006,100.0,6427371,0.0
JOR,Jordan,"Middle East, North Africa, Afghanistan & Pakistan",31.9497,35.9263,2007,98.8,6827227,81926.72400000007
JOR,Jordan,"Middle East, North Africa, Afghanistan & Pakistan",31.9497,35.9263,2008,100.0,6989866,0.0
JOR,Jordan,"Middle East, North Africa, Afghanistan & Pakistan",31.9497,35.9263,2009,99.4,7141753,42850.51799999925
JOR,Jordan,"Middle East, North Africa, Afghanistan & Pakistan",31.9497,35.9263,2010,100.0,7297043,0.0
JOR,Jordan,"Middle East, North Africa, Afghanistan & Pakistan",31.9497,35.9263,2011,99.6,7480424,29921.696000000025
JOR,Jordan,"Middle East, North Africa, Afghanistan & Pakistan",31.9497,35.9263,2012,99.5,7587127,37935.63500000003
JOR,Jordan,"Middle East, North Africa, Afghanistan & Pakistan",31.9497,35.9263,2013,99.7,7991809,23975.42700000002
JOR,Jordan,"Middle East, North Africa, Afghanistan & Pakistan",31.9497,35.9263,2014,99.8,8791710,17583.420000000016
JOR,Jordan,"Middle East, North Africa, Afghanistan & Pakistan",31.9497,35.9263,2015,99.9,9544729,9544.728999998948
JOR,Jordan,"Middle East, North Africa, Afghanistan & Pakistan",31.9497,35.9263,2016,100.0,10006367,0.0
JOR,Jordan,"Middle East, North Africa, Afghanistan & Pakistan",31.9497,35.9263,2017,100.0,10234226,0.0
JOR,Jordan,"Middle East, North Africa, Afghanistan & Pakistan",31.9497,35.9263,2018,99.9,10462306,10462.305999998847
JOR,Jordan,"Middle East, North Africa, Afghanistan & Pakistan",31.9497,35.9263,2019,99.9,10671891,10671.890999998825
JOR,Jordan,"Middle East, North Africa, Afghanistan & Pakistan",31.9497,35.9263,2020,99.9,10865228,10865.227999998804
JOR,Jordan,"Middle East, North Africa, Afghanistan & Pakistan",31.9497,35.9263,2021,99.9,11066356,11066.355999998781
JOR,Jordan,"Middle East, North Africa, Afghanistan & Pakistan",31.9497,35.9263,2022,100.0,11256263,0.0
JOR,Jordan,"Middle East, North Africa, Afghanistan & Pakistan",31.9497,35.9263,2023,100.0,11439213,0.0
JOR,Jordan,"Middle East, North Africa, Afghanistan & Pakistan",31.9497,35.9263,2024,100.0,11552876,0.0
KAZ,Kazakhstan,Europe & Central Asia,51.1879,71.4382,1995,99.9,16730536,16730.535999998156
KAZ,Kazakhstan,Europe & Central Asia,51.1879,71.4382,1996,99.1921157836914,16416027,132622.4910779576
KAZ,Kazakhstan,Europe & Central Asia,51.1879,71.4382,1997,99.2694702148438,16043251,117200.72706236952
KAZ,Kazakhstan,Europe & Central Asia,51.1879,71.4382,1998,99.3427505493164,15647785,102844.98095664992
KAZ,Kazakhstan,Europe & Central Asia,51.1879,71.4382,1999,97.0,15455874,463676.22000000044
KAZ,Kazakhstan,Europe & Central Asia,51.1879,71.4382,2000,99.6,15501103,62004.412000000055
KAZ,Kazakhstan,Europe & Central Asia,51.1879,71.4382,2001,99.7,15575550,46726.650000000045
KAZ,Kazakhstan,Europe & Central Asia,51.1879,71.4382,2002,99.8,15656677,31313.35400000003
KAZ,Kazakhstan,Europe & Central Asia,51.1879,71.4382,2003,99.9,15747380,15747.379999998266
KAZ,Kazakhstan,Europe & Central Asia,51.1879,71.4382,2004,100.0,15850159,0.0
KAZ,Kazakhstan,Europe & Central Asia,51.1879,71.4382,2005,100.0,15968117,0.0
KAZ,Kazakhstan,Europe & Central Asia,51.1879,71.4382,2006,99.8,16103716,32207.43200000003
KAZ,Kazakhstan,Europe & Central Asia,51.1879,71.4382,2007,100.0,16257214,0.0
KAZ,Kazakhstan,Europe & Central Asia,51.1879,71.4382,2008,100.0,16426525,0.0
KAZ,Kazakhstan,Europe & Central Asia,51.1879,71.4382,2009,100.0,16619846,0.0
KAZ,Kazakhstan,Europe & Central Asia,51.1879,71.4382,2010,100.0,16836810,0.0
KAZ,Kazakhstan,Europe & Central Asia,51.1879,71.4382,2011,99.8,17066002,34132.00400000003
KAZ,Kazakhstan,Europe & Central Asia,51.1879,71.4382,2012,100.0,17306106,0.0
KAZ,Kazakhstan,Europe & Central Asia,51.1879,71.4382,2013,100.0,17556502,0.0
KAZ,Kazakhstan,Europe & Central Asia,51.1879,71.4382,2014,100.0,17816285,0.0
KAZ,Kazakhstan,Europe & Central Asia,51.1879,71.4382,2015,100.0,18084169,0.0
KAZ,Kazakhstan,Europe & Central Asia,51.1879,71.4382,2016,100.0,18363600,0.0
KAZ,Kazakhstan,Europe & Central Asia,51.1879,71.4382,2017,100.0,18651931,0.0
KAZ,Kazakhstan,Europe & Central Asia,51.1879,71.4382,2018,100.0,18932727,0.0
KAZ,Kazakhstan,Europe & Central Asia,51.1879,71.4382,2019,100.0,19209555,0.0
KAZ,Kazakhstan,Europe & Central Asia,51.1879,71.4382,2020,100.0,19482117,0.0
KAZ,Kazakhstan,Europe & Central Asia,51.1879,71.4382,2021,100.0,19743603,0.0
KAZ,Kazakhstan,Europe & Central Asia,51.1879,71.4382,2022,100.0,20034609,0.0
KAZ,Kazakhstan,Europe & Central Asia,51.1879,71.4382,2023,100.0,20330104,0.0
KAZ,Kazakhstan,Europe & Central Asia,51.1879,71.4382,2024,100.0,20592571,0.0
KEN,Kenya,Sub-Saharan Africa,-1.27975,36.8126,1993,10.9,25117188,22379414.508
KEN,Kenya,Sub-Saharan Africa,-1.27975,36.8126,1994,3.47343683242798,25857130,24958998.922771215
KEN,Kenya,Sub-Saharan Africa,-1.27975,36.8126,1995,5.42734336853027,26601751,25157982.631188564
KEN,Kenya,Sub-Saharan Africa,-1.27975,36.8126,1996,7.37853050231934,27344211,25326610.05074644
KEN,Kenya,Sub-Saharan Africa,-1.27975,36.8126,1997,9.32631778717041,28101768,25480907.81250664
KEN,Kenya,Sub-Saharan Africa,-1.27975,36.8126,1998,14.5,28888057,24699288.735
KEN,Kenya,Sub-Saharan Africa,-1.27975,36.8126,1999,13.2088918685913,29733408,25805954.288432926
KEN,Kenya,Sub-Saharan Africa,-1.27975,36.8126,2000,15.2,30642890,25985170.72
KEN,Kenya,Sub-Saharan Africa,-1.27975,36.8126,2001,17.0,31619170,26243911.099999998
KEN,Kenya,Sub-Saharan Africa,-1.27975,36.8126,2002,18.9,32629808,26462774.288000003
KEN,Kenya,Sub-Saharan Africa,-1.27975,36.8126,2003,16.0,33652223,28267867.32
KEN,Kenya,Sub-Saharan Africa,-1.27975,36.8126,2004,22.6,34713455,26868214.17
KEN,Kenya,Sub-Saharan Africa,-1.27975,36.8126,2005,24.5,35796484,27026345.42
KEN,Kenya,Sub-Saharan Africa,-1.27975,36.8126,2006,26.4,36904008,27161349.888
KEN,Kenya,Sub-Saharan Africa,-1.27975,36.8126,2007,28.3,38036349,27272062.233
KEN,Kenya,Sub-Saharan Africa,-1.27975,36.8126,2008,30.3,39206351,27326826.647000004
KEN,Kenya,Sub-Saharan Africa,-1.27975,36.8126,2009,23.0,40408891,31114846.07
KEN,Kenya,Sub-Saharan Africa,-1.27975,36.8126,2010,19.2,41598567,33611642.136
KEN,Kenya,Sub-Saharan Africa,-1.27975,36.8126,2011,36.2,42758461,27279898.117999997
KEN,Kenya,Sub-Saharan Africa,-1.27975,36.8126,2012,38.1,43888303,27166859.557
KEN,Kenya,Sub-Saharan Africa,-1.27975,36.8126,2013,40.1,44986791,26947087.809
KEN,Kenya,Sub-Saharan Africa,-1.27975,36.8126,2014,36.0,46051440,29472921.6
KEN,Kenya,Sub-Saharan Africa,-1.27975,36.8126,2015,41.6,47088526,27499699.183999997
KEN,Kenya,Sub-Saharan Africa,-1.27975,36.8126,2016,53.1,48139687,22577513.202999998
KEN,Kenya,Sub-Saharan Africa,-1.27975,36.8126,2017,55.8,49197766,21745412.572000004
KEN,Kenya,Sub-Saharan Africa,-1.27975,36.8126,2018,61.2,50207107,19480357.516
KEN,Kenya,Sub-Saharan Africa,-1.27975,36.8126,2019,69.7,51202827,15514456.580999997
KEN,Kenya,Sub-Saharan Africa,-1.27975,36.8126,2020,71.5,52217334,14881940.190000001
KEN,Kenya,Sub-Saharan Africa,-1.27975,36.8126,2021,76.5,53219166,12506504.01
KEN,Kenya,Sub-Saharan Africa,-1.27975,36.8126,2022,76.0,54252461,13020590.639999999
KEN,Kenya,Sub-Saharan Africa,-1.27975,36.8126,2023,76.2,55339003,13170682.714
KEN,Kenya,Sub-Saharan Africa,-1.27975,36.8126,2024,77.0,56432944,12979577.12
KIR,Kiribati,East Asia & Pacific,1.32905,172.979,2000,55.6,88613,39344.172
KIR,Kiribati,East Asia & Pacific,1.32905,172.979,2001,57.3,90335,38573.045000000006
KIR,Kiribati,East Asia & Pacific,1.32905,172.979,2002,59.0,92264,37828.240000000005
KIR,Kiribati,East Asia & Pacific,1.32905,172.979,2003,60.7,94175,37010.775
KIR,Kiribati,East Asia & Pacific,1.32905,172.979,2004,62.4,96085,36127.96
KIR,Kiribati,East Asia & Pacific,1.32905,172.979,2005,69.7,98035,29704.604999999992
KIR,Kiribati,East Asia & Pacific,1.32905,172.979,2006,68.8,100017,31205.304000000004
KIR,Kiribati,East Asia & Pacific,1.32905,172.979,2007,67.7,102068,32967.96399999999
KIR,Kiribati,East Asia & Pacific,1.32905,172.979,2008,69.4,104222,31891.931999999993
KIR,Kiribati,East Asia & Pacific,1.32905,172.979,2009,64.2,106467,38115.186
KIR,Kiribati,East Asia & Pacific,1.32905,172.979,2010,63.2,108704,40003.072
KIR,Kiribati,East Asia & Pacific,1.32905,172.979,2011,74.9,110647,27772.396999999986
KIR,Kiribati,East Asia & Pacific,1.32905,172.979,2012,76.7,112284,26162.172
KIR,Kiribati,East Asia & Pacific,1.32905,172.979,2013,78.8,113838,24133.65600000001
KIR,Kiribati,East Asia & Pacific,1.32905,172.979,2014,83.4,115326,19144.11599999999
KIR,Kiribati,East Asia & Pacific,1.32905,172.979,2015,90.6,116815,10980.61000000001
KIR,Kiribati,East Asia & Pacific,1.32905,172.979,2016,92.6,118478,8767.372000000008
KIR,Kiribati,East Asia & Pacific,1.32905,172.979,2017,85.7,120275,17199.325
KIR,Kiribati,East Asia & Pacific,1.32905,172.979,2018,87.5,122084,15260.5
KIR,Kiribati,East Asia & Pacific,1.32905,172.979,2019,89.3,123921,13259.546999999999
KIR,Kiribati,East Asia & Pacific,1.32905,172.979,2020,91.0,126099,11348.909999999996
KIR,Kiribati,East Asia & Pacific,1.32905,172.979,2021,92.8,128377,9243.144000000008
KIR,Kiribati,East Asia & Pacific,1.32905,172.979,2022,94.4,130469,7306.263999999992
KIR,Kiribati,East Asia & Pacific,1.32905,172.979,2023,95.9,132530,5433.7299999999905
KIR,Kiribati,East Asia & Pacific,1.32905,172.979,2024,97.7,134518,3093.914000000003
PRK,"Korea, Dem. People's Rep.",East Asia & Pacific,39.0319,125.754,2009,26.0,24878332,18409965.68
PRK,"Korea, Dem. People's Rep.",East Asia & Pacific,39.0319,125.754,2010,29.3,24987258,17665991.406000003
PRK,"Korea, Dem. People's Rep.",East Asia & Pacific,39.0319,125.754,2011,31.4,25097874,17217141.564
PRK,"Korea, Dem. People's Rep.",East Asia & Pacific,39.0319,125.754,2012,33.6,25211728,16740587.391999997
PRK,"Korea, Dem. People's Rep.",East Asia & Pacific,39.0319,125.754,2013,35.7,25329451,16286836.993
PRK,"Korea, Dem. People's Rep.",East Asia & Pacific,39.0319,125.754,2014,37.8,25451262,15830684.964000003
PRK,"Korea, Dem. People's Rep.",East Asia & Pacific,39.0319,125.754,2015,40.0,25575350,15345210.0
PRK,"Korea, Dem. People's Rep.",East Asia & Pacific,39.0319,125.754,2016,42.1,25698326,14879330.753999999
PRK,"Korea, Dem. People's Rep.",East Asia & Pacific,39.0319,125.754,2017,44.2,25817709,14406281.622000001
PRK,"Korea, Dem. People's Rep.",East Asia & Pacific,39.0319,125.754,2018,46.3,25931147,13925025.939000001
PRK,"Korea, Dem. People's Rep.",East Asia & Pacific,39.0319,125.754,2019,48.4,26037632,13435418.112
PRK,"Korea, Dem. People's Rep.",East Asia & Pacific,39.0319,125.754,2020,50.5,26136312,12937474.44
PRK,"Korea, Dem. People's Rep.",East Asia & Pacific,39.0319,125.754,2021,52.6,26232534,12434221.115999999
PRK,"Korea, Dem. People's Rep.",East Asia & Pacific,39.0319,125.754,2022,54.7,26328845,11926966.784999998
PRK,"Korea, Dem. People's Rep.",East Asia & Pacific,39.0319,125.754,2023,57.5,26418204,11227736.700000001
PRK,"Korea, Dem. People's Rep.",East Asia & Pacific,39.0319,125.754,2024,61.4,26498823,10228545.678
KOR,"Korea, Rep.",East Asia & Pacific,37.5323,126.957,1990,99.8828430175781,42869283,50224.35834870736
KOR,"Korea, Rep.",East Asia & Pacific,37.5323,126.957,1991,99.9126739501953,43295704,37808.428038337
KOR,"Korea, Rep.",East Asia & Pacific,37.5323,126.957,1992,99.9422149658203,43747962,25279.774794623303
KOR,"Korea, Rep.",East Asia & Pacific,37.5323,126.957,1993,99.9694366455078,44194628,13507.360822147677
KOR,"Korea, Rep.",East Asia & Pacific,37.5323,126.957,1994,99.9891204833984,44641540,4856.783755511205
KOR,"Korea, Rep.",East Asia & Pacific,37.5323,126.957,1995,100.0,45092991,0.0
KOR,"Korea, Rep.",East Asia & Pacific,37.5323,126.957,1996,100.0,45524681,0.0
KOR,"Korea, Rep.",East Asia & Pacific,37.5323,126.957,1997,100.0,45953580,0.0
KOR,"Korea, Rep.",East Asia & Pacific,37.5323,126.957,1998,100.0,46286503,0.0
KOR,"Korea, Rep.",East Asia & Pacific,37.5323,126.957,1999,100.0,46616677,0.0
KOR,"Korea, Rep.",East Asia & Pacific,37.5323,126.957,2000,100.0,47008111,0.0
KOR,"Korea, Rep.",East Asia & Pacific,37.5323,126.957,2001,100.0,47370164,0.0
KOR,"Korea, Rep.",East Asia & Pacific,37.5323,126.957,2002,100.0,47644736,0.0
KOR,"Korea, Rep.",East Asia & Pacific,37.5323,126.957,2003,100.0,47892330,0.0
KOR,"Korea, Rep.",East Asia & Pacific,37.5323,126.957,2004,100.0,48082519,0.0
KOR,"Korea, Rep.",East Asia & Pacific,37.5323,126.957,2005,100.0,48184561,0.0
KOR,"Korea, Rep.",East Asia & Pacific,37.5323,126.957,2006,100.0,48438292,0.0
KOR,"Korea, Rep.",East Asia & Pacific,37.5323,126.957,2007,100.0,48683638,0.0
KOR,"Korea, Rep.",East Asia & Pacific,37.5323,126.957,2008,100.0,49054708,0.0
KOR,"Korea, Rep.",East Asia & Pacific,37.5323,126.957,2009,100.0,49307835,0.0
KOR,"Korea, Rep.",East Asia & Pacific,37.5323,126.957,2010,100.0,49554112,0.0
KOR,"Korea, Rep.",East Asia & Pacific,37.5323,126.957,2011,100.0,49936638,0.0
KOR,"Korea, Rep.",East Asia & Pacific,37.5323,126.957,2012,100.0,50199853,0.0
KOR,"Korea, Rep.",East Asia & Pacific,37.5323,126.957,2013,100.0,50428893,0.0
KOR,"Korea, Rep.",East Asia & Pacific,37.5323,126.957,2014,100.0,50746659,0.0
KOR,"Korea, Rep.",East Asia & Pacific,37.5323,126.957,2015,100.0,51014947,0.0
KOR,"Korea, Rep.",East Asia & Pacific,37.5323,126.957,2016,100.0,51217803,0.0
KOR,"Korea, Rep.",East Asia & Pacific,37.5323,126.957,2017,100.0,51361911,0.0
KOR,"Korea, Rep.",East Asia & Pacific,37.5323,126.957,2018,100.0,51585058,0.0
KOR,"Korea, Rep.",East Asia & Pacific,37.5323,126.957,2019,100.0,51764822,0.0
KOR,"Korea, Rep.",East Asia & Pacific,37.5323,126.957,2020,100.0,51836239,0.0
KOR,"Korea, Rep.",East Asia & Pacific,37.5323,126.957,2021,100.0,51769539,0.0
KOR,"Korea, Rep.",East Asia & Pacific,37.5323,126.957,2022,100.0,51672569,0.0
KOR,"Korea, Rep.",East Asia & Pacific,37.5323,126.957,2023,100.0,51712619,0.0
KOR,"Korea, Rep.",East Asia & Pacific,37.5323,126.957,2024,100.0,51751065,0.0
XKX,Kosovo,Europe & Central Asia,42.565,20.926,1990,100.0,1973790,0.0
XKX,Kosovo,Europe & Central Asia,42.565,20.926,1991,100.0,2005362,0.0
XKX,Kosovo,Europe & Central Asia,42.565,20.926,1992,100.0,2039723,0.0
XKX,Kosovo,Europe & Central Asia,42.565,20.926,1993,100.0,2072664,0.0
XKX,Kosovo,Europe & Central Asia,42.565,20.926,1994,100.0,2105256,0.0
XKX,Kosovo,Europe & Central Asia,42.565,20.926,1995,100.0,2137514,0.0
XKX,Kosovo,Europe & Central Asia,42.565,20.926,1996,100.0,2168753,0.0
XKX,Kosovo,Europe & Central Asia,42.565,20.926,1997,100.0,2197284,0.0
XKX,Kosovo,Europe & Central Asia,42.565,20.926,1998,100.0,2078964,0.0
XKX,Kosovo,Europe & Central Asia,42.565,20.926,1999,100.0,1871524,0.0
KWT,Kuwait,"Middle East, North Africa, Afghanistan & Pakistan",29.3721,47.9824,1990,100.0,1684819,0.0
KWT,Kuwait,"Middle East, North Africa, Afghanistan & Pakistan",29.3721,47.9824,1991,100.0,1351399,0.0
KWT,Kuwait,"Middle East, North Africa, Afghanistan & Pakistan",29.3721,47.9824,1992,100.0,1634961,0.0
KWT,Kuwait,"Middle East, North Africa, Afghanistan & Pakistan",29.3721,47.9824,1993,100.0,1672151,0.0
KWT,Kuwait,"Middle East, North Africa, Afghanistan & Pakistan",29.3721,47.9824,1994,100.0,1664361,0.0
KWT,Kuwait,"Middle East, North Africa, Afghanistan & Pakistan",29.3721,47.9824,1995,100.0,1681513,0.0
KWT,Kuwait,"Middle East, North Africa, Afghanistan & Pakistan",29.3721,47.9824,1996,100.0,1730246,0.0
KWT,Kuwait,"Middle East, North Africa, Afghanistan & Pakistan",29.3721,47.9824,1997,100.0,1787683,0.0
KWT,Kuwait,"Middle East, North Africa, Afghanistan & Pakistan",29.3721,47.9824,1998,100.0,1844302,0.0
KWT,Kuwait,"Middle East, North Africa, Afghanistan & Pakistan",29.3721,47.9824,1999,100.0,1900030,0.0
KWT,Kuwait,"Middle East, North Africa, Afghanistan & Pakistan",29.3721,47.9824,2000,100.0,1954709,0.0
KWT,Kuwait,"Middle East, North Africa, Afghanistan & Pakistan",29.3721,47.9824,2001,100.0,2008121,0.0
KWT,Kuwait,"Middle East, North Africa, Afghanistan & Pakistan",29.3721,47.9824,2002,100.0,2059974,0.0
KWT,Kuwait,"Middle East, North Africa, Afghanistan & Pakistan",29.3721,47.9824,2003,100.0,2109881,0.0
KWT,Kuwait,"Middle East, North Africa, Afghanistan & Pakistan",29.3721,47.9824,2004,100.0,2157320,0.0
KWT,Kuwait,"Middle East, North Africa, Afghanistan & Pakistan",29.3721,47.9824,2005,100.0,2236788,0.0
KWT,Kuwait,"Middle East, North Africa, Afghanistan & Pakistan",29.3721,47.9824,2006,100.0,2364733,0.0
KWT,Kuwait,"Middle East, North Africa, Afghanistan & Pakistan",29.3721,47.9824,2007,100.0,2507887,0.0
KWT,Kuwait,"Middle East, North Africa, Afghanistan & Pakistan",29.3721,47.9824,2008,100.0,2651421,0.0
KWT,Kuwait,"Middle East, North Africa, Afghanistan & Pakistan",29.3721,47.9824,2009,100.0,2795484,0.0
KWT,Kuwait,"Middle East, North Africa, Afghanistan & Pakistan",29.3721,47.9824,2010,100.0,2943372,0.0
KWT,Kuwait,"Middle East, North Africa, Afghanistan & Pakistan",29.3721,47.9824,2011,100.0,3132814,0.0
KWT,Kuwait,"Middle East, North Africa, Afghanistan & Pakistan",29.3721,47.9824,2012,100.0,3337109,0.0
KWT,Kuwait,"Middle East, North Africa, Afghanistan & Pakistan",29.3721,47.9824,2013,100.0,3507844,0.0
KWT,Kuwait,"Middle East, North Africa, Afghanistan & Pakistan",29.3721,47.9824,2014,100.0,3665876,0.0
KWT,Kuwait,"Middle East, North Africa, Afghanistan & Pakistan",29.3721,47.9824,2015,100.0,3834574,0.0
KWT,Kuwait,"Middle East, North Africa, Afghanistan & Pakistan",29.3721,47.9824,2016,100.0,4004096,0.0
KWT,Kuwait,"Middle East, North Africa, Afghanistan & Pakistan",29.3721,47.9824,2017,100.0,4154812,0.0
KWT,Kuwait,"Middle East, North Africa, Afghanistan & Pakistan",29.3721,47.9824,2018,100.0,4323515,0.0
KWT,Kuwait,"Middle East, North Africa, Afghanistan & Pakistan",29.3721,47.9824,2019,100.0,4442316,0.0
KWT,Kuwait,"Middle East, North Africa, Afghanistan & Pakistan",29.3721,47.9824,2020,100.0,4400267,0.0
KWT,Kuwait,"Middle East, North Africa, Afghanistan & Pakistan",29.3721,47.9824,2021,100.0,4360865,0.0
KWT,Kuwait,"Middle East, North Africa, Afghanistan & Pakistan",29.3721,47.9824,2022,100.0,4589643,0.0
KWT,Kuwait,"Middle East, North Africa, Afghanistan & Pakistan",29.3721,47.9824,2023,100.0,4853420,0.0
KWT,Kuwait,"Middle East, North Africa, Afghanistan & Pakistan",29.3721,47.9824,2024,100.0,4897263,0.0
KGZ,Kyrgyz Republic,Europe & Central Asia,42.8851,74.6057,1997,99.8,4696421,9392.842000000008
KGZ,Kyrgyz Republic,Europe & Central Asia,42.8851,74.6057,1998,99.553825378418,4769015,21278.134629439162
KGZ,Kyrgyz Republic,Europe & Central Asia,42.8851,74.6057,1999,99.5655822753906,4840422,21027.651113893
KGZ,Kyrgyz Republic,Europe & Central Asia,42.8851,74.6057,2000,99.6,4898362,19593.44800000002
KGZ,Kyrgyz Republic,Europe & Central Asia,42.8851,74.6057,2001,99.5,4945073,24725.365000000023
KGZ,Kyrgyz Republic,Europe & Central Asia,42.8851,74.6057,2002,100.0,4990704,0.0
KGZ,Kyrgyz Republic,Europe & Central Asia,42.8851,74.6057,2003,99.4,5043308,30259.847999999467
KGZ,Kyrgyz Republic,Europe & Central Asia,42.8851,74.6057,2004,99.3,5104713,35732.99100000003
KGZ,Kyrgyz Republic,Europe & Central Asia,42.8851,74.6057,2005,99.4,5162640,30975.839999999454
KGZ,Kyrgyz Republic,Europe & Central Asia,42.8851,74.6057,2006,98.9,5218373,57402.10299999947
KGZ,Kyrgyz Republic,Europe & Central Asia,42.8851,74.6057,2007,99.5,5268385,26341.925000000025
KGZ,Kyrgyz Republic,Europe & Central Asia,42.8851,74.6057,2008,99.5,5318729,26593.645000000022
KGZ,Kyrgyz Republic,Europe & Central Asia,42.8851,74.6057,2009,99.5,5389643,26948.215000000026
KGZ,Kyrgyz Republic,Europe & Central Asia,42.8851,74.6057,2010,99.0,5467059,54670.59000000005
KGZ,Kyrgyz Republic,Europe & Central Asia,42.8851,74.6057,2011,98.3,5546587,94291.97900000008
KGZ,Kyrgyz Republic,Europe & Central Asia,42.8851,74.6057,2012,99.8,5652076,11304.15200000001
KGZ,Kyrgyz Republic,Europe & Central Asia,42.8851,74.6057,2013,98.9,5777150,63548.64999999941
KGZ,Kyrgyz Republic,Europe & Central Asia,42.8851,74.6057,2014,99.8,5905848,11811.69600000001
KGZ,Kyrgyz Republic,Europe & Central Asia,42.8851,74.6057,2015,98.7,6040036,78520.46800000007
KGZ,Kyrgyz Republic,Europe & Central Asia,42.8851,74.6057,2016,99.7,6175338,18526.014000000017
KGZ,Kyrgyz Republic,Europe & Central Asia,42.8851,74.6057,2017,100.0,6306696,0.0
KGZ,Kyrgyz Republic,Europe & Central Asia,42.8851,74.6057,2018,100.0,6444079,0.0
KGZ,Kyrgyz Republic,Europe & Central Asia,42.8851,74.6057,2019,99.9,6590211,6590.2109999992745
KGZ,Kyrgyz Republic,Europe & Central Asia,42.8851,74.6057,2020,99.9,6726596,6726.595999999259
KGZ,Kyrgyz Republic,Europe & Central Asia,42.8851,74.6057,2021,99.7,6851224,20553.672000000017
KGZ,Kyrgyz Republic,Europe & Central Asia,42.8851,74.6057,2022,99.7,6975220,20925.660000000018
KGZ,Kyrgyz Republic,Europe & Central Asia,42.8851,74.6057,2023,100.0,7099750,0.0
KGZ,Kyrgyz Republic,Europe & Central Asia,42.8851,74.6057,2024,100.0,7221868,0.0
LAO,Lao PDR,East Asia & Pacific,18.5826,102.177,1993,31.0,4685060,3232691.4
LAO,Lao PDR,East Asia & Pacific,18.5826,102.177,1994,25.6057929992676,4809220,3577781.081920623
LAO,Lao PDR,East Asia & Pacific,18.5826,102.177,1995,25.0,4929409,3697056.75
LAO,Lao PDR,East Asia & Pacific,18.5826,102.177,1996,31.2476997375488,5045678,3469019.688836443
LAO,Lao PDR,East Asia & Pacific,18.5826,102.177,1997,34.0638961791992,5152011,3397035.3218190772
LAO,Lao PDR,East Asia & Pacific,18.5826,102.177,1998,36.8760108947754,5248266,3312914.8580532074
LAO,Lao PDR,East Asia & Pacific,18.5826,102.177,1999,39.6832847595215,5340784,3221385.4768890375
LAO,Lao PDR,East Asia & Pacific,18.5826,102.177,2000,42.6,5431212,3117515.6880000005
LAO,Lao PDR,East Asia & Pacific,18.5826,102.177,2001,45.3,5521482,3020250.654
LAO,Lao PDR,East Asia & Pacific,18.5826,102.177,2002,46.3,5610889,3013047.393
LAO,Lao PDR,East Asia & Pacific,18.5826,102.177,2003,48.0,5697945,2962931.4
LAO,Lao PDR,East Asia & Pacific,18.5826,102.177,2004,53.5,5781626,2688456.09
LAO,Lao PDR,East Asia & Pacific,18.5826,102.177,2005,57.2,5869523,2512155.8439999996
LAO,Lao PDR,East Asia & Pacific,18.5826,102.177,2006,57.0,5963200,2564176.0000000005
LAO,Lao PDR,East Asia & Pacific,18.5826,102.177,2007,55.0,6056236,2725306.1999999997
LAO,Lao PDR,East Asia & Pacific,18.5826,102.177,2008,66.0,6148969,2090649.4599999997
LAO,Lao PDR,East Asia & Pacific,18.5826,102.177,2009,67.4,6241642,2034775.2919999997
LAO,Lao PDR,East Asia & Pacific,18.5826,102.177,2010,70.2,6334194,1887589.8119999995
LAO,Lao PDR,East Asia & Pacific,18.5826,102.177,2011,70.0,6426590,1927977.0000000002
LAO,Lao PDR,East Asia & Pacific,18.5826,102.177,2012,76.4,6518978,1538478.808
LAO,Lao PDR,East Asia & Pacific,18.5826,102.177,2013,79.3,6611385,1368556.6950000005
LAO,Lao PDR,East Asia & Pacific,18.5826,102.177,2014,82.5,6703172,1173055.1000000003
LAO,Lao PDR,East Asia & Pacific,18.5826,102.177,2015,89.7,6801645,700569.4349999998
LAO,Lao PDR,East Asia & Pacific,18.5826,102.177,2016,89.0,6908802,759968.2199999999
LAO,Lao PDR,East Asia & Pacific,18.5826,102.177,2017,93.6,7018147,449161.4080000004
LAO,Lao PDR,East Asia & Pacific,18.5826,102.177,2018,92.9,7128045,506091.19499999966
LAO,Lao PDR,East Asia & Pacific,18.5826,102.177,2019,98.4,7237636,115802.1759999993
LAO,Lao PDR,East Asia & Pacific,18.5826,102.177,2020,99.3,7346533,51425.73100000004
LAO,Lao PDR,East Asia & Pacific,18.5826,102.177,2021,100.0,7453194,0.0
LAO,Lao PDR,East Asia & Pacific,18.5826,102.177,2022,100.0,7559007,0.0
LAO,Lao PDR,East Asia & Pacific,18.5826,102.177,2023,96.5,7664993,268274.75500000024
LAO,Lao PDR,East Asia & Pacific,18.5826,102.177,2024,96.5,7769819,271943.66500000027
LVA,Latvia,Europe & Central Asia,56.9465,24.1048,1990,100.0,2663151,0.0
LVA,Latvia,Europe & Central Asia,56.9465,24.1048,1991,100.0,2650581,0.0
LVA,Latvia,Europe & Central Asia,56.9465,24.1048,1992,100.0,2614338,0.0
LVA,Latvia,Europe & Central Asia,56.9465,24.1048,1993,100.0,2563290,0.0
LVA,Latvia,Europe & Central Asia,56.9465,24.1048,1994,100.0,2520742,0.0
LVA,Latvia,Europe & Central Asia,56.9465,24.1048,1995,100.0,2485056,0.0
LVA,Latvia,Europe & Central Asia,56.9465,24.1048,1996,100.0,2457222,0.0
LVA,Latvia,Europe & Central Asia,56.9465,24.1048,1997,100.0,2432851,0.0
LVA,Latvia,Europe & Central Asia,56.9465,24.1048,1998,100.0,2410019,0.0
LVA,Latvia,Europe & Central Asia,56.9465,24.1048,1999,100.0,2390482,0.0
LVA,Latvia,Europe & Central Asia,56.9465,24.1048,2000,99.9,2367550,2367.549999999739
LVA,Latvia,Europe & Central Asia,56.9465,24.1048,2001,99.9,2337170,2337.1699999997427
LVA,Latvia,Europe & Central Asia,56.9465,24.1048,2002,99.8,2310173,4620.346000000004
LVA,Latvia,Europe & Central Asia,56.9465,24.1048,2003,99.8,2287955,4575.910000000004
LVA,Latvia,Europe & Central Asia,56.9465,24.1048,2004,99.7,2263122,6789.366000000006
LVA,Latvia,Europe & Central Asia,56.9465,24.1048,2005,99.7,2238799,6716.397000000006
LVA,Latvia,Europe & Central Asia,56.9465,24.1048,2006,99.6,2218357,8873.428000000007
LVA,Latvia,Europe & Central Asia,56.9465,24.1048,2007,99.7,2200325,6600.975000000006
LVA,Latvia,Europe & Central Asia,56.9465,24.1048,2008,99.7,2177322,6531.966000000006
LVA,Latvia,Europe & Central Asia,56.9465,24.1048,2009,100.0,2141669,0.0
LVA,Latvia,Europe & Central Asia,56.9465,24.1048,2010,99.8,2097555,4195.110000000003
LVA,Latvia,Europe & Central Asia,56.9465,24.1048,2011,99.8,2059709,4119.418000000003
LVA,Latvia,Europe & Central Asia,56.9465,24.1048,2012,100.0,2034319,0.0
LVA,Latvia,Europe & Central Asia,56.9465,24.1048,2013,100.0,2012647,0.0
LVA,Latvia,Europe & Central Asia,56.9465,24.1048,2014,100.0,1993782,0.0
LVA,Latvia,Europe & Central Asia,56.9465,24.1048,2015,100.0,1977527,0.0
LVA,Latvia,Europe & Central Asia,56.9465,24.1048,2016,100.0,1959537,0.0
LVA,Latvia,Europe & Central Asia,56.9465,24.1048,2017,100.0,1942248,0.0
LVA,Latvia,Europe & Central Asia,56.9465,24.1048,2018,100.0,1927174,0.0
LVA,Latvia,Europe & Central Asia,56.9465,24.1048,2019,100.0,1913822,0.0
LVA,Latvia,Europe & Central Asia,56.9465,24.1048,2020,100.0,1900449,0.0
LVA,Latvia,Europe & Central Asia,56.9465,24.1048,2021,100.0,1884490,0.0
LVA,Latvia,Europe & Central Asia,56.9465,24.1048,2022,100.0,1879383,0.0
LVA,Latvia,Europe & Central Asia,56.9465,24.1048,2023,100.0,1883710,0.0
LVA,Latvia,Europe & Central Asia,56.9465,24.1048,2024,100.0,1866124,0.0
LBN,Lebanon,"Middle East, North Africa, Afghanistan & Pakistan",33.8872,35.5134,2000,99.3,4329340,30305.380000000026
LBN,Lebanon,"Middle East, North Africa, Afghanistan & Pakistan",33.8872,35.5134,2001,99.3,4401918,30813.42600000003
LBN,Lebanon,"Middle East, North Africa, Afghanistan & Pakistan",33.8872,35.5134,2002,99.3,4463504,31244.528000000028
LBN,Lebanon,"Middle East, North Africa, Afghanistan & Pakistan",33.8872,35.5134,2003,99.2,4525508,36204.064000000035
LBN,Lebanon,"Middle East, North Africa, Afghanistan & Pakistan",33.8872,35.5134,2004,99.9,4599279,4599.278999999494
LBN,Lebanon,"Middle East, North Africa, Afghanistan & Pakistan",33.8872,35.5134,2005,99.2,4671102,37368.816000000035
LBN,Lebanon,"Middle East, North Africa, Afghanistan & Pakistan",33.8872,35.5134,2006,99.4,4751136,28506.815999999497
LBN,Lebanon,"Middle East, North Africa, Afghanistan & Pakistan",33.8872,35.5134,2007,97.8,4844118,106570.59600000009
LBN,Lebanon,"Middle East, North Africa, Afghanistan & Pakistan",33.8872,35.5134,2008,99.9,4925354,4925.353999999457
LBN,Lebanon,"Middle East, North Africa, Afghanistan & Pakistan",33.8872,35.5134,2009,99.3,4992287,34946.009000000035
LBN,Lebanon,"Middle East, North Africa, Afghanistan & Pakistan",33.8872,35.5134,2010,99.5,5041288,25206.440000000024
LBN,Lebanon,"Middle East, North Africa, Afghanistan & Pakistan",33.8872,35.5134,2011,99.7,5096020,15288.060000000014
LBN,Lebanon,"Middle East, North Africa, Afghanistan & Pakistan",33.8872,35.5134,2012,99.5,5235742,26178.710000000025
LBN,Lebanon,"Middle East, North Africa, Afghanistan & Pakistan",33.8872,35.5134,2013,99.6,5743436,22973.74400000002
LBN,Lebanon,"Middle East, North Africa, Afghanistan & Pakistan",33.8872,35.5134,2014,99.7,6346990,19040.970000000016
LBN,Lebanon,"Middle East, North Africa, Afghanistan & Pakistan",33.8872,35.5134,2015,99.7,6472469,19417.407000000017
LBN,Lebanon,"Middle East, North Africa, Afghanistan & Pakistan",33.8872,35.5134,2016,99.8,6323060,12646.120000000012
LBN,Lebanon,"Middle East, North Africa, Afghanistan & Pakistan",33.8872,35.5134,2017,99.9,6160128,6160.127999999321
LBN,Lebanon,"Middle East, North Africa, Afghanistan & Pakistan",33.8872,35.5134,2018,99.7,5984119,17952.357000000015
LBN,Lebanon,"Middle East, North Africa, Afghanistan & Pakistan",33.8872,35.5134,2019,100.0,5794594,0.0
LBN,Lebanon,"Middle East, North Africa, Afghanistan & Pakistan",33.8872,35.5134,2020,100.0,5702398,0.0
LBN,Lebanon,"Middle East, North Africa, Afghanistan & Pakistan",33.8872,35.5134,2021,100.0,5718122,0.0
LBN,Lebanon,"Middle East, North Africa, Afghanistan & Pakistan",33.8872,35.5134,2022,100.0,5744489,0.0
LBN,Lebanon,"Middle East, North Africa, Afghanistan & Pakistan",33.8872,35.5134,2023,100.0,5773493,0.0
LBN,Lebanon,"Middle East, North Africa, Afghanistan & Pakistan",33.8872,35.5134,2024,100.0,5805962,0.0
LSO,Lesotho,Sub-Saharan Africa,-29.5208,27.7167,2000,4.3,2003913,1917744.741
LSO,Lesotho,Sub-Saharan Africa,-29.5208,27.7167,2001,1.3,2000853,1974841.911
LSO,Lesotho,Sub-Saharan Africa,-29.5208,27.7167,2002,3.4,1994679,1926859.9139999999
LSO,Lesotho,Sub-Saharan Africa,-29.5208,27.7167,2003,5.4,1985059,1877865.814
LSO,Lesotho,Sub-Saharan Africa,-29.5208,27.7167,2004,6.8,1971129,1837092.228
LSO,Lesotho,Sub-Saharan Africa,-29.5208,27.7167,2005,9.6,1953076,1765580.7040000001
LSO,Lesotho,Sub-Saharan Africa,-29.5208,27.7167,2006,9.7,1945063,1756391.889
LSO,Lesotho,Sub-Saharan Africa,-29.5208,27.7167,2007,13.9,1953268,1681763.748
LSO,Lesotho,Sub-Saharan Africa,-29.5208,27.7167,2008,16.0,1966541,1651894.44
LSO,Lesotho,Sub-Saharan Africa,-29.5208,27.7167,2009,17.0,1980883,1644132.89
LSO,Lesotho,Sub-Saharan Africa,-29.5208,27.7167,2010,17.0,1996251,1656888.3299999998
LSO,Lesotho,Sub-Saharan Africa,-29.5208,27.7167,2011,22.5,2014009,1560856.975
LSO,Lesotho,Sub-Saharan Africa,-29.5208,27.7167,2012,20.6,2034354,1615277.0760000001
LSO,Lesotho,Sub-Saharan Africa,-29.5208,27.7167,2013,26.9,2056504,1503304.424
LSO,Lesotho,Sub-Saharan Africa,-29.5208,27.7167,2014,27.8,2080089,1501824.258
LSO,Lesotho,Sub-Saharan Africa,-29.5208,27.7167,2015,31.8,2104611,1435344.7019999998
LSO,Lesotho,Sub-Saharan Africa,-29.5208,27.7167,2016,35.1,2130422,1382643.878
LSO,Lesotho,Sub-Saharan Africa,-29.5208,27.7167,2017,33.7,2157110,1430163.9300000002
LSO,Lesotho,Sub-Saharan Africa,-29.5208,27.7167,2018,47.0,2183603,1157309.59
LSO,Lesotho,Sub-Saharan Africa,-29.5208,27.7167,2019,44.6,2209405,1224010.37
LSO,Lesotho,Sub-Saharan Africa,-29.5208,27.7167,2020,47.5,2235727,1173756.675
LSO,Lesotho,Sub-Saharan Africa,-29.5208,27.7167,2021,50.4,2261542,1121724.832
LSO,Lesotho,Sub-Saharan Africa,-29.5208,27.7167,2022,50.0,2286110,1143055.0
LSO,Lesotho,Sub-Saharan Africa,-29.5208,27.7167,2023,57.3,2311472,986998.5440000001
LSO,Lesotho,Sub-Saharan Africa,-29.5208,27.7167,2024,60.6,2337423,920944.662
LBR,Liberia,Sub-Saharan Africa,6.30039,-10.7957,2007,3.0,3669050,3558978.5
LBR,Liberia,Sub-Saharan Africa,6.30039,-10.7957,2008,1.3,3821003,3771329.961
LBR,Liberia,Sub-Saharan Africa,6.30039,-10.7957,2009,1.9,3943028,3868110.468
LBR,Liberia,Sub-Saharan Africa,6.30039,-10.7957,2010,5.3,4058890,3843768.8299999996
LBR,Liberia,Sub-Saharan Africa,6.30039,-10.7957,2011,4.1,4221178,4048109.702
LBR,Liberia,Sub-Saharan Africa,6.30039,-10.7957,2012,9.3,4373043,3966350.001
LBR,Liberia,Sub-Saharan Africa,6.30039,-10.7957,2013,9.8,4470239,4032155.578
LBR,Liberia,Sub-Saharan Africa,6.30039,-10.7957,2014,9.4,4564293,4135249.458
LBR,Liberia,Sub-Saharan Africa,6.30039,-10.7957,2015,15.2,4659431,3951197.488
LBR,Liberia,Sub-Saharan Africa,6.30039,-10.7957,2016,17.7,4755608,3913865.3839999996
LBR,Liberia,Sub-Saharan Africa,6.30039,-10.7957,2017,24.2,4848925,3675485.15
LBR,Liberia,Sub-Saharan Africa,6.30039,-10.7957,2018,22.8,4944726,3817328.472
LBR,Liberia,Sub-Saharan Africa,6.30039,-10.7957,2019,23.1,5043721,3878621.449
LBR,Liberia,Sub-Saharan Africa,6.30039,-10.7957,2020,27.6,5149463,3728211.212
LBR,Liberia,Sub-Saharan Africa,6.30039,-10.7957,2021,29.8,5259323,3692044.746
LBR,Liberia,Sub-Saharan Africa,6.30039,-10.7957,2022,31.8,5373294,3664586.5079999994
LBR,Liberia,Sub-Saharan Africa,6.30039,-10.7957,2023,32.5,5493031,3707795.9250000003
LBR,Liberia,Sub-Saharan Africa,6.30039,-10.7957,2024,34.9,5612817,3653943.867
LBY,Libya,"Middle East, North Africa, Afghanistan & Pakistan",32.8578,13.1072,2000,99.8,5305021,10610.042000000009
LBY,Libya,"Middle East, North Africa, Afghanistan & Pakistan",32.8578,13.1072,2001,96.9,5403639,167512.80899999954
LBY,Libya,"Middle East, North Africa, Afghanistan & Pakistan",32.8578,13.1072,2002,95.2,5508410,264403.67999999964
LBY,Libya,"Middle East, North Africa, Afghanistan & Pakistan",32.8578,13.1072,2003,93.5,5619398,365260.8699999997
LBY,Libya,"Middle East, North Africa, Afghanistan & Pakistan",32.8578,13.1072,2004,91.8,5736693,470408.8260000004
LBY,Libya,"Middle East, North Africa, Afghanistan & Pakistan",32.8578,13.1072,2005,90.1,5858798,580021.0020000006
LBY,Libya,"Middle East, North Africa, Afghanistan & Pakistan",32.8578,13.1072,2006,88.4,5980211,693704.4759999999
LBY,Libya,"Middle East, North Africa, Afghanistan & Pakistan",32.8578,13.1072,2007,86.8,6104380,805778.16
LBY,Libya,"Middle East, North Africa, Afghanistan & Pakistan",32.8578,13.1072,2008,85.1,6235430,929079.0700000002
LBY,Libya,"Middle East, North Africa, Afghanistan & Pakistan",32.8578,13.1072,2009,83.5,6366686,1050503.1900000002
LBY,Libya,"Middle East, North Africa, Afghanistan & Pakistan",32.8578,13.1072,2010,81.9,6497839,1176108.8589999997
LBY,Libya,"Middle East, North Africa, Afghanistan & Pakistan",32.8578,13.1072,2011,80.3,6343203,1249610.9910000004
LBY,Libya,"Middle East, North Africa, Afghanistan & Pakistan",32.8578,13.1072,2012,78.7,6179328,1316196.8639999998
LBY,Libya,"Middle East, North Africa, Afghanistan & Pakistan",32.8578,13.1072,2013,77.1,6304628,1443759.8120000006
LBY,Libya,"Middle East, North Africa, Afghanistan & Pakistan",32.8578,13.1072,2014,75.5,6427252,1574676.74
LBY,Libya,"Middle East, North Africa, Afghanistan & Pakistan",32.8578,13.1072,2015,73.8,6531819,1711336.578
LBY,Libya,"Middle East, North Africa, Afghanistan & Pakistan",32.8578,13.1072,2016,72.2,6632126,1843731.0280000002
LBY,Libya,"Middle East, North Africa, Afghanistan & Pakistan",32.8578,13.1072,2017,70.6,6738770,1981198.3800000004
LBY,Libya,"Middle East, North Africa, Afghanistan & Pakistan",32.8578,13.1072,2018,67.0,6849055,2260188.15
LBY,Libya,"Middle East, North Africa, Afghanistan & Pakistan",32.8578,13.1072,2019,68.5,6951033,2189575.3949999996
LBY,Libya,"Middle East, North Africa, Afghanistan & Pakistan",32.8578,13.1072,2020,69.4,7045399,2155892.0939999996
LBY,Libya,"Middle East, North Africa, Afghanistan & Pakistan",32.8578,13.1072,2021,70.2,7135175,2126282.1499999994
LBY,Libya,"Middle East, North Africa, Afghanistan & Pakistan",32.8578,13.1072,2022,70.0,7223805,2167141.5000000005
LBY,Libya,"Middle East, North Africa, Afghanistan & Pakistan",32.8578,13.1072,2023,73.2,7305659,1957916.6120000002
LBY,Libya,"Middle East, North Africa, Afghanistan & Pakistan",32.8578,13.1072,2024,77.4,7381023,1668111.1979999999
LIE,Liechtenstein,Europe & Central Asia,47.1411,9.52148,1990,100.0,28742,0.0
LIE,Liechtenstein,Europe & Central Asia,47.1411,9.52148,1991,100.0,29209,0.0
LIE,Liechtenstein,Europe & Central Asia,47.1411,9.52148,1992,100.0,29627,0.0
LIE,Liechtenstein,Europe & Central Asia,47.1411,9.52148,1993,100.0,30089,0.0
LIE,Liechtenstein,Europe & Central Asia,47.1411,9.52148,1994,100.0,30470,0.0
LIE,Liechtenstein,Europe & Central Asia,47.1411,9.52148,1995,100.0,30776,0.0
LIE,Liechtenstein,Europe & Central Asia,47.1411,9.52148,1996,100.0,31033,0.0
LIE,Liechtenstein,Europe & Central Asia,47.1411,9.52148,1997,100.0,31232,0.0
LIE,Liechtenstein,Europe & Central Asia,47.1411,9.52148,1998,100.0,31668,0.0
LIE,Liechtenstein,Europe & Central Asia,47.1411,9.52148,1999,100.0,32221,0.0
LIE,Liechtenstein,Europe & Central Asia,47.1411,9.52148,2000,100.0,32645,0.0
LIE,Liechtenstein,Europe & Central Asia,47.1411,9.52148,2001,100.0,33194,0.0
LIE,Liechtenstein,Europe & Central Asia,47.1411,9.52148,2002,100.0,33694,0.0
LIE,Liechtenstein,Europe & Central Asia,47.1411,9.52148,2003,100.0,34079,0.0
LIE,Liechtenstein,Europe & Central Asia,47.1411,9.52148,2004,100.0,34447,0.0
LIE,Liechtenstein,Europe & Central Asia,47.1411,9.52148,2005,100.0,34753,0.0
LIE,Liechtenstein,Europe & Central Asia,47.1411,9.52148,2006,100.0,35037,0.0
LIE,Liechtenstein,Europe & Central Asia,47.1411,9.52148,2007,100.0,35262,0.0
LIE,Liechtenstein,Europe & Central Asia,47.1411,9.52148,2008,100.0,35473,0.0
LIE,Liechtenstein,Europe & Central Asia,47.1411,9.52148,2009,100.0,35742,0.0
LIE,Liechtenstein,Europe & Central Asia,47.1411,9.52148,2010,100.0,36022,0.0
LIE,Liechtenstein,Europe & Central Asia,47.1411,9.52148,2011,100.0,36312,0.0
LIE,Liechtenstein,Europe & Central Asia,47.1411,9.52148,2012,100.0,36657,0.0
LIE,Liechtenstein,Europe & Central Asia,47.1411,9.52148,2013,100.0,36984,0.0
LIE,Liechtenstein,Europe & Central Asia,47.1411,9.52148,2014,100.0,37248,0.0
LIE,Liechtenstein,Europe & Central Asia,47.1411,9.52148,2015,100.0,37494,0.0
LIE,Liechtenstein,Europe & Central Asia,47.1411,9.52148,2016,100.0,37716,0.0
LIE,Liechtenstein,Europe & Central Asia,47.1411,9.52148,2017,100.0,37962,0.0
LIE,Liechtenstein,Europe & Central Asia,47.1411,9.52148,2018,100.0,38246,0.0
LIE,Liechtenstein,Europe & Central Asia,47.1411,9.52148,2019,100.0,38563,0.0
LIE,Liechtenstein,Europe & Central Asia,47.1411,9.52148,2020,100.0,38901,0.0
LIE,Liechtenstein,Europe & Central Asia,47.1411,9.52148,2021,100.0,39182,0.0
LIE,Liechtenstein,Europe & Central Asia,47.1411,9.52148,2022,100.0,39493,0.0
LIE,Liechtenstein,Europe & Central Asia,47.1411,9.52148,2023,100.0,39846,0.0
LIE,Liechtenstein,Europe & Central Asia,47.1411,9.52148,2024,100.0,40450,0.0
LTU,Lithuania,Europe & Central Asia,54.6896,25.2799,1990,100.0,3697838,0.0
LTU,Lithuania,Europe & Central Asia,54.6896,25.2799,1991,100.0,3704134,0.0
LTU,Lithuania,Europe & Central Asia,54.6896,25.2799,1992,100.0,3700114,0.0
LTU,Lithuania,Europe & Central Asia,54.6896,25.2799,1993,100.0,3682613,0.0
LTU,Lithuania,Europe & Central Asia,54.6896,25.2799,1994,100.0,3657144,0.0
LTU,Lithuania,Europe & Central Asia,54.6896,25.2799,1995,100.0,3629102,0.0
LTU,Lithuania,Europe & Central Asia,54.6896,25.2799,1996,100.0,3601613,0.0
LTU,Lithuania,Europe & Central Asia,54.6896,25.2799,1997,100.0,3575137,0.0
LTU,Lithuania,Europe & Central Asia,54.6896,25.2799,1998,100.0,3549331,0.0
LTU,Lithuania,Europe & Central Asia,54.6896,25.2799,1999,100.0,3524238,0.0
LTU,Lithuania,Europe & Central Asia,54.6896,25.2799,2000,99.5,3499536,17497.680000000015
LTU,Lithuania,Europe & Central Asia,54.6896,25.2799,2001,99.5,3470818,17354.090000000015
LTU,Lithuania,Europe & Central Asia,54.6896,25.2799,2002,99.4,3443067,20658.401999999634
LTU,Lithuania,Europe & Central Asia,54.6896,25.2799,2003,99.4,3415213,20491.27799999964
LTU,Lithuania,Europe & Central Asia,54.6896,25.2799,2004,99.4,3377075,20262.449999999644
LTU,Lithuania,Europe & Central Asia,54.6896,25.2799,2005,99.4,3322528,19935.16799999965
LTU,Lithuania,Europe & Central Asia,54.6896,25.2799,2006,99.4,3269909,19619.453999999656
LTU,Lithuania,Europe & Central Asia,54.6896,25.2799,2007,99.4,3231294,19387.763999999657
LTU,Lithuania,Europe & Central Asia,54.6896,25.2799,2008,99.4,3198231,19189.38599999966
LTU,Lithuania,Europe & Central Asia,54.6896,25.2799,2009,99.5,3162916,15814.580000000014
LTU,Lithuania,Europe & Central Asia,54.6896,25.2799,2010,99.7,3097282,9291.846000000009
LTU,Lithuania,Europe & Central Asia,54.6896,25.2799,2011,99.7,3028115,9084.345000000008
LTU,Lithuania,Europe & Central Asia,54.6896,25.2799,2012,100.0,2989139,0.0
LTU,Lithuania,Europe & Central Asia,54.6896,25.2799,2013,100.0,2961250,0.0
LTU,Lithuania,Europe & Central Asia,54.6896,25.2799,2014,100.0,2937253,0.0
LTU,Lithuania,Europe & Central Asia,54.6896,25.2799,2015,100.0,2911109,0.0
LTU,Lithuania,Europe & Central Asia,54.6896,25.2799,2016,100.0,2877325,0.0
LTU,Lithuania,Europe & Central Asia,54.6896,25.2799,2017,100.0,2842639,0.0
LTU,Lithuania,Europe & Central Asia,54.6896,25.2799,2018,100.0,2819200,0.0
LTU,Lithuania,Europe & Central Asia,54.6896,25.2799,2019,100.0,2811089,0.0
LTU,Lithuania,Europe & Central Asia,54.6896,25.2799,2020,100.0,2810369,0.0
LTU,Lithuania,Europe & Central Asia,54.6896,25.2799,2021,100.0,2808380,0.0
LTU,Lithuania,Europe & Central Asia,54.6896,25.2799,2022,100.0,2831639,0.0
LTU,Lithuania,Europe & Central Asia,54.6896,25.2799,2023,100.0,2871585,0.0
LTU,Lithuania,Europe & Central Asia,54.6896,25.2799,2024,100.0,2888278,0.0
LUX,Luxembourg,Europe & Central Asia,49.61,6.1296,1990,100.0,381850,0.0
LUX,Luxembourg,Europe & Central Asia,49.61,6.1296,1991,100.0,387000,0.0
LUX,Luxembourg,Europe & Central Asia,49.61,6.1296,1992,100.0,392175,0.0
LUX,Luxembourg,Europe & Central Asia,49.61,6.1296,1993,100.0,397475,0.0
LUX,Luxembourg,Europe & Central Asia,49.61,6.1296,1994,100.0,402925,0.0
LUX,Luxembourg,Europe & Central Asia,49.61,6.1296,1995,100.0,408625,0.0
LUX,Luxembourg,Europe & Central Asia,49.61,6.1296,1996,100.0,414225,0.0
LUX,Luxembourg,Europe & Central Asia,49.61,6.1296,1997,100.0,419450,0.0
LUX,Luxembourg,Europe & Central Asia,49.61,6.1296,1998,100.0,424700,0.0
LUX,Luxembourg,Europe & Central Asia,49.61,6.1296,1999,100.0,430475,0.0
LUX,Luxembourg,Europe & Central Asia,49.61,6.1296,2000,100.0,436300,0.0
LUX,Luxembourg,Europe & Central Asia,49.61,6.1296,2001,100.0,441525,0.0
LUX,Luxembourg,Europe & Central Asia,49.61,6.1296,2002,100.0,446175,0.0
LUX,Luxembourg,Europe & Central Asia,49.61,6.1296,2003,100.0,451630,0.0
LUX,Luxembourg,Europe & Central Asia,49.61,6.1296,2004,100.0,458095,0.0
LUX,Luxembourg,Europe & Central Asia,49.61,6.1296,2005,100.0,465158,0.0
LUX,Luxembourg,Europe & Central Asia,49.61,6.1296,2006,100.0,472637,0.0
LUX,Luxembourg,Europe & Central Asia,49.61,6.1296,2007,100.0,479993,0.0
LUX,Luxembourg,Europe & Central Asia,49.61,6.1296,2008,100.0,488650,0.0
LUX,Luxembourg,Europe & Central Asia,49.61,6.1296,2009,100.0,497783,0.0
LUX,Luxembourg,Europe & Central Asia,49.61,6.1296,2010,100.0,506953,0.0
LUX,Luxembourg,Europe & Central Asia,49.61,6.1296,2011,100.0,518347,0.0
LUX,Luxembourg,Europe & Central Asia,49.61,6.1296,2012,100.0,530946,0.0
LUX,Luxembourg,Europe & Central Asia,49.61,6.1296,2013,100.0,543360,0.0
LUX,Luxembourg,Europe & Central Asia,49.61,6.1296,2014,100.0,556319,0.0
LUX,Luxembourg,Europe & Central Asia,49.61,6.1296,2015,100.0,569604,0.0
LUX,Luxembourg,Europe & Central Asia,49.61,6.1296,2016,100.0,582014,0.0
LUX,Luxembourg,Europe & Central Asia,49.61,6.1296,2017,100.0,596336,0.0
LUX,Luxembourg,Europe & Central Asia,49.61,6.1296,2018,100.0,607950,0.0
LUX,Luxembourg,Europe & Central Asia,49.61,6.1296,2019,100.0,620001,0.0
LUX,Luxembourg,Europe & Central Asia,49.61,6.1296,2020,100.0,630419,0.0
LUX,Luxembourg,Europe & Central Asia,49.61,6.1296,2021,100.0,640064,0.0
LUX,Luxembourg,Europe & Central Asia,49.61,6.1296,2022,100.0,653103,0.0
LUX,Luxembourg,Europe & Central Asia,49.61,6.1296,2023,100.0,666430,0.0
LUX,Luxembourg,Europe & Central Asia,49.61,6.1296,2024,100.0,677012,0.0
MAC,"Macao SAR, China",East Asia & Pacific,22.1667,113.55,1990,99.8492813110352,334950,504.8322486876028
MAC,"Macao SAR, China",East Asia & Pacific,22.1667,113.55,1991,99.8805847167969,351650,419.9238433836829
MAC,"Macao SAR, China",East Asia & Pacific,22.1667,113.55,1992,99.9114303588867,370900,328.50479888923263
MAC,"Macao SAR, China",East Asia & Pacific,22.1667,113.55,1993,99.9416198730469,384000,224.17968749988404
MAC,"Macao SAR, China",East Asia & Pacific,22.1667,113.55,1994,100.0,396800,0.0
MAC,"Macao SAR, China",East Asia & Pacific,22.1667,113.55,1995,100.0,409300,0.0
MAC,"Macao SAR, China",East Asia & Pacific,22.1667,113.55,1996,100.0,415100,0.0
MAC,"Macao SAR, China",East Asia & Pacific,22.1667,113.55,1997,100.0,417300,0.0
MAC,"Macao SAR, China",East Asia & Pacific,22.1667,113.55,1998,100.0,422300,0.0
MAC,"Macao SAR, China",East Asia & Pacific,22.1667,113.55,1999,100.0,427400,0.0
MAC,"Macao SAR, China",East Asia & Pacific,22.1667,113.55,2000,100.0,430600,0.0
MAC,"Macao SAR, China",East Asia & Pacific,22.1667,113.55,2001,100.0,433900,0.0
MAC,"Macao SAR, China",East Asia & Pacific,22.1667,113.55,2002,100.0,438400,0.0
MAC,"Macao SAR, China",East Asia & Pacific,22.1667,113.55,2003,100.0,443600,0.0
MAC,"Macao SAR, China",East Asia & Pacific,22.1667,113.55,2004,100.0,454700,0.0
MAC,"Macao SAR, China",East Asia & Pacific,22.1667,113.55,2005,100.0,473500,0.0
MAC,"Macao SAR, China",East Asia & Pacific,22.1667,113.55,2006,100.0,498900,0.0
MAC,"Macao SAR, China",East Asia & Pacific,22.1667,113.55,2007,100.0,520900,0.0
MAC,"Macao SAR, China",East Asia & Pacific,22.1667,113.55,2008,100.0,540700,0.0
MAC,"Macao SAR, China",East Asia & Pacific,22.1667,113.55,2009,100.0,535000,0.0
MAC,"Macao SAR, China",East Asia & Pacific,22.1667,113.55,2010,100.0,537000,0.0
MAC,"Macao SAR, China",East Asia & Pacific,22.1667,113.55,2011,100.0,549600,0.0
MAC,"Macao SAR, China",East Asia & Pacific,22.1667,113.55,2012,100.0,567900,0.0
MAC,"Macao SAR, China",East Asia & Pacific,22.1667,113.55,2013,100.0,591900,0.0
MAC,"Macao SAR, China",East Asia & Pacific,22.1667,113.55,2014,100.0,621700,0.0
MAC,"Macao SAR, China",East Asia & Pacific,22.1667,113.55,2015,100.0,642900,0.0
MAC,"Macao SAR, China",East Asia & Pacific,22.1667,113.55,2016,100.0,652500,0.0
MAC,"Macao SAR, China",East Asia & Pacific,22.1667,113.55,2017,100.0,648400,0.0
MAC,"Macao SAR, China",East Asia & Pacific,22.1667,113.55,2018,100.0,658900,0.0
MAC,"Macao SAR, China",East Asia & Pacific,22.1667,113.55,2019,100.0,672000,0.0
MAC,"Macao SAR, China",East Asia & Pacific,22.1667,113.55,2020,100.0,685400,0.0
MAC,"Macao SAR, China",East Asia & Pacific,22.1667,113.55,2021,100.0,682500,0.0
MAC,"Macao SAR, China",East Asia & Pacific,22.1667,113.55,2022,100.0,677300,0.0
MAC,"Macao SAR, China",East Asia & Pacific,22.1667,113.55,2023,100.0,678800,0.0
MAC,"Macao SAR, China",East Asia & Pacific,22.1667,113.55,2024,100.0,687000,0.0
MDG,Madagascar,Sub-Saharan Africa,-20.4667,45.7167,1992,9.2,12800870,11623189.96
MDG,Madagascar,Sub-Saharan Africa,-20.4667,45.7167,1993,10.1056232452393,13197345,11863671.035925573
MDG,Madagascar,Sub-Saharan Africa,-20.4667,45.7167,1994,10.5616483688354,13613850,12176003.033539303
MDG,Madagascar,Sub-Saharan Africa,-20.4667,45.7167,1995,11.0156345367432,14051275,12503437.898247236
MDG,Madagascar,Sub-Saharan Africa,-20.4667,45.7167,1996,11.4669008255005,14510711,12846782.160555007
MDG,Madagascar,Sub-Saharan Africa,-20.4667,45.7167,1997,10.9,14990814,13356815.274
MDG,Madagascar,Sub-Saharan Africa,-20.4667,45.7167,1998,12.3585548400879,15489364,13575102.455679167
MDG,Madagascar,Sub-Saharan Africa,-20.4667,45.7167,1999,12.7975006103516,16000506,13952841.146990657
MDG,Madagascar,Sub-Saharan Africa,-20.4667,45.7167,2000,12.6,16516338,14435279.412
MDG,Madagascar,Sub-Saharan Africa,-20.4667,45.7167,2001,14.8,17032939,14512064.027999999
MDG,Madagascar,Sub-Saharan Africa,-20.4667,45.7167,2002,14.0,17549913,15092925.18
MDG,Madagascar,Sub-Saharan Africa,-20.4667,45.7167,2003,20.3,18071854,14403267.637999998
MDG,Madagascar,Sub-Saharan Africa,-20.4667,45.7167,2004,15.3,18606608,15759796.976
MDG,Madagascar,Sub-Saharan Africa,-20.4667,45.7167,2005,16.0,19159707,16094153.879999999
MDG,Madagascar,Sub-Saharan Africa,-20.4667,45.7167,2006,16.8,19730909,16416116.287999999
MDG,Madagascar,Sub-Saharan Africa,-20.4667,45.7167,2007,17.5,20318583,16762830.975
MDG,Madagascar,Sub-Saharan Africa,-20.4667,45.7167,2008,18.3,20923840,17094777.279999997
MDG,Madagascar,Sub-Saharan Africa,-20.4667,45.7167,2009,17.4,21547280,17798053.28
MDG,Madagascar,Sub-Saharan Africa,-20.4667,45.7167,2010,12.3,22183340,19454789.18
MDG,Madagascar,Sub-Saharan Africa,-20.4667,45.7167,2011,14.3,22822300,19558711.1
MDG,Madagascar,Sub-Saharan Africa,-20.4667,45.7167,2012,18.7,23462438,19074962.094
MDG,Madagascar,Sub-Saharan Africa,-20.4667,45.7167,2013,12.9,24109290,20999191.59
MDG,Madagascar,Sub-Saharan Africa,-20.4667,45.7167,2014,23.0,24764348,19068547.96
MDG,Madagascar,Sub-Saharan Africa,-20.4667,45.7167,2015,23.8,25426702,19375146.924
MDG,Madagascar,Sub-Saharan Africa,-20.4667,45.7167,2016,22.9,26099952,20123062.992
MDG,Madagascar,Sub-Saharan Africa,-20.4667,45.7167,2017,24.1,26788375,20332376.625
MDG,Madagascar,Sub-Saharan Africa,-20.4667,45.7167,2018,36.5,27494926,17459278.01
MDG,Madagascar,Sub-Saharan Africa,-20.4667,45.7167,2019,31.0,28219554,19471492.259999998
MDG,Madagascar,Sub-Saharan Africa,-20.4667,45.7167,2020,32.0,28953556,19688418.08
MDG,Madagascar,Sub-Saharan Africa,-20.4667,45.7167,2021,35.1,29691083,19269512.867000002
MDG,Madagascar,Sub-Saharan Africa,-20.4667,45.7167,2022,36.1,30437261,19449409.779
MDG,Madagascar,Sub-Saharan Africa,-20.4667,45.7167,2023,39.4,31195932,18904734.792000003
MDG,Madagascar,Sub-Saharan Africa,-20.4667,45.7167,2024,42.5,31964956,18379849.7
MWI,Malawi,Sub-Saharan Africa,-13.9899,33.7703,1992,3.2,10135079,9810756.472
MWI,Malawi,Sub-Saharan Africa,-13.9899,33.7703,1993,1.55355584621429,10284024,10124255.943921918
MWI,Malawi,Sub-Saharan Africa,-13.9899,33.7703,1994,2.01366138458252,10164894,9960207.454738254
MWI,Malawi,Sub-Saharan Africa,-13.9899,33.7703,1995,2.47172713279724,10150117,9899233.804100335
MWI,Malawi,Sub-Saharan Africa,-13.9899,33.7703,1996,2.92707347869873,10352228,10049210.679757576
MWI,Malawi,Sub-Saharan Africa,-13.9899,33.7703,1997,3.37902021408081,10562035,10205141.70233171
MWI,Malawi,Sub-Saharan Africa,-13.9899,33.7703,1998,3.82688760757446,10792876,10379844.765855122
MWI,Malawi,Sub-Saharan Africa,-13.9899,33.7703,1999,4.26991271972656,11047804,10576072.411753539
MWI,Malawi,Sub-Saharan Africa,-13.9899,33.7703,2000,4.8,11315942,10772776.784
MWI,Malawi,Sub-Saharan Africa,-13.9899,33.7703,2001,5.2,11593058,10990218.984
MWI,Malawi,Sub-Saharan Africa,-13.9899,33.7703,2002,5.6,11880440,11215135.36
MWI,Malawi,Sub-Saharan Africa,-13.9899,33.7703,2003,6.2,12181574,11426316.411999999
MWI,Malawi,Sub-Saharan Africa,-13.9899,33.7703,2004,6.9,12500737,11638186.147
MWI,Malawi,Sub-Saharan Africa,-13.9899,33.7703,2005,6.6,12840031,11992588.954
MWI,Malawi,Sub-Saharan Africa,-13.9899,33.7703,2006,3.7,13198701,12710349.063
MWI,Malawi,Sub-Saharan Africa,-13.9899,33.7703,2007,7.4,13576343,12571693.617999999
MWI,Malawi,Sub-Saharan Africa,-13.9899,33.7703,2008,7.8,13976417,12886256.474000001
MWI,Malawi,Sub-Saharan Africa,-13.9899,33.7703,2009,8.3,14395788,13200937.596
MWI,Malawi,Sub-Saharan Africa,-13.9899,33.7703,2010,8.7,14826463,13536560.719
MWI,Malawi,Sub-Saharan Africa,-13.9899,33.7703,2011,7.6,15265022,14104880.328
MWI,Malawi,Sub-Saharan Africa,-13.9899,33.7703,2012,7.4,15709577,14547068.302
MWI,Malawi,Sub-Saharan Africa,-13.9899,33.7703,2013,9.0,16161816,14707252.56
MWI,Malawi,Sub-Saharan Africa,-13.9899,33.7703,2014,11.9,16621538,14643574.978
MWI,Malawi,Sub-Saharan Africa,-13.9899,33.7703,2015,10.8,17085587,15240343.604
MWI,Malawi,Sub-Saharan Africa,-13.9899,33.7703,2016,11.0,17557739,15626387.71
MWI,Malawi,Sub-Saharan Africa,-13.9899,33.7703,2017,12.7,18039715,15748671.195
MWI,Malawi,Sub-Saharan Africa,-13.9899,33.7703,2018,18.0,18528081,15193026.420000002
MWI,Malawi,Sub-Saharan Africa,-13.9899,33.7703,2019,11.2,19025752,16894867.776
MWI,Malawi,Sub-Saharan Africa,-13.9899,33.7703,2020,11.5,19533888,17287490.88
MWI,Malawi,Sub-Saharan Africa,-13.9899,33.7703,2021,14.2,20047258,17200547.364
MWI,Malawi,Sub-Saharan Africa,-13.9899,33.7703,2022,14.0,20568728,17689106.08
MWI,Malawi,Sub-Saharan Africa,-13.9899,33.7703,2023,15.6,21104482,17812182.808
MWI,Malawi,Sub-Saharan Africa,-13.9899,33.7703,2024,15.6,21655286,18277061.384
MYS,Malaysia,East Asia & Pacific,3.12433,101.684,2000,98.6,22967816,321549.4240000003
MYS,Malaysia,East Asia & Pacific,3.12433,101.684,2001,98.6,23526538,329371.5320000003
MYS,Malaysia,East Asia & Pacific,3.12433,101.684,2002,98.6,24102477,337434.6780000003
MYS,Malaysia,East Asia & Pacific,3.12433,101.684,2003,98.7,24679602,320834.8260000003
MYS,Malaysia,East Asia & Pacific,3.12433,101.684,2004,98.7,25256772,328338.0360000003
MYS,Malaysia,East Asia & Pacific,3.12433,101.684,2005,98.7,25836071,335868.9230000003
MYS,Malaysia,East Asia & Pacific,3.12433,101.684,2006,98.8,26417909,317014.9080000003
MYS,Malaysia,East Asia & Pacific,3.12433,101.684,2007,98.9,26998389,296982.27899999724
MYS,Malaysia,East Asia & Pacific,3.12433,101.684,2008,99.0,27570059,275700.59000000026
MYS,Malaysia,East Asia & Pacific,3.12433,101.684,2009,99.3,28124778,196873.44600000017
MYS,Malaysia,East Asia & Pacific,3.12433,101.684,2010,99.5,28655776,143278.88000000012
MYS,Malaysia,East Asia & Pacific,3.12433,101.684,2011,99.5,29162039,145810.19500000012
MYS,Malaysia,East Asia & Pacific,3.12433,101.684,2012,99.8,29662831,59325.662000000055
MYS,Malaysia,East Asia & Pacific,3.12433,101.684,2013,99.6,30174265,120697.06000000011
MYS,Malaysia,East Asia & Pacific,3.12433,101.684,2014,99.7,30696137,92088.41100000008
MYS,Malaysia,East Asia & Pacific,3.12433,101.684,2015,99.9,31232798,31232.79799999656
MYS,Malaysia,East Asia & Pacific,3.12433,101.684,2016,99.9,31789685,31789.684999996498
MYS,Malaysia,East Asia & Pacific,3.12433,101.684,2017,100.0,32355644,0.0
MYS,Malaysia,East Asia & Pacific,3.12433,101.684,2018,100.0,32910967,0.0
MYS,Malaysia,East Asia & Pacific,3.12433,101.684,2019,100.0,33440596,0.0
MYS,Malaysia,East Asia & Pacific,3.12433,101.684,2020,100.0,33889558,0.0
MYS,Malaysia,East Asia & Pacific,3.12433,101.684,2021,100.0,34282399,0.0
MYS,Malaysia,East Asia & Pacific,3.12433,101.684,2022,100.0,34695493,0.0
MYS,Malaysia,East Asia & Pacific,3.12433,101.684,2023,100.0,35126298,0.0
MYS,Malaysia,East Asia & Pacific,3.12433,101.684,2024,100.0,35557673,0.0
MDV,Maldives,South Asia,4.1742,73.5109,2000,83.8,282019,45687.07800000001
MDV,Maldives,South Asia,4.1742,73.5109,2001,87.5,286767,35845.875
MDV,Maldives,South Asia,4.1742,73.5109,2002,88.3,291616,34119.072
MDV,Maldives,South Asia,4.1742,73.5109,2003,89.1,296491,32317.51900000003
MDV,Maldives,South Asia,4.1742,73.5109,2004,90.0,301413,30141.299999999992
MDV,Maldives,South Asia,4.1742,73.5109,2005,90.9,306429,27885.03899999999
MDV,Maldives,South Asia,4.1742,73.5109,2006,91.7,313851,26049.632999999987
MDV,Maldives,South Asia,4.1742,73.5109,2007,92.6,324479,24011.44600000002
MDV,Maldives,South Asia,4.1742,73.5109,2008,93.6,336170,21514.88000000002
MDV,Maldives,South Asia,4.1742,73.5109,2009,99.9,348275,348.27499999996166
MDV,Maldives,South Asia,4.1742,73.5109,2010,99.0,360792,3607.9200000000033
MDV,Maldives,South Asia,4.1742,73.5109,2011,99.1,373674,3363.066000000003
MDV,Maldives,South Asia,4.1742,73.5109,2012,99.2,386818,3094.5440000000026
MDV,Maldives,South Asia,4.1742,73.5109,2013,99.4,400070,2400.419999999958
MDV,Maldives,South Asia,4.1742,73.5109,2014,100.0,413617,0.0
MDV,Maldives,South Asia,4.1742,73.5109,2015,99.8,428154,856.3080000000008
MDV,Maldives,South Asia,4.1742,73.5109,2016,100.0,443308,0.0
MDV,Maldives,South Asia,4.1742,73.5109,2017,99.8,458287,916.5740000000009
MDV,Maldives,South Asia,4.1742,73.5109,2018,100.0,473099,0.0
MDV,Maldives,South Asia,4.1742,73.5109,2019,100.0,487731,0.0
MDV,Maldives,South Asia,4.1742,73.5109,2020,100.0,502118,0.0
MDV,Maldives,South Asia,4.1742,73.5109,2021,100.0,516154,0.0
MDV,Maldives,South Asia,4.1742,73.5109,2022,100.0,524106,0.0
MDV,Maldives,South Asia,4.1742,73.5109,2023,100.0,525994,0.0
MDV,Maldives,South Asia,4.1742,73.5109,2024,100.0,527799,0.0
MLI,Mali,Sub-Saharan Africa,13.5667,-7.50034,1996,6.2,10407278,9762026.763999999
MLI,Mali,Sub-Saharan Africa,13.5667,-7.50034,1997,4.28854084014893,10646495,10189915.713880586
MLI,Mali,Sub-Saharan Africa,13.5667,-7.50034,1998,6.06686353683472,10919573,10257097.40728495
MLI,Mali,Sub-Saharan Africa,13.5667,-7.50034,1999,7.84034395217896,11227415,10347147.047061466
MLI,Mali,Sub-Saharan Africa,13.5667,-7.50034,2000,9.6,11559290,10449598.16
MLI,Mali,Sub-Saharan Africa,13.5667,-7.50034,2001,10.8,11912158,10625644.936
MLI,Mali,Sub-Saharan Africa,13.5667,-7.50034,2002,13.0,12288050,10690603.5
MLI,Mali,Sub-Saharan Africa,13.5667,-7.50034,2003,14.7,12684955,10820266.615
MLI,Mali,Sub-Saharan Africa,13.5667,-7.50034,2004,16.4,13102409,10953613.924
MLI,Mali,Sub-Saharan Africa,13.5667,-7.50034,2005,18.2,13538647,11074613.246000001
MLI,Mali,Sub-Saharan Africa,13.5667,-7.50034,2006,16.6,13990139,11667775.925999999
MLI,Mali,Sub-Saharan Africa,13.5667,-7.50034,2007,21.7,14457775,11320437.825000001
MLI,Mali,Sub-Saharan Africa,13.5667,-7.50034,2008,23.4,14940782,11444639.012
MLI,Mali,Sub-Saharan Africa,13.5667,-7.50034,2009,24.0,15435539,11731009.64
MLI,Mali,Sub-Saharan Africa,13.5667,-7.50034,2010,27.0,15945198,11639994.54
MLI,Mali,Sub-Saharan Africa,13.5667,-7.50034,2011,28.8,16469049,11725962.888
MLI,Mali,Sub-Saharan Africa,13.5667,-7.50034,2012,25.6,16957033,12616032.552
MLI,Mali,Sub-Saharan Africa,13.5667,-7.50034,2013,32.4,17459615,11802699.739999998
MLI,Mali,Sub-Saharan Africa,13.5667,-7.50034,2014,34.2,18020267,11857335.685999999
MLI,Mali,Sub-Saharan Africa,13.5667,-7.50034,2015,37.6,18593022,11602045.728
MLI,Mali,Sub-Saharan Africa,13.5667,-7.50034,2016,38.8,19191289,11745068.868000003
MLI,Mali,Sub-Saharan Africa,13.5667,-7.50034,2017,34.8,19813011,12918083.172
MLI,Mali,Sub-Saharan Africa,13.5667,-7.50034,2018,50.9,20442030,10037036.73
MLI,Mali,Sub-Saharan Africa,13.5667,-7.50034,2019,47.9,21068405,10976639.005
MLI,Mali,Sub-Saharan Africa,13.5667,-7.50034,2020,50.6,21713836,10726634.984
MLI,Mali,Sub-Saharan Africa,13.5667,-7.50034,2021,53.4,22388630,10433101.58
MLI,Mali,Sub-Saharan Africa,13.5667,-7.50034,2022,53.0,23072640,10844140.799999999
MLI,Mali,Sub-Saharan Africa,13.5667,-7.50034,2023,54.5,23769127,10814952.784999998
MLI,Mali,Sub-Saharan Africa,13.5667,-7.50034,2024,49.5,24478595,12361690.475
MLT,Malta,"Middle East, North Africa, Afghanistan & Pakistan",35.9042,14.5189,1990,100.0,354170,0.0
MLT,Malta,"Middle East, North Africa, Afghanistan & Pakistan",35.9042,14.5189,1991,100.0,363845,0.0
MLT,Malta,"Middle East, North Africa, Afghanistan & Pakistan",35.9042,14.5189,1992,100.0,367618,0.0
MLT,Malta,"Middle East, North Africa, Afghanistan & Pakistan",35.9042,14.5189,1993,100.0,371308,0.0
MLT,Malta,"Middle East, North Africa, Afghanistan & Pakistan",35.9042,14.5189,1994,100.0,374797,0.0
MLT,Malta,"Middle East, North Africa, Afghanistan & Pakistan",35.9042,14.5189,1995,100.0,377419,0.0
MLT,Malta,"Middle East, North Africa, Afghanistan & Pakistan",35.9042,14.5189,1996,100.0,379905,0.0
MLT,Malta,"Middle East, North Africa, Afghanistan & Pakistan",35.9042,14.5189,1997,100.0,382791,0.0
MLT,Malta,"Middle East, North Africa, Afghanistan & Pakistan",35.9042,14.5189,1998,100.0,385287,0.0
MLT,Malta,"Middle East, North Africa, Afghanistan & Pakistan",35.9042,14.5189,1999,100.0,387578,0.0
MLT,Malta,"Middle East, North Africa, Afghanistan & Pakistan",35.9042,14.5189,2000,100.0,390087,0.0
MLT,Malta,"Middle East, North Africa, Afghanistan & Pakistan",35.9042,14.5189,2001,100.0,393028,0.0
MLT,Malta,"Middle East, North Africa, Afghanistan & Pakistan",35.9042,14.5189,2002,100.0,395969,0.0
MLT,Malta,"Middle East, North Africa, Afghanistan & Pakistan",35.9042,14.5189,2003,100.0,398582,0.0
MLT,Malta,"Middle East, North Africa, Afghanistan & Pakistan",35.9042,14.5189,2004,100.0,401268,0.0
MLT,Malta,"Middle East, North Africa, Afghanistan & Pakistan",35.9042,14.5189,2005,100.0,403834,0.0
MLT,Malta,"Middle East, North Africa, Afghanistan & Pakistan",35.9042,14.5189,2006,100.0,405308,0.0
MLT,Malta,"Middle East, North Africa, Afghanistan & Pakistan",35.9042,14.5189,2007,100.0,406724,0.0
MLT,Malta,"Middle East, North Africa, Afghanistan & Pakistan",35.9042,14.5189,2008,100.0,409379,0.0
MLT,Malta,"Middle East, North Africa, Afghanistan & Pakistan",35.9042,14.5189,2009,100.0,412477,0.0
MLT,Malta,"Middle East, North Africa, Afghanistan & Pakistan",35.9042,14.5189,2010,100.0,414508,0.0
MLT,Malta,"Middle East, North Africa, Afghanistan & Pakistan",35.9042,14.5189,2011,100.0,416268,0.0
MLT,Malta,"Middle East, North Africa, Afghanistan & Pakistan",35.9042,14.5189,2012,100.0,420028,0.0
MLT,Malta,"Middle East, North Africa, Afghanistan & Pakistan",35.9042,14.5189,2013,100.0,424810,0.0
MLT,Malta,"Middle East, North Africa, Afghanistan & Pakistan",35.9042,14.5189,2014,100.0,433481,0.0
MLT,Malta,"Middle East, North Africa, Afghanistan & Pakistan",35.9042,14.5189,2015,100.0,444220,0.0
MLT,Malta,"Middle East, North Africa, Afghanistan & Pakistan",35.9042,14.5189,2016,100.0,454505,0.0
MLT,Malta,"Middle East, North Africa, Afghanistan & Pakistan",35.9042,14.5189,2017,100.0,467106,0.0
MLT,Malta,"Middle East, North Africa, Afghanistan & Pakistan",35.9042,14.5189,2018,100.0,483903,0.0
MLT,Malta,"Middle East, North Africa, Afghanistan & Pakistan",35.9042,14.5189,2019,100.0,503912,0.0
MLT,Malta,"Middle East, North Africa, Afghanistan & Pakistan",35.9042,14.5189,2020,100.0,515490,0.0
MLT,Malta,"Middle East, North Africa, Afghanistan & Pakistan",35.9042,14.5189,2021,100.0,518150,0.0
MLT,Malta,"Middle East, North Africa, Afghanistan & Pakistan",35.9042,14.5189,2022,100.0,531113,0.0
MLT,Malta,"Middle East, North Africa, Afghanistan & Pakistan",35.9042,14.5189,2023,100.0,552747,0.0
MLT,Malta,"Middle East, North Africa, Afghanistan & Pakistan",35.9042,14.5189,2024,100.0,568847,0.0
MHL,Marshall Islands,East Asia & Pacific,7.11046,171.135,1999,68.5242358752702,50202,15801.463105896859
MHL,Marshall Islands,East Asia & Pacific,7.11046,171.135,2000,68.6,50706,15921.684000000003
MHL,Marshall Islands,East Asia & Pacific,7.11046,171.135,2001,70.1,51123,15285.777000000002
MHL,Marshall Islands,East Asia & Pacific,7.11046,171.135,2002,71.5,51425,14656.125000000002
MHL,Marshall Islands,East Asia & Pacific,7.11046,171.135,2003,72.9,51639,13994.168999999994
MHL,Marshall Islands,East Asia & Pacific,7.11046,171.135,2004,74.3,51791,13310.287
MHL,Marshall Islands,East Asia & Pacific,7.11046,171.135,2005,75.7,51906,12613.158
MHL,Marshall Islands,East Asia & Pacific,7.11046,171.135,2006,77.2,51992,11854.176
MHL,Marshall Islands,East Asia & Pacific,7.11046,171.135,2007,72.3,52035,14413.695000000002
MHL,Marshall Islands,East Asia & Pacific,7.11046,171.135,2008,80.2,52030,10301.939999999997
MHL,Marshall Islands,East Asia & Pacific,7.11046,171.135,2009,81.7,52019,9519.476999999997
MHL,Marshall Islands,East Asia & Pacific,7.11046,171.135,2010,89.4,52044,5516.663999999999
MHL,Marshall Islands,East Asia & Pacific,7.11046,171.135,2011,89.9,51907,5242.606999999999
MHL,Marshall Islands,East Asia & Pacific,7.11046,171.135,2012,90.4,51419,4936.223999999998
MHL,Marshall Islands,East Asia & Pacific,7.11046,171.135,2013,90.9,50681,4611.970999999999
MHL,Marshall Islands,East Asia & Pacific,7.11046,171.135,2014,91.5,49796,4232.659999999998
MHL,Marshall Islands,East Asia & Pacific,7.11046,171.135,2015,92.1,48800,3855.2000000000035
MHL,Marshall Islands,East Asia & Pacific,7.11046,171.135,2016,92.7,47709,3482.756999999998
MHL,Marshall Islands,East Asia & Pacific,7.11046,171.135,2017,93.8,46529,2884.7980000000025
MHL,Marshall Islands,East Asia & Pacific,7.11046,171.135,2018,95.3,45285,2128.395000000002
MHL,Marshall Islands,East Asia & Pacific,7.11046,171.135,2019,96.8,44007,1408.2240000000013
MHL,Marshall Islands,East Asia & Pacific,7.11046,171.135,2020,98.3,42706,726.0020000000006
MHL,Marshall Islands,East Asia & Pacific,7.11046,171.135,2021,99.8,41367,82.73400000000008
MHL,Marshall Islands,East Asia & Pacific,7.11046,171.135,2022,100.0,40077,0.0
MHL,Marshall Islands,East Asia & Pacific,7.11046,171.135,2023,100.0,38827,0.0
MHL,Marshall Islands,East Asia & Pacific,7.11046,171.135,2024,97.2,37548,1051.344000000001
MRT,Mauritania,Sub-Saharan Africa,18.2367,-15.9824,2000,19.1,2613441,2114273.769
MRT,Mauritania,Sub-Saharan Africa,18.2367,-15.9824,2001,22.2,2678760,2084075.28
MRT,Mauritania,Sub-Saharan Africa,18.2367,-15.9824,2002,21.7,2738655,2144366.865
MRT,Mauritania,Sub-Saharan Africa,18.2367,-15.9824,2003,23.0,2802046,2157575.42
MRT,Mauritania,Sub-Saharan Africa,18.2367,-15.9824,2004,24.3,2868664,2171578.648
MRT,Mauritania,Sub-Saharan Africa,18.2367,-15.9824,2005,18.2,2939059,2404150.262
MRT,Mauritania,Sub-Saharan Africa,18.2367,-15.9824,2006,27.0,3013660,2199971.8
MRT,Mauritania,Sub-Saharan Africa,18.2367,-15.9824,2007,33.0,3093059,2072349.5299999998
MRT,Mauritania,Sub-Saharan Africa,18.2367,-15.9824,2008,30.0,3183269,2228288.3
MRT,Mauritania,Sub-Saharan Africa,18.2367,-15.9824,2009,31.1,3284448,2262984.6720000003
MRT,Mauritania,Sub-Saharan Africa,18.2367,-15.9824,2010,34.2,3390965,2231254.9699999997
MRT,Mauritania,Sub-Saharan Africa,18.2367,-15.9824,2011,35.3,3502811,2266318.717
MRT,Mauritania,Sub-Saharan Africa,18.2367,-15.9824,2012,36.4,3619034,2301705.624
MRT,Mauritania,Sub-Saharan Africa,18.2367,-15.9824,2013,37.6,3734318,2330214.432
MRT,Mauritania,Sub-Saharan Africa,18.2367,-15.9824,2014,38.8,3848514,2355290.5680000004
MRT,Mauritania,Sub-Saharan Africa,18.2367,-15.9824,2015,39.5,3965959,2399405.195
MRT,Mauritania,Sub-Saharan Africa,18.2367,-15.9824,2016,41.2,4086657,2402954.3159999996
MRT,Mauritania,Sub-Saharan Africa,18.2367,-15.9824,2017,42.9,4210600,2404252.5999999996
MRT,Mauritania,Sub-Saharan Africa,18.2367,-15.9824,2018,43.6,4337685,2446454.3400000003
MRT,Mauritania,Sub-Saharan Africa,18.2367,-15.9824,2019,44.9,4467708,2461707.1079999995
MRT,Mauritania,Sub-Saharan Africa,18.2367,-15.9824,2020,45.4,4600131,2511671.526
MRT,Mauritania,Sub-Saharan Africa,18.2367,-15.9824,2021,47.7,4734874,2476339.1019999995
MRT,Mauritania,Sub-Saharan Africa,18.2367,-15.9824,2022,49.0,4875637,2486574.87
MRT,Mauritania,Sub-Saharan Africa,18.2367,-15.9824,2023,50.3,5022441,2496153.177
MRT,Mauritania,Sub-Saharan Africa,18.2367,-15.9824,2024,52.2,5169395,2470970.81
MUS,Mauritius,Sub-Saharan Africa,-20.1605,57.4977,1990,99.0415649414063,1058775,10147.67079162543
MUS,Mauritius,Sub-Saharan Africa,-20.1605,57.4977,1991,99.0706787109375,1070266,9946.20978759767
MUS,Mauritius,Sub-Saharan Africa,-20.1605,57.4977,1992,99.0996780395508,1084441,9763.46047111493
MUS,Mauritius,Sub-Saharan Africa,-20.1605,57.4977,1993,99.1280059814453,1097374,9569.035641174458
MUS,Mauritius,Sub-Saharan Africa,-20.1605,57.4977,1994,99.1549682617188,1112846,9403.901898192667
MUS,Mauritius,Sub-Saharan Africa,-20.1605,57.4977,1995,99.1798858642578,1122457,9205.42852462783
MUS,Mauritius,Sub-Saharan Africa,-20.1605,57.4977,1996,99.2020950317383,1133996,9048.21042388905
MUS,Mauritius,Sub-Saharan Africa,-20.1605,57.4977,1997,99.2208938598633,1148284,8946.351150207413
MUS,Mauritius,Sub-Saharan Africa,-20.1605,57.4977,1998,99.2356185913086,1160421,8870.042386550898
MUS,Mauritius,Sub-Saharan Africa,-20.1605,57.4977,1999,99.2455062866211,1175267,8867.315630416808
MUS,Mauritius,Sub-Saharan Africa,-20.1605,57.4977,2000,99.0,1186873,11868.73000000001
MUS,Mauritius,Sub-Saharan Africa,-20.1605,57.4977,2001,99.2,1196287,9570.29600000001
MUS,Mauritius,Sub-Saharan Africa,-20.1605,57.4977,2002,99.4,1204621,7227.725999999872
MUS,Mauritius,Sub-Saharan Africa,-20.1605,57.4977,2003,99.1,1213370,10920.330000000009
MUS,Mauritius,Sub-Saharan Africa,-20.1605,57.4977,2004,99.0,1221003,12210.030000000012
MUS,Mauritius,Sub-Saharan Africa,-20.1605,57.4977,2005,99.0,1228254,12282.540000000012
MUS,Mauritius,Sub-Saharan Africa,-20.1605,57.4977,2006,99.0,1233996,12339.960000000012
MUS,Mauritius,Sub-Saharan Africa,-20.1605,57.4977,2007,99.0,1239630,12396.30000000001
MUS,Mauritius,Sub-Saharan Africa,-20.1605,57.4977,2008,99.0,1244121,12441.210000000012
MUS,Mauritius,Sub-Saharan Africa,-20.1605,57.4977,2009,99.0,1247429,12474.290000000012
MUS,Mauritius,Sub-Saharan Africa,-20.1605,57.4977,2010,99.4,1250400,7502.399999999868
MUS,Mauritius,Sub-Saharan Africa,-20.1605,57.4977,2011,99.6,1252404,5009.6160000000045
MUS,Mauritius,Sub-Saharan Africa,-20.1605,57.4977,2012,99.4,1255882,7535.291999999868
MUS,Mauritius,Sub-Saharan Africa,-20.1605,57.4977,2013,99.4,1258927,7553.561999999867
MUS,Mauritius,Sub-Saharan Africa,-20.1605,57.4977,2014,99.5,1261208,6306.040000000005
MUS,Mauritius,Sub-Saharan Africa,-20.1605,57.4977,2015,99.6,1262879,5051.516000000004
MUS,Mauritius,Sub-Saharan Africa,-20.1605,57.4977,2016,99.7,1263747,3791.241000000003
MUS,Mauritius,Sub-Saharan Africa,-20.1605,57.4977,2017,99.6,1264887,5059.548000000004
MUS,Mauritius,Sub-Saharan Africa,-20.1605,57.4977,2018,99.8,1265577,2531.1540000000023
MUS,Mauritius,Sub-Saharan Africa,-20.1605,57.4977,2019,100.0,1265985,0.0
MUS,Mauritius,Sub-Saharan Africa,-20.1605,57.4977,2020,99.5,1266014,6330.070000000006
MUS,Mauritius,Sub-Saharan Africa,-20.1605,57.4977,2021,99.6,1266334,5065.336000000005
MUS,Mauritius,Sub-Saharan Africa,-20.1605,57.4977,2022,100.0,1262523,0.0
MUS,Mauritius,Sub-Saharan Africa,-20.1605,57.4977,2023,100.0,1248647,0.0
MUS,Mauritius,Sub-Saharan Africa,-20.1605,57.4977,2024,100.0,1245779,0.0
MEX,Mexico,Latin America & Caribbean,19.427,-99.1276,1992,93.145981,86044809,5897527.557373701
MEX,Mexico,Latin America & Caribbean,19.427,-99.1276,1993,95.4484634399414,87653807,3989595.0718881944
MEX,Mexico,Latin America & Caribbean,19.427,-99.1276,1994,95.238294,89259205,4250260.920037299
MEX,Mexico,Latin America & Caribbean,19.427,-99.1276,1995,95.8944625854492,90862455,3730392.0858043814
MEX,Mexico,Latin America & Caribbean,19.427,-99.1276,1996,96.093624,92452702,3611550.16227951
MEX,Mexico,Latin America & Caribbean,19.427,-99.1276,1997,96.3295822143555,94021207,3450971.104005629
MEX,Mexico,Latin America & Caribbean,19.427,-99.1276,1998,96.092755,95575245,3734358.9815002535
MEX,Mexico,Latin America & Caribbean,19.427,-99.1276,1999,96.7482986450195,97115707,3157912.760417889
MEX,Mexico,Latin America & Caribbean,19.427,-99.1276,2000,98.0,98625552,1972511.0400000017
MEX,Mexico,Latin America & Caribbean,19.427,-99.1276,2001,97.1,100099099,2902873.8710000026
MEX,Mexico,Latin America & Caribbean,19.427,-99.1276,2002,97.9,101548624,2132521.1039999905
MEX,Mexico,Latin America & Caribbean,19.427,-99.1276,2003,97.4,102978515,2677441.389999991
MEX,Mexico,Latin America & Caribbean,19.427,-99.1276,2004,98.6,104394131,1461517.8340000012
MEX,Mexico,Latin America & Caribbean,19.427,-99.1276,2005,98.9,105811504,1163926.5439999893
MEX,Mexico,Latin America & Caribbean,19.427,-99.1276,2006,99.1,107253666,965282.9940000009
MEX,Mexico,Latin America & Caribbean,19.427,-99.1276,2007,97.9,108774360,2284261.55999999
MEX,Mexico,Latin America & Caribbean,19.427,-99.1276,2008,98.9,110374288,1214117.167999989
MEX,Mexico,Latin America & Caribbean,19.427,-99.1276,2009,98.3,111999721,1903995.2570000016
MEX,Mexico,Latin America & Caribbean,19.427,-99.1276,2010,99.2,113623895,908991.1600000008
MEX,Mexico,Latin America & Caribbean,19.427,-99.1276,2011,99.0,115243504,1152435.040000001
MEX,Mexico,Latin America & Caribbean,19.427,-99.1276,2012,99.1,116818208,1051363.872000001
MEX,Mexico,Latin America & Caribbean,19.427,-99.1276,2013,99.1,118343573,1065092.157000001
MEX,Mexico,Latin America & Caribbean,19.427,-99.1276,2014,99.2,119784261,958274.0880000008
MEX,Mexico,Latin America & Caribbean,19.427,-99.1276,2015,99.0,121072306,1210723.060000001
MEX,Mexico,Latin America & Caribbean,19.427,-99.1276,2016,99.5,122251351,611256.7550000006
MEX,Mexico,Latin America & Caribbean,19.427,-99.1276,2017,100.0,123400057,0.0
MEX,Mexico,Latin America & Caribbean,19.427,-99.1276,2018,99.5,124573711,622868.5550000005
MEX,Mexico,Latin America & Caribbean,19.427,-99.1276,2019,99.6,125762982,503051.9280000004
MEX,Mexico,Latin America & Caribbean,19.427,-99.1276,2020,99.4,126799054,760794.3239999866
MEX,Mexico,Latin America & Caribbean,19.427,-99.1276,2021,100.0,127648148,0.0
MEX,Mexico,Latin America & Caribbean,19.427,-99.1276,2022,100.0,128613117,0.0
MEX,Mexico,Latin America & Caribbean,19.427,-99.1276,2023,99.7,129739759,389219.27700000035
MEX,Mexico,Latin America & Caribbean,19.427,-99.1276,2024,99.8,130861007,261722.01400000023
FSM,"Micronesia, Fed. Sts.",East Asia & Pacific,6.91771,158.185,2000,46.0,112044,60503.76
FSM,"Micronesia, Fed. Sts.",East Asia & Pacific,6.91771,158.185,2001,48.4,112365,57980.340000000004
FSM,"Micronesia, Fed. Sts.",East Asia & Pacific,6.91771,158.185,2002,50.1,112448,56111.552
FSM,"Micronesia, Fed. Sts.",East Asia & Pacific,6.91771,158.185,2003,51.8,112285,54121.369999999995
FSM,"Micronesia, Fed. Sts.",East Asia & Pacific,6.91771,158.185,2004,53.5,111925,52045.125
FSM,"Micronesia, Fed. Sts.",East Asia & Pacific,6.91771,158.185,2005,55.2,111412,49912.575999999994
FSM,"Micronesia, Fed. Sts.",East Asia & Pacific,6.91771,158.185,2006,57.0,110729,47613.47000000001
FSM,"Micronesia, Fed. Sts.",East Asia & Pacific,6.91771,158.185,2007,58.7,109880,45380.439999999995
FSM,"Micronesia, Fed. Sts.",East Asia & Pacific,6.91771,158.185,2008,60.5,108936,43029.72
FSM,"Micronesia, Fed. Sts.",East Asia & Pacific,6.91771,158.185,2009,62.2,107957,40807.746
FSM,"Micronesia, Fed. Sts.",East Asia & Pacific,6.91771,158.185,2010,64.5,107540,38176.7
FSM,"Micronesia, Fed. Sts.",East Asia & Pacific,6.91771,158.185,2011,66.3,107698,36294.22600000001
FSM,"Micronesia, Fed. Sts.",East Asia & Pacific,6.91771,158.185,2012,67.8,107890,34740.58000000001
FSM,"Micronesia, Fed. Sts.",East Asia & Pacific,6.91771,158.185,2013,69.4,108121,33085.02599999999
FSM,"Micronesia, Fed. Sts.",East Asia & Pacific,6.91771,158.185,2014,71.2,108396,31218.04799999999
FSM,"Micronesia, Fed. Sts.",East Asia & Pacific,6.91771,158.185,2015,73.0,108716,29353.320000000003
FSM,"Micronesia, Fed. Sts.",East Asia & Pacific,6.91771,158.185,2016,74.8,109075,27486.9
FSM,"Micronesia, Fed. Sts.",East Asia & Pacific,6.91771,158.185,2017,76.5,109481,25728.035
FSM,"Micronesia, Fed. Sts.",East Asia & Pacific,6.91771,158.185,2018,78.3,109909,23850.253000000008
FSM,"Micronesia, Fed. Sts.",East Asia & Pacific,6.91771,158.185,2019,80.1,110282,21946.118000000006
FSM,"Micronesia, Fed. Sts.",East Asia & Pacific,6.91771,158.185,2020,81.9,110916,20075.795999999995
FSM,"Micronesia, Fed. Sts.",East Asia & Pacific,6.91771,158.185,2021,83.6,111624,18306.336000000003
FSM,"Micronesia, Fed. Sts.",East Asia & Pacific,6.91771,158.185,2022,85.3,112114,16480.758
FSM,"Micronesia, Fed. Sts.",East Asia & Pacific,6.91771,158.185,2023,86.9,112630,14754.529999999988
FSM,"Micronesia, Fed. Sts.",East Asia & Pacific,6.91771,158.185,2024,88.9,113160,12560.759999999998
MDA,Moldova,Europe & Central Asia,47.0167,28.8497,1990,100.0,2977912,0.0
MDA,Moldova,Europe & Central Asia,47.0167,28.8497,1991,100.0,2981566,0.0
MDA,Moldova,Europe & Central Asia,47.0167,28.8497,1992,100.0,2980965,0.0
MDA,Moldova,Europe & Central Asia,47.0167,28.8497,1993,100.0,2975966,0.0
MDA,Moldova,Europe & Central Asia,47.0167,28.8497,1994,100.0,2966745,0.0
MDA,Moldova,Europe & Central Asia,47.0167,28.8497,1995,100.0,2953200,0.0
MDA,Moldova,Europe & Central Asia,47.0167,28.8497,1996,100.0,2947293,0.0
MDA,Moldova,Europe & Central Asia,47.0167,28.8497,1997,100.0,2936413,0.0
MDA,Moldova,Europe & Central Asia,47.0167,28.8497,1998,100.0,2935227,0.0
MDA,Moldova,Europe & Central Asia,47.0167,28.8497,1999,100.0,2930622,0.0
MDA,Moldova,Europe & Central Asia,47.0167,28.8497,2000,98.7,2924668,38020.68400000003
MDA,Moldova,Europe & Central Asia,47.0167,28.8497,2001,98.8,2918135,35017.62000000003
MDA,Moldova,Europe & Central Asia,47.0167,28.8497,2002,99.0,2911385,29113.850000000028
MDA,Moldova,Europe & Central Asia,47.0167,28.8497,2003,98.8,2903198,34838.37600000003
MDA,Moldova,Europe & Central Asia,47.0167,28.8497,2004,99.1,2896023,26064.207000000024
MDA,Moldova,Europe & Central Asia,47.0167,28.8497,2005,98.6,2888985,40445.79000000004
MDA,Moldova,Europe & Central Asia,47.0167,28.8497,2006,98.9,2880967,31690.636999999708
MDA,Moldova,Europe & Central Asia,47.0167,28.8497,2007,99.0,2874299,28742.990000000027
MDA,Moldova,Europe & Central Asia,47.0167,28.8497,2008,99.1,2868833,25819.49700000002
MDA,Moldova,Europe & Central Asia,47.0167,28.8497,2009,99.2,2865213,22921.70400000002
MDA,Moldova,Europe & Central Asia,47.0167,28.8497,2010,99.3,2862354,20036.478000000017
MDA,Moldova,Europe & Central Asia,47.0167,28.8497,2011,99.4,2860699,17164.193999999698
MDA,Moldova,Europe & Central Asia,47.0167,28.8497,2012,99.5,2860324,14301.620000000014
MDA,Moldova,Europe & Central Asia,47.0167,28.8497,2013,99.6,2859558,11438.23200000001
MDA,Moldova,Europe & Central Asia,47.0167,28.8497,2014,99.8,2857815,5715.630000000005
MDA,Moldova,Europe & Central Asia,47.0167,28.8497,2015,99.9,2835978,2835.9779999996877
MDA,Moldova,Europe & Central Asia,47.0167,28.8497,2016,99.9,2803186,2803.1859999996914
MDA,Moldova,Europe & Central Asia,47.0167,28.8497,2017,100.0,2755189,0.0
MDA,Moldova,Europe & Central Asia,47.0167,28.8497,2018,100.0,2707203,0.0
MDA,Moldova,Europe & Central Asia,47.0167,28.8497,2019,100.0,2664224,0.0
MDA,Moldova,Europe & Central Asia,47.0167,28.8497,2020,100.0,2635130,0.0
MDA,Moldova,Europe & Central Asia,47.0167,28.8497,2021,100.0,2595809,0.0
MDA,Moldova,Europe & Central Asia,47.0167,28.8497,2022,100.0,2528654,0.0
MDA,Moldova,Europe & Central Asia,47.0167,28.8497,2023,100.0,2457783,0.0
MDA,Moldova,Europe & Central Asia,47.0167,28.8497,2024,100.0,2402306,0.0
MCO,Monaco,Europe & Central Asia,43.7325,7.41891,1990,100.0,30358,0.0
MCO,Monaco,Europe & Central Asia,43.7325,7.41891,1991,100.0,30625,0.0
MCO,Monaco,Europe & Central Asia,43.7325,7.41891,1992,100.0,30887,0.0
MCO,Monaco,Europe & Central Asia,43.7325,7.41891,1993,100.0,31136,0.0
MCO,Monaco,Europe & Central Asia,43.7325,7.41891,1994,100.0,31375,0.0
MCO,Monaco,Europe & Central Asia,43.7325,7.41891,1995,100.0,31609,0.0
MCO,Monaco,Europe & Central Asia,43.7325,7.41891,1996,100.0,31837,0.0
MCO,Monaco,Europe & Central Asia,43.7325,7.41891,1997,100.0,32063,0.0
MCO,Monaco,Europe & Central Asia,43.7325,7.41891,1998,100.0,32267,0.0
MCO,Monaco,Europe & Central Asia,43.7325,7.41891,1999,100.0,32410,0.0
MCO,Monaco,Europe & Central Asia,43.7325,7.41891,2000,100.0,32455,0.0
MCO,Monaco,Europe & Central Asia,43.7325,7.41891,2001,100.0,32447,0.0
MCO,Monaco,Europe & Central Asia,43.7325,7.41891,2002,100.0,32422,0.0
MCO,Monaco,Europe & Central Asia,43.7325,7.41891,2003,100.0,32374,0.0
MCO,Monaco,Europe & Central Asia,43.7325,7.41891,2004,100.0,32307,0.0
MCO,Monaco,Europe & Central Asia,43.7325,7.41891,2005,100.0,32210,0.0
MCO,Monaco,Europe & Central Asia,43.7325,7.41891,2006,100.0,32057,0.0
MCO,Monaco,Europe & Central Asia,43.7325,7.41891,2007,100.0,31837,0.0
MCO,Monaco,Europe & Central Asia,43.7325,7.41891,2008,100.0,31836,0.0
MCO,Monaco,Europe & Central Asia,43.7325,7.41891,2009,100.0,32364,0.0
MCO,Monaco,Europe & Central Asia,43.7325,7.41891,2010,100.0,33163,0.0
MCO,Monaco,Europe & Central Asia,43.7325,7.41891,2011,100.0,33946,0.0
MCO,Monaco,Europe & Central Asia,43.7325,7.41891,2012,100.0,34711,0.0
MCO,Monaco,Europe & Central Asia,43.7325,7.41891,2013,100.0,35447,0.0
MCO,Monaco,Europe & Central Asia,43.7325,7.41891,2014,100.0,36128,0.0
MCO,Monaco,Europe & Central Asia,43.7325,7.41891,2015,100.0,36757,0.0
MCO,Monaco,Europe & Central Asia,43.7325,7.41891,2016,100.0,37276,0.0
MCO,Monaco,Europe & Central Asia,43.7325,7.41891,2017,100.0,37678,0.0
MCO,Monaco,Europe & Central Asia,43.7325,7.41891,2018,100.0,38154,0.0
MCO,Monaco,Europe & Central Asia,43.7325,7.41891,2019,100.0,38109,0.0
MCO,Monaco,Europe & Central Asia,43.7325,7.41891,2020,100.0,38050,0.0
MCO,Monaco,Europe & Central Asia,43.7325,7.41891,2021,100.0,38527,0.0
MCO,Monaco,Europe & Central Asia,43.7325,7.41891,2022,100.0,38931,0.0
MCO,Monaco,Europe & Central Asia,43.7325,7.41891,2023,100.0,38956,0.0
MCO,Monaco,Europe & Central Asia,43.7325,7.41891,2024,100.0,38631,0.0
MNG,Mongolia,East Asia & Pacific,47.9129,106.937,2000,67.3,2388299,780973.7730000002
MNG,Mongolia,East Asia & Pacific,47.9129,106.937,2001,71.7,2417751,684223.5329999998
MNG,Mongolia,East Asia & Pacific,47.9129,106.937,2002,72.8,2449027,666135.344
MNG,Mongolia,East Asia & Pacific,47.9129,106.937,2003,76.3,2480374,587848.6379999999
MNG,Mongolia,East Asia & Pacific,47.9129,106.937,2004,74.8,2508412,632119.824
MNG,Mongolia,East Asia & Pacific,47.9129,106.937,2005,86.2,2536407,350024.166
MNG,Mongolia,East Asia & Pacific,47.9129,106.937,2006,77.0,2567168,590448.6399999999
MNG,Mongolia,East Asia & Pacific,47.9129,106.937,2007,78.1,2601850,569805.1500000003
MNG,Mongolia,East Asia & Pacific,47.9129,106.937,2008,79.2,2643201,549785.8079999998
MNG,Mongolia,East Asia & Pacific,47.9129,106.937,2009,80.3,2691115,530149.6550000001
MNG,Mongolia,East Asia & Pacific,47.9129,106.937,2010,78.5,2738622,588803.7299999999
MNG,Mongolia,East Asia & Pacific,47.9129,106.937,2011,72.1,2786317,777382.4430000001
MNG,Mongolia,East Asia & Pacific,47.9129,106.937,2012,83.7,2839705,462871.9149999998
MNG,Mongolia,East Asia & Pacific,47.9129,106.937,2013,81.2,2899011,545014.0679999999
MNG,Mongolia,East Asia & Pacific,47.9129,106.937,2014,86.0,2963113,414835.82000000007
MNG,Mongolia,East Asia & Pacific,47.9129,106.937,2015,88.0,3026864,363223.68
MNG,Mongolia,East Asia & Pacific,47.9129,106.937,2016,90.8,3088856,284174.75200000027
MNG,Mongolia,East Asia & Pacific,47.9129,106.937,2017,93.6,3148917,201530.68800000017
MNG,Mongolia,East Asia & Pacific,47.9129,106.937,2018,98.1,3208189,60955.59100000005
MNG,Mongolia,East Asia & Pacific,47.9129,106.937,2019,98.9,3267673,35944.40299999967
MNG,Mongolia,East Asia & Pacific,47.9129,106.937,2020,99.5,3327204,16636.020000000015
MNG,Mongolia,East Asia & Pacific,47.9129,106.937,2021,100.0,3383741,0.0
MNG,Mongolia,East Asia & Pacific,47.9129,106.937,2022,100.0,3433748,0.0
MNG,Mongolia,East Asia & Pacific,47.9129,106.937,2023,100.0,3481145,0.0
MNG,Mongolia,East Asia & Pacific,47.9129,106.937,2024,99.1,3524788,31723.09200000003
MNE,Montenegro,Europe & Central Asia,42.4602,19.2595,1990,100.0,606372,0.0
MNE,Montenegro,Europe & Central Asia,42.4602,19.2595,1991,100.0,607105,0.0
MNE,Montenegro,Europe & Central Asia,42.4602,19.2595,1992,100.0,608516,0.0
MNE,Montenegro,Europe & Central Asia,42.4602,19.2595,1993,100.0,610170,0.0
MNE,Montenegro,Europe & Central Asia,42.4602,19.2595,1994,100.0,611389,0.0
MNE,Montenegro,Europe & Central Asia,42.4602,19.2595,1995,100.0,611712,0.0
MNE,Montenegro,Europe & Central Asia,42.4602,19.2595,1996,100.0,611003,0.0
MNE,Montenegro,Europe & Central Asia,42.4602,19.2595,1997,100.0,609520,0.0
MNE,Montenegro,Europe & Central Asia,42.4602,19.2595,1998,100.0,607662,0.0
MNE,Montenegro,Europe & Central Asia,42.4602,19.2595,1999,100.0,606001,0.0
MNE,Montenegro,Europe & Central Asia,42.4602,19.2595,2000,99.1,604950,5444.550000000005
MNE,Montenegro,Europe & Central Asia,42.4602,19.2595,2001,99.1,607389,5466.501000000005
MNE,Montenegro,Europe & Central Asia,42.4602,19.2595,2002,99.0,609828,6098.280000000005
MNE,Montenegro,Europe & Central Asia,42.4602,19.2595,2003,99.0,612267,6122.6700000000055
MNE,Montenegro,Europe & Central Asia,42.4602,19.2595,2004,99.0,613353,6133.530000000005
MNE,Montenegro,Europe & Central Asia,42.4602,19.2595,2005,99.8,614261,1228.522000000001
MNE,Montenegro,Europe & Central Asia,42.4602,19.2595,2006,99.0,615025,6150.2500000000055
MNE,Montenegro,Europe & Central Asia,42.4602,19.2595,2007,99.0,615875,6158.7500000000055
MNE,Montenegro,Europe & Central Asia,42.4602,19.2595,2008,99.0,616969,6169.690000000005
MNE,Montenegro,Europe & Central Asia,42.4602,19.2595,2009,99.1,618294,5564.646000000005
MNE,Montenegro,Europe & Central Asia,42.4602,19.2595,2010,99.2,619428,4955.4240000000045
MNE,Montenegro,Europe & Central Asia,42.4602,19.2595,2011,99.0,620345,6203.450000000005
MNE,Montenegro,Europe & Central Asia,42.4602,19.2595,2012,99.3,621418,4349.926000000004
MNE,Montenegro,Europe & Central Asia,42.4602,19.2595,2013,99.7,622587,1867.7610000000016
MNE,Montenegro,Europe & Central Asia,42.4602,19.2595,2014,97.7,623744,14346.112000000012
MNE,Montenegro,Europe & Central Asia,42.4602,19.2595,2015,99.5,624651,3123.255000000003
MNE,Montenegro,Europe & Central Asia,42.4602,19.2595,2016,99.6,625353,2501.412000000002
MNE,Montenegro,Europe & Central Asia,42.4602,19.2595,2017,100.0,625982,0.0
MNE,Montenegro,Europe & Central Asia,42.4602,19.2595,2018,100.0,626438,0.0
MNE,Montenegro,Europe & Central Asia,42.4602,19.2595,2019,100.0,626753,0.0
MNE,Montenegro,Europe & Central Asia,42.4602,19.2595,2020,99.9,626590,626.589999999931
MNE,Montenegro,Europe & Central Asia,42.4602,19.2595,2021,99.8,625053,1250.1060000000011
MNE,Montenegro,Europe & Central Asia,42.4602,19.2595,2022,100.0,623591,0.0
MNE,Montenegro,Europe & Central Asia,42.4602,19.2595,2023,100.0,623529,0.0
MNE,Montenegro,Europe & Central Asia,42.4602,19.2595,2024,100.0,623525,0.0
MAR,Morocco,"Middle East, North Africa, Afghanistan & Pakistan",33.9905,-6.8704,1992,49.2,25212468,12807933.744
MAR,Morocco,"Middle East, North Africa, Afghanistan & Pakistan",33.9905,-6.8704,1993,56.7726516723633,25614586,11072506.312902063
MAR,Morocco,"Middle East, North Africa, Afghanistan & Pakistan",33.9905,-6.8704,1994,58.6088981628418,26000822,10762026.712518236
MAR,Morocco,"Middle East, North Africa, Afghanistan & Pakistan",33.9905,-6.8704,1995,56.5,26399429,11483751.615000002
MAR,Morocco,"Middle East, North Africa, Afghanistan & Pakistan",33.9905,-6.8704,1996,62.2745933532715,26808107,10113467.380040089
MAR,Morocco,"Middle East, North Africa, Afghanistan & Pakistan",33.9905,-6.8704,1997,64.1026840209961,27213337,9768857.571321182
MAR,Morocco,"Middle East, North Africa, Afghanistan & Pakistan",33.9905,-6.8704,1998,65.9266891479492,27621648,9411609.985499272
MAR,Morocco,"Middle East, North Africa, Afghanistan & Pakistan",33.9905,-6.8704,1999,67.7458572387695,28027179,9039926.326605614
MAR,Morocco,"Middle East, North Africa, Afghanistan & Pakistan",33.9905,-6.8704,2000,69.8,28423435,8583877.370000001
MAR,Morocco,"Middle East, North Africa, Afghanistan & Pakistan",33.9905,-6.8704,2001,71.6,28814643,8183358.612000001
MAR,Morocco,"Middle East, North Africa, Afghanistan & Pakistan",33.9905,-6.8704,2002,73.3,29198142,7795903.914000001
MAR,Morocco,"Middle East, North Africa, Afghanistan & Pakistan",33.9905,-6.8704,2003,75.1,29571415,7363282.335000004
MAR,Morocco,"Middle East, North Africa, Afghanistan & Pakistan",33.9905,-6.8704,2004,78.2,29953018,6529757.923999999
MAR,Morocco,"Middle East, North Africa, Afghanistan & Pakistan",33.9905,-6.8704,2005,78.6,30358144,6496642.816000002
MAR,Morocco,"Middle East, North Africa, Afghanistan & Pakistan",33.9905,-6.8704,2006,96.5,30771178,1076991.230000001
MAR,Morocco,"Middle East, North Africa, Afghanistan & Pakistan",33.9905,-6.8704,2007,82.2,31186468,5551191.303999998
MAR,Morocco,"Middle East, North Africa, Afghanistan & Pakistan",33.9905,-6.8704,2008,84.1,31606767,5025475.953000001
MAR,Morocco,"Middle East, North Africa, Afghanistan & Pakistan",33.9905,-6.8704,2009,85.9,32030778,4516339.697999997
MAR,Morocco,"Middle East, North Africa, Afghanistan & Pakistan",33.9905,-6.8704,2010,95.7,32467016,1396081.6879999975
MAR,Morocco,"Middle East, North Africa, Afghanistan & Pakistan",33.9905,-6.8704,2011,96.1,32912588,1283590.9320000012
MAR,Morocco,"Middle East, North Africa, Afghanistan & Pakistan",33.9905,-6.8704,2012,96.4,33355241,1200788.6759999974
MAR,Morocco,"Middle East, North Africa, Afghanistan & Pakistan",33.9905,-6.8704,2013,97.2,33787571,946051.9880000008
MAR,Morocco,"Middle East, North Africa, Afghanistan & Pakistan",33.9905,-6.8704,2014,97.3,34204780,923529.0600000009
MAR,Morocco,"Middle East, North Africa, Afghanistan & Pakistan",33.9905,-6.8704,2015,97.3,34607588,934404.8760000009
MAR,Morocco,"Middle East, North Africa, Afghanistan & Pakistan",33.9905,-6.8704,2016,97.8,35023457,770516.0540000007
MAR,Morocco,"Middle East, North Africa, Afghanistan & Pakistan",33.9905,-6.8704,2017,100.0,35446392,0.0
MAR,Morocco,"Middle East, North Africa, Afghanistan & Pakistan",33.9905,-6.8704,2018,98.1,35839760,680955.4400000006
MAR,Morocco,"Middle East, North Africa, Afghanistan & Pakistan",33.9905,-6.8704,2019,99.6,36210898,144843.59200000012
MAR,Morocco,"Middle East, North Africa, Afghanistan & Pakistan",33.9905,-6.8704,2020,100.0,36584208,0.0
MAR,Morocco,"Middle East, North Africa, Afghanistan & Pakistan",33.9905,-6.8704,2021,100.0,36954442,0.0
MAR,Morocco,"Middle East, North Africa, Afghanistan & Pakistan",33.9905,-6.8704,2022,100.0,37329064,0.0
MAR,Morocco,"Middle East, North Africa, Afghanistan & Pakistan",33.9905,-6.8704,2023,100.0,37712505,0.0
MAR,Morocco,"Middle East, North Africa, Afghanistan & Pakistan",33.9905,-6.8704,2024,100.0,38081173,0.0
MOZ,Mozambique,Sub-Saharan Africa,-25.9664,32.5713,1997,6.6,16949982,15831283.188
MOZ,Mozambique,Sub-Saharan Africa,-25.9664,32.5713,1998,3.66317558288574,17340464,16705252.356792908
MOZ,Mozambique,Sub-Saharan Africa,-25.9664,32.5713,1999,4.87912368774414,17734506,16869217.516849596
MOZ,Mozambique,Sub-Saharan Africa,-25.9664,32.5713,2000,6.1,18129653,17023744.167
MOZ,Mozambique,Sub-Saharan Africa,-25.9664,32.5713,2001,5.7,18537729,17481078.447
MOZ,Mozambique,Sub-Saharan Africa,-25.9664,32.5713,2002,8.4,18958338,17365837.608
MOZ,Mozambique,Sub-Saharan Africa,-25.9664,32.5713,2003,8.1,19392475,17821684.525000002
MOZ,Mozambique,Sub-Saharan Africa,-25.9664,32.5713,2004,10.7,19840313,17717399.509
MOZ,Mozambique,Sub-Saharan Africa,-25.9664,32.5713,2005,11.8,20304569,17908629.858
MOZ,Mozambique,Sub-Saharan Africa,-25.9664,32.5713,2006,13.0,20787087,18084765.69
MOZ,Mozambique,Sub-Saharan Africa,-25.9664,32.5713,2007,12.4,21287635,18647968.26
MOZ,Mozambique,Sub-Saharan Africa,-25.9664,32.5713,2008,13.6,21819036,18851647.104
MOZ,Mozambique,Sub-Saharan Africa,-25.9664,32.5713,2009,15.0,22391745,19032983.25
MOZ,Mozambique,Sub-Saharan Africa,-25.9664,32.5713,2010,18.9,22999235,18652379.585
MOZ,Mozambique,Sub-Saharan Africa,-25.9664,32.5713,2011,20.2,23649039,18871933.122
MOZ,Mozambique,Sub-Saharan Africa,-25.9664,32.5713,2012,21.2,24337846,19178222.648000002
MOZ,Mozambique,Sub-Saharan Africa,-25.9664,32.5713,2013,22.4,25051611,19440050.136
MOZ,Mozambique,Sub-Saharan Africa,-25.9664,32.5713,2014,24.8,25788475,19392933.2
MOZ,Mozambique,Sub-Saharan Africa,-25.9664,32.5713,2015,24.0,26547572,20176154.72
MOZ,Mozambique,Sub-Saharan Africa,-25.9664,32.5713,2016,26.2,27337105,20174783.49
MOZ,Mozambique,Sub-Saharan Africa,-25.9664,32.5713,2017,24.3,28166393,21321959.501000002
MOZ,Mozambique,Sub-Saharan Africa,-25.9664,32.5713,2018,31.1,29018644,19993845.716000002
MOZ,Mozambique,Sub-Saharan Africa,-25.9664,32.5713,2019,29.7,29884380,21008719.14
MOZ,Mozambique,Sub-Saharan Africa,-25.9664,32.5713,2020,30.6,30783688,21363879.472
MOZ,Mozambique,Sub-Saharan Africa,-25.9664,32.5713,2021,31.5,31707800,21719843.0
MOZ,Mozambique,Sub-Saharan Africa,-25.9664,32.5713,2022,33.2,32656246,21814372.327999998
MOZ,Mozambique,Sub-Saharan Africa,-25.9664,32.5713,2023,36.0,33635160,21526502.400000002
MOZ,Mozambique,Sub-Saharan Africa,-25.9664,32.5713,2024,36.9,34631766,21852644.346
MMR,Myanmar,East Asia & Pacific,21.914,95.9562,2000,41.9,45290841,26313978.621
MMR,Myanmar,East Asia & Pacific,21.914,95.9562,2001,43.0,45771139,26089549.230000004
MMR,Myanmar,East Asia & Pacific,21.914,95.9562,2002,47.0,46232653,24503306.09
MMR,Myanmar,East Asia & Pacific,21.914,95.9562,2003,45.1,46667192,25620288.407999996
MMR,Myanmar,East Asia & Pacific,21.914,95.9562,2004,46.2,47068772,25322999.336000003
MMR,Myanmar,East Asia & Pacific,21.914,95.9562,2005,47.3,47438365,25000018.355
MMR,Myanmar,East Asia & Pacific,21.914,95.9562,2006,48.4,47785135,24657129.66
MMR,Myanmar,East Asia & Pacific,21.914,95.9562,2007,49.5,48125043,24303146.715
MMR,Myanmar,East Asia & Pacific,21.914,95.9562,2008,50.6,48390793,23905051.742
MMR,Myanmar,East Asia & Pacific,21.914,95.9562,2009,51.8,48660459,23454341.237999998
MMR,Myanmar,East Asia & Pacific,21.914,95.9562,2010,48.8,49024382,25100483.584
MMR,Myanmar,East Asia & Pacific,21.914,95.9562,2011,54.1,49419820,22683697.38
MMR,Myanmar,East Asia & Pacific,21.914,95.9562,2012,55.3,49837446,22277338.362000003
MMR,Myanmar,East Asia & Pacific,21.914,95.9562,2013,56.5,50262658,21864256.230000004
MMR,Myanmar,East Asia & Pacific,21.914,95.9562,2014,52.0,50681634,24327184.32
MMR,Myanmar,East Asia & Pacific,21.914,95.9562,2015,60.5,51089056,20180177.12
MMR,Myanmar,East Asia & Pacific,21.914,95.9562,2016,55.6,51495696,22864089.023999996
MMR,Myanmar,East Asia & Pacific,21.914,95.9562,2017,69.8,51894938,15672271.276000002
MMR,Myanmar,East Asia & Pacific,21.914,95.9562,2018,66.1,52272247,17720291.733000003
MMR,Myanmar,East Asia & Pacific,21.914,95.9562,2019,68.3,52640713,16687106.021000003
MMR,Myanmar,East Asia & Pacific,21.914,95.9562,2020,70.4,53016522,15692890.511999996
MMR,Myanmar,East Asia & Pacific,21.914,95.9562,2021,72.5,53387102,14681453.05
MMR,Myanmar,East Asia & Pacific,21.914,95.9562,2022,73.7,53756787,14138034.981
MMR,Myanmar,East Asia & Pacific,21.914,95.9562,2023,76.8,54133798,12559041.136
MMR,Myanmar,East Asia & Pacific,21.914,95.9562,2024,80.4,54500091,10682017.835999997
NAM,Namibia,Sub-Saharan Africa,-22.5648,17.0931,1992,26.4,1461322,1075532.992
NAM,Namibia,Sub-Saharan Africa,-22.5648,17.0931,1993,27.0,1508697,1101348.81
NAM,Namibia,Sub-Saharan Africa,-22.5648,17.0931,1994,28.9325885772705,1556304,1106024.966668396
NAM,Namibia,Sub-Saharan Africa,-22.5648,17.0931,1995,29.9521484375,1602170,1122285.6633789062
NAM,Namibia,Sub-Saharan Africa,-22.5648,17.0931,1996,30.9689884185791,1646103,1136321.552572117
NAM,Namibia,Sub-Saharan Africa,-22.5648,17.0931,1997,31.9824295043945,1689264,1148996.3320568854
NAM,Namibia,Sub-Saharan Africa,-22.5648,17.0931,1998,32.9917907714844,1732745,1161081.3949966426
NAM,Namibia,Sub-Saharan Africa,-22.5648,17.0931,1999,33.9963111877441,1776368,1172468.406880494
NAM,Namibia,Sub-Saharan Africa,-22.5648,17.0931,2000,36.5,1818647,1154840.845
NAM,Namibia,Sub-Saharan Africa,-22.5648,17.0931,2001,36.0,1857048,1188510.72
NAM,Namibia,Sub-Saharan Africa,-22.5648,17.0931,2002,36.9,1889970,1192571.07
NAM,Namibia,Sub-Saharan Africa,-22.5648,17.0931,2003,37.8,1917464,1192662.6080000002
NAM,Namibia,Sub-Saharan Africa,-22.5648,17.0931,2004,38.7,1942082,1190496.266
NAM,Namibia,Sub-Saharan Africa,-22.5648,17.0931,2005,39.6,1966582,1187815.528
NAM,Namibia,Sub-Saharan Africa,-22.5648,17.0931,2006,40.5,1991888,1185173.3599999999
NAM,Namibia,Sub-Saharan Africa,-22.5648,17.0931,2007,43.7,2018600,1136471.7999999998
NAM,Namibia,Sub-Saharan Africa,-22.5648,17.0931,2008,42.4,2047056,1179104.256
NAM,Namibia,Sub-Saharan Africa,-22.5648,17.0931,2009,44.1,2077394,1161263.2459999998
NAM,Namibia,Sub-Saharan Africa,-22.5648,17.0931,2010,44.4,2109811,1173054.9160000002
NAM,Namibia,Sub-Saharan Africa,-22.5648,17.0931,2011,42.3,2146325,1238429.525
NAM,Namibia,Sub-Saharan Africa,-22.5648,17.0931,2012,46.4,2194654,1176334.544
NAM,Namibia,Sub-Saharan Africa,-22.5648,17.0931,2013,47.4,2252508,1184819.208
NAM,Namibia,Sub-Saharan Africa,-22.5648,17.0931,2014,48.4,2312139,1193063.724
NAM,Namibia,Sub-Saharan Africa,-22.5648,17.0931,2015,51.6,2374300,1149161.2
NAM,Namibia,Sub-Saharan Africa,-22.5648,17.0931,2016,49.7,2439213,1226924.1389999997
NAM,Namibia,Sub-Saharan Africa,-22.5648,17.0931,2017,52.5,2506853,1190755.175
NAM,Namibia,Sub-Saharan Africa,-22.5648,17.0931,2018,52.3,2577327,1229384.979
NAM,Namibia,Sub-Saharan Africa,-22.5648,17.0931,2019,53.3,2650494,1237780.6980000003
NAM,Namibia,Sub-Saharan Africa,-22.5648,17.0931,2020,52.3,2728762,1301619.474
NAM,Namibia,Sub-Saharan Africa,-22.5648,17.0931,2021,55.2,2810548,1259125.504
NAM,Namibia,Sub-Saharan Africa,-22.5648,17.0931,2022,56.2,2889662,1265671.9559999998
NAM,Namibia,Sub-Saharan Africa,-22.5648,17.0931,2023,56.7,2963095,1283020.1349999998
NAM,Namibia,Sub-Saharan Africa,-22.5648,17.0931,2024,59.3,3030131,1233263.317
NRU,Naoero,East Asia & Pacific,-0.5477,166.920867,1990,98.9990844726563,9622,96.30809204101016
NRU,Naoero,East Asia & Pacific,-0.5477,166.920867,1991,99.0413055419922,9850,94.43140411376856
NRU,Naoero,East Asia & Pacific,-0.5477,166.920867,1992,99.0834197998047,10021,91.8505018615704
NRU,Naoero,East Asia & Pacific,-0.5477,166.920867,1993,99.1248550415039,10102,88.40714370727594
NRU,Naoero,East Asia & Pacific,-0.5477,166.920867,1994,99.164924621582,10137,84.65159111023196
NRU,Naoero,East Asia & Pacific,-0.5477,166.920867,1995,99.2029571533203,10165,81.01940536499114
NRU,Naoero,East Asia & Pacific,-0.5477,166.920867,1996,99.2382659912109,10183,77.56737411499462
NRU,Naoero,East Asia & Pacific,-0.5477,166.920867,1997,99.2701797485352,10197,74.41977104186532
NRU,Naoero,East Asia & Pacific,-0.5477,166.920867,1998,99.2980117797852,10198,71.58875869750528
NRU,Naoero,East Asia & Pacific,-0.5477,166.920867,1999,99.3210067749023,10187,69.16903984070285
NRU,Naoero,East Asia & Pacific,-0.5477,166.920867,2000,99.1,10168,91.51200000000009
NRU,Naoero,East Asia & Pacific,-0.5477,166.920867,2001,99.0,10130,101.3000000000001
NRU,Naoero,East Asia & Pacific,-0.5477,166.920867,2002,99.0,10082,100.82000000000009
NRU,Naoero,East Asia & Pacific,-0.5477,166.920867,2003,99.0,10059,100.59000000000009
NRU,Naoero,East Asia & Pacific,-0.5477,166.920867,2004,99.0,10060,100.6000000000001
NRU,Naoero,East Asia & Pacific,-0.5477,166.920867,2005,99.0,10049,100.4900000000001
NRU,Naoero,East Asia & Pacific,-0.5477,166.920867,2006,99.0,10034,100.34000000000009
NRU,Naoero,East Asia & Pacific,-0.5477,166.920867,2007,99.8,10020,20.040000000000017
NRU,Naoero,East Asia & Pacific,-0.5477,166.920867,2008,99.1,10009,90.08100000000007
NRU,Naoero,East Asia & Pacific,-0.5477,166.920867,2009,99.1,10016,90.14400000000008
NRU,Naoero,East Asia & Pacific,-0.5477,166.920867,2010,99.2,10043,80.34400000000007
NRU,Naoero,East Asia & Pacific,-0.5477,166.920867,2011,99.0,10098,100.98000000000009
NRU,Naoero,East Asia & Pacific,-0.5477,166.920867,2012,99.4,10267,61.60199999999892
NRU,Naoero,East Asia & Pacific,-0.5477,166.920867,2013,99.4,10517,63.10199999999889
NRU,Naoero,East Asia & Pacific,-0.5477,166.920867,2014,99.5,10742,53.71000000000005
NRU,Naoero,East Asia & Pacific,-0.5477,166.920867,2015,99.0,10954,109.54000000000009
NRU,Naoero,East Asia & Pacific,-0.5477,166.920867,2016,99.7,11150,33.45000000000003
NRU,Naoero,East Asia & Pacific,-0.5477,166.920867,2017,99.8,11324,22.64800000000002
NRU,Naoero,East Asia & Pacific,-0.5477,166.920867,2018,99.9,11477,11.476999999998736
NRU,Naoero,East Asia & Pacific,-0.5477,166.920867,2019,100.0,11587,0.0
NRU,Naoero,East Asia & Pacific,-0.5477,166.920867,2020,100.0,11643,0.0
NRU,Naoero,East Asia & Pacific,-0.5477,166.920867,2021,100.0,11709,0.0
NRU,Naoero,East Asia & Pacific,-0.5477,166.920867,2022,100.0,11801,0.0
NRU,Naoero,East Asia & Pacific,-0.5477,166.920867,2023,100.0,11875,0.0
NRU,Naoero,East Asia & Pacific,-0.5477,166.920867,2024,100.0,11947,0.0
NPL,Nepal,South Asia,27.6939,85.3157,1996,17.9,22741862,18671068.702
NPL,Nepal,South Asia,27.6939,85.3157,1997,18.1328678131104,23219463,19009108.467295922
NPL,Nepal,South Asia,27.6939,85.3157,1998,21.7325325012207,23680357,18534015.71856991
NPL,Nepal,South Asia,27.6939,85.3157,1999,25.3273544311523,24125199,18014924.34204919
NPL,Nepal,South Asia,27.6939,85.3157,2000,29.9,24546509,17207102.809
NPL,Nepal,South Asia,27.6939,85.3157,2001,24.6,24946748,18809847.992
NPL,Nepal,South Asia,27.6939,85.3157,2002,36.4,25328981,16109231.916000001
NPL,Nepal,South Asia,27.6939,85.3157,2003,39.6,25688758,15516009.832
NPL,Nepal,South Asia,27.6939,85.3157,2004,37.2,26016656,16338459.967999997
NPL,Nepal,South Asia,27.6939,85.3157,2005,46.1,26309458,14180797.861999998
NPL,Nepal,South Asia,27.6939,85.3157,2006,51.2,26565425,12963927.4
NPL,Nepal,South Asia,27.6939,85.3157,2007,52.6,26788492,12697745.207999999
NPL,Nepal,South Asia,27.6939,85.3157,2008,56.0,26990037,11875616.28
NPL,Nepal,South Asia,27.6939,85.3157,2009,59.3,27173035,11059425.245000001
NPL,Nepal,South Asia,27.6939,85.3157,2010,68.6,27341952,8585372.928000001
NPL,Nepal,South Asia,27.6939,85.3157,2011,67.3,27464494,8980889.538000003
NPL,Nepal,South Asia,27.6939,85.3157,2012,75.2,27534915,6828658.92
NPL,Nepal,South Asia,27.6939,85.3157,2013,77.4,27589996,6235339.095999999
NPL,Nepal,South Asia,27.6939,85.3157,2014,84.9,27672370,4178527.869999998
NPL,Nepal,South Asia,27.6939,85.3157,2015,82.0,27823629,5008253.220000002
NPL,Nepal,South Asia,27.6939,85.3157,2016,90.7,27955462,2599857.965999999
NPL,Nepal,South Asia,27.6939,85.3157,2017,86.6,28011258,3753508.572
NPL,Nepal,South Asia,27.6939,85.3157,2018,93.9,28079689,1712861.0289999985
NPL,Nepal,South Asia,27.6939,85.3157,2019,89.9,28414064,2869820.463999999
NPL,Nepal,South Asia,27.6939,85.3157,2020,89.9,28966574,2925623.9739999995
NPL,Nepal,South Asia,27.6939,85.3157,2021,89.9,29475010,2976976.0099999993
NPL,Nepal,South Asia,27.6939,85.3157,2022,91.3,29715436,2585242.9320000024
NPL,Nepal,South Asia,27.6939,85.3157,2023,94.0,29694614,1781676.8400000015
NPL,Nepal,South Asia,27.6939,85.3157,2024,97.9,29651054,622672.1339999973
NLD,Netherlands,Europe & Central Asia,52.3738,4.89095,1990,100.0,14951510,0.0
NLD,Netherlands,Europe & Central Asia,52.3738,4.89095,1991,100.0,15069798,0.0
NLD,Netherlands,Europe & Central Asia,52.3738,4.89095,1992,100.0,15184166,0.0
NLD,Netherlands,Europe & Central Asia,52.3738,4.89095,1993,100.0,15290368,0.0
NLD,Netherlands,Europe & Central Asia,52.3738,4.89095,1994,100.0,15382838,0.0
NLD,Netherlands,Europe & Central Asia,52.3738,4.89095,1995,100.0,15459006,0.0
NLD,Netherlands,Europe & Central Asia,52.3738,4.89095,1996,100.0,15530498,0.0
NLD,Netherlands,Europe & Central Asia,52.3738,4.89095,1997,100.0,15610650,0.0
NLD,Netherlands,Europe & Central Asia,52.3738,4.89095,1998,100.0,15707209,0.0
NLD,Netherlands,Europe & Central Asia,52.3738,4.89095,1999,100.0,15812088,0.0
NLD,Netherlands,Europe & Central Asia,52.3738,4.89095,2000,100.0,15925513,0.0
NLD,Netherlands,Europe & Central Asia,52.3738,4.89095,2001,100.0,16046180,0.0
NLD,Netherlands,Europe & Central Asia,52.3738,4.89095,2002,100.0,16148929,0.0
NLD,Netherlands,Europe & Central Asia,52.3738,4.89095,2003,100.0,16225302,0.0
NLD,Netherlands,Europe & Central Asia,52.3738,4.89095,2004,100.0,16281779,0.0
NLD,Netherlands,Europe & Central Asia,52.3738,4.89095,2005,100.0,16319868,0.0
NLD,Netherlands,Europe & Central Asia,52.3738,4.89095,2006,100.0,16346101,0.0
NLD,Netherlands,Europe & Central Asia,52.3738,4.89095,2007,100.0,16381696,0.0
NLD,Netherlands,Europe & Central Asia,52.3738,4.89095,2008,100.0,16445593,0.0
NLD,Netherlands,Europe & Central Asia,52.3738,4.89095,2009,100.0,16530388,0.0
NLD,Netherlands,Europe & Central Asia,52.3738,4.89095,2010,100.0,16615394,0.0
NLD,Netherlands,Europe & Central Asia,52.3738,4.89095,2011,100.0,16693074,0.0
NLD,Netherlands,Europe & Central Asia,52.3738,4.89095,2012,100.0,16754962,0.0
NLD,Netherlands,Europe & Central Asia,52.3738,4.89095,2013,100.0,16804432,0.0
NLD,Netherlands,Europe & Central Asia,52.3738,4.89095,2014,100.0,16865008,0.0
NLD,Netherlands,Europe & Central Asia,52.3738,4.89095,2015,100.0,16939923,0.0
NLD,Netherlands,Europe & Central Asia,52.3738,4.89095,2016,100.0,17030314,0.0
NLD,Netherlands,Europe & Central Asia,52.3738,4.89095,2017,100.0,17131296,0.0
NLD,Netherlands,Europe & Central Asia,52.3738,4.89095,2018,100.0,17231624,0.0
NLD,Netherlands,Europe & Central Asia,52.3738,4.89095,2019,100.0,17344874,0.0
NLD,Netherlands,Europe & Central Asia,52.3738,4.89095,2020,100.0,17441500,0.0
NLD,Netherlands,Europe & Central Asia,52.3738,4.89095,2021,100.0,17533044,0.0
NLD,Netherlands,Europe & Central Asia,52.3738,4.89095,2022,100.0,17700982,0.0
NLD,Netherlands,Europe & Central Asia,52.3738,4.89095,2023,100.0,17877117,0.0
NLD,Netherlands,Europe & Central Asia,52.3738,4.89095,2024,100.0,17993485,0.0
NCL,New Caledonia,East Asia & Pacific,-22.2677,166.464,1990,99.8443069458008,176456,274.72973571774367
NCL,New Caledonia,East Asia & Pacific,-22.2677,166.464,1991,99.8758163452148,181238,225.06797225960761
NCL,New Caledonia,East Asia & Pacific,-22.2677,166.464,1992,99.906867980957,186072,173.29261047368405
NCL,New Caledonia,East Asia & Pacific,-22.2677,166.464,1993,99.937255859375,190857,119.75158447266388
NCL,New Caledonia,East Asia & Pacific,-22.2677,166.464,1994,99.9650802612305,195614,68.3078977965718
NCL,New Caledonia,East Asia & Pacific,-22.2677,166.464,1995,100.0,200379,0.0
NCL,New Caledonia,East Asia & Pacific,-22.2677,166.464,1996,100.0,205034,0.0
NCL,New Caledonia,East Asia & Pacific,-22.2677,166.464,1997,100.0,209560,0.0
NCL,New Caledonia,East Asia & Pacific,-22.2677,166.464,1998,100.0,214047,0.0
NCL,New Caledonia,East Asia & Pacific,-22.2677,166.464,1999,100.0,218527,0.0
NCL,New Caledonia,East Asia & Pacific,-22.2677,166.464,2000,100.0,223098,0.0
NCL,New Caledonia,East Asia & Pacific,-22.2677,166.464,2001,100.0,227707,0.0
NCL,New Caledonia,East Asia & Pacific,-22.2677,166.464,2002,100.0,232236,0.0
NCL,New Caledonia,East Asia & Pacific,-22.2677,166.464,2003,100.0,236678,0.0
NCL,New Caledonia,East Asia & Pacific,-22.2677,166.464,2004,100.0,240852,0.0
NCL,New Caledonia,East Asia & Pacific,-22.2677,166.464,2005,100.0,244381,0.0
NCL,New Caledonia,East Asia & Pacific,-22.2677,166.464,2006,100.0,247547,0.0
NCL,New Caledonia,East Asia & Pacific,-22.2677,166.464,2007,100.0,250725,0.0
NCL,New Caledonia,East Asia & Pacific,-22.2677,166.464,2008,100.0,253825,0.0
NCL,New Caledonia,East Asia & Pacific,-22.2677,166.464,2009,100.0,257250,0.0
NCL,New Caledonia,East Asia & Pacific,-22.2677,166.464,2010,100.0,261582,0.0
NCL,New Caledonia,East Asia & Pacific,-22.2677,166.464,2011,100.0,266543,0.0
NCL,New Caledonia,East Asia & Pacific,-22.2677,166.464,2012,100.0,271633,0.0
NCL,New Caledonia,East Asia & Pacific,-22.2677,166.464,2013,100.0,276822,0.0
NCL,New Caledonia,East Asia & Pacific,-22.2677,166.464,2014,100.0,281224,0.0
NCL,New Caledonia,East Asia & Pacific,-22.2677,166.464,2015,100.0,283168,0.0
NCL,New Caledonia,East Asia & Pacific,-22.2677,166.464,2016,100.0,283423,0.0
NCL,New Caledonia,East Asia & Pacific,-22.2677,166.464,2017,100.0,283546,0.0
NCL,New Caledonia,East Asia & Pacific,-22.2677,166.464,2018,100.0,283541,0.0
NCL,New Caledonia,East Asia & Pacific,-22.2677,166.464,2019,100.0,283606,0.0
NCL,New Caledonia,East Asia & Pacific,-22.2677,166.464,2020,100.0,284176,0.0
NCL,New Caledonia,East Asia & Pacific,-22.2677,166.464,2021,100.0,285214,0.0
NCL,New Caledonia,East Asia & Pacific,-22.2677,166.464,2022,100.0,287123,0.0
NCL,New Caledonia,East Asia & Pacific,-22.2677,166.464,2023,100.0,289870,0.0
NCL,New Caledonia,East Asia & Pacific,-22.2677,166.464,2024,100.0,292639,0.0
NZL,New Zealand,East Asia & Pacific,-41.2865,174.776,1990,100.0,3329800,0.0
NZL,New Zealand,East Asia & Pacific,-41.2865,174.776,1991,100.0,3495100,0.0
NZL,New Zealand,East Asia & Pacific,-41.2865,174.776,1992,100.0,3531700,0.0
NZL,New Zealand,East Asia & Pacific,-41.2865,174.776,1993,100.0,3572200,0.0
NZL,New Zealand,East Asia & Pacific,-41.2865,174.776,1994,100.0,3620000,0.0
NZL,New Zealand,East Asia & Pacific,-41.2865,174.776,1995,100.0,3673400,0.0
NZL,New Zealand,East Asia & Pacific,-41.2865,174.776,1996,100.0,3732000,0.0
NZL,New Zealand,East Asia & Pacific,-41.2865,174.776,1997,100.0,3781300,0.0
NZL,New Zealand,East Asia & Pacific,-41.2865,174.776,1998,100.0,3815000,0.0
NZL,New Zealand,East Asia & Pacific,-41.2865,174.776,1999,100.0,3835100,0.0
NZL,New Zealand,East Asia & Pacific,-41.2865,174.776,2000,100.0,3857700,0.0
NZL,New Zealand,East Asia & Pacific,-41.2865,174.776,2001,100.0,3880500,0.0
NZL,New Zealand,East Asia & Pacific,-41.2865,174.776,2002,100.0,3948500,0.0
NZL,New Zealand,East Asia & Pacific,-41.2865,174.776,2003,100.0,4027200,0.0
NZL,New Zealand,East Asia & Pacific,-41.2865,174.776,2004,100.0,4087500,0.0
NZL,New Zealand,East Asia & Pacific,-41.2865,174.776,2005,100.0,4133900,0.0
NZL,New Zealand,East Asia & Pacific,-41.2865,174.776,2006,100.0,4184600,0.0
NZL,New Zealand,East Asia & Pacific,-41.2865,174.776,2007,100.0,4223800,0.0
NZL,New Zealand,East Asia & Pacific,-41.2865,174.776,2008,100.0,4259800,0.0
NZL,New Zealand,East Asia & Pacific,-41.2865,174.776,2009,100.0,4302600,0.0
NZL,New Zealand,East Asia & Pacific,-41.2865,174.776,2010,100.0,4350700,0.0
NZL,New Zealand,East Asia & Pacific,-41.2865,174.776,2011,100.0,4384000,0.0
NZL,New Zealand,East Asia & Pacific,-41.2865,174.776,2012,100.0,4408100,0.0
NZL,New Zealand,East Asia & Pacific,-41.2865,174.776,2013,100.0,4442100,0.0
NZL,New Zealand,East Asia & Pacific,-41.2865,174.776,2014,100.0,4516500,0.0
NZL,New Zealand,East Asia & Pacific,-41.2865,174.776,2015,100.0,4609400,0.0
NZL,New Zealand,East Asia & Pacific,-41.2865,174.776,2016,100.0,4714100,0.0
NZL,New Zealand,East Asia & Pacific,-41.2865,174.776,2017,100.0,4813600,0.0
NZL,New Zealand,East Asia & Pacific,-41.2865,174.776,2018,100.0,4900600,0.0
NZL,New Zealand,East Asia & Pacific,-41.2865,174.776,2019,100.0,4970300,0.0
NZL,New Zealand,East Asia & Pacific,-41.2865,174.776,2020,100.0,5072400,0.0
NZL,New Zealand,East Asia & Pacific,-41.2865,174.776,2021,100.0,5084600,0.0
NZL,New Zealand,East Asia & Pacific,-41.2865,174.776,2022,100.0,5081700,0.0
NZL,New Zealand,East Asia & Pacific,-41.2865,174.776,2023,100.0,5200000,0.0
NZL,New Zealand,East Asia & Pacific,-41.2865,174.776,2024,100.0,5290000,0.0
NIC,Nicaragua,Latin America & Caribbean,12.1475,-86.2734,1993,72.064174,4453732,1244186.8220263203
NIC,Nicaragua,Latin America & Caribbean,12.1475,-86.2734,1994,69.2538299560547,4549316,1398740.4331964105
NIC,Nicaragua,Latin America & Caribbean,12.1475,-86.2734,1995,69.8499069213867,4642931,1399848.018075791
NIC,Nicaragua,Latin America & Caribbean,12.1475,-86.2734,1996,70.4432601928711,4729974,1398026.1081248475
NIC,Nicaragua,Latin America & Caribbean,12.1475,-86.2734,1997,71.0332107543945,4809573,1393178.8745235456
NIC,Nicaragua,Latin America & Caribbean,12.1475,-86.2734,1998,69.047103,4883655,1511632.7019853494
NIC,Nicaragua,Latin America & Caribbean,12.1475,-86.2734,1999,72.2001266479492,4954018,1377210.7298378
NIC,Nicaragua,Latin America & Caribbean,12.1475,-86.2734,2000,73.0,5022633,1356110.9100000001
NIC,Nicaragua,Latin America & Caribbean,12.1475,-86.2734,2001,72.2,5087825,1414415.35
NIC,Nicaragua,Latin America & Caribbean,12.1475,-86.2734,2002,74.1,5149909,1333826.431
NIC,Nicaragua,Latin America & Caribbean,12.1475,-86.2734,2003,74.6,5210963,1323584.602
NIC,Nicaragua,Latin America & Caribbean,12.1475,-86.2734,2004,75.2,5272912,1307682.176
NIC,Nicaragua,Latin America & Caribbean,12.1475,-86.2734,2005,73.8,5342105,1399631.51
NIC,Nicaragua,Latin America & Caribbean,12.1475,-86.2734,2006,76.3,5418855,1284268.635
NIC,Nicaragua,Latin America & Caribbean,12.1475,-86.2734,2007,76.9,5497243,1269863.133
NIC,Nicaragua,Latin America & Caribbean,12.1475,-86.2734,2008,77.5,5576593,1254733.4249999998
NIC,Nicaragua,Latin America & Caribbean,12.1475,-86.2734,2009,77.9,5656601,1250108.8209999998
NIC,Nicaragua,Latin America & Caribbean,12.1475,-86.2734,2010,80.1,5737450,1141752.5500000003
NIC,Nicaragua,Latin America & Caribbean,12.1475,-86.2734,2011,81.2,5819051,1093981.5879999998
NIC,Nicaragua,Latin America & Caribbean,12.1475,-86.2734,2012,81.3,5901287,1103540.6690000002
NIC,Nicaragua,Latin America & Caribbean,12.1475,-86.2734,2013,81.9,5983845,1083075.9449999996
NIC,Nicaragua,Latin America & Caribbean,12.1475,-86.2734,2014,81.9,6066492,1098035.0519999997
NIC,Nicaragua,Latin America & Caribbean,12.1475,-86.2734,2015,83.2,6149417,1033102.0559999995
NIC,Nicaragua,Latin America & Caribbean,12.1475,-86.2734,2016,83.9,6232666,1003459.2259999996
NIC,Nicaragua,Latin America & Caribbean,12.1475,-86.2734,2017,84.6,6316231,972699.5740000001
NIC,Nicaragua,Latin America & Caribbean,12.1475,-86.2734,2018,85.2,6400080,947211.8400000001
NIC,Nicaragua,Latin America & Caribbean,12.1475,-86.2734,2019,85.7,6483657,927162.9510000001
NIC,Nicaragua,Latin America & Caribbean,12.1475,-86.2734,2020,86.0,6565267,919137.3800000001
NIC,Nicaragua,Latin America & Caribbean,12.1475,-86.2734,2021,86.3,6644741,910329.5170000001
NIC,Nicaragua,Latin America & Caribbean,12.1475,-86.2734,2022,86.5,6730654,908638.29
NIC,Nicaragua,Latin America & Caribbean,12.1475,-86.2734,2023,88.3,6823613,798362.7209999999
NIC,Nicaragua,Latin America & Caribbean,12.1475,-86.2734,2024,88.7,6916140,781523.82
NER,Niger,Sub-Saharan Africa,13.514,2.1073,1992,4.4,8817633,8429657.148
NER,Niger,Sub-Saharan Africa,13.514,2.1073,1993,4.01213979721069,9100789,8735652.622670827
NER,Niger,Sub-Saharan Africa,13.514,2.1073,1994,4.57177639007568,9398258,8968590.659677602
NER,Niger,Sub-Saharan Africa,13.514,2.1073,1995,6.2,9714529,9112228.202
NER,Niger,Sub-Saharan Africa,13.514,2.1073,1996,7.0,10044852,9341712.36
NER,Niger,Sub-Saharan Africa,13.514,2.1073,1997,6.23572778701782,10383969,9736452.959671684
NER,Niger,Sub-Saharan Africa,13.514,2.1073,1998,6.7,10741413,10021738.329
NER,Niger,Sub-Saharan Africa,13.514,2.1073,1999,7.32568216323853,11117411,10302984.80535908
NER,Niger,Sub-Saharan Africa,13.514,2.1073,2000,6.5,11509630,10761504.05
NER,Niger,Sub-Saharan Africa,13.514,2.1073,2001,8.4,11920647,10919312.652
NER,Niger,Sub-Saharan Africa,13.514,2.1073,2002,8.8,12349144,11262419.328
NER,Niger,Sub-Saharan Africa,13.514,2.1073,2003,9.3,12796984,11606864.488
NER,Niger,Sub-Saharan Africa,13.514,2.1073,2004,9.7,13265836,11979049.908
NER,Niger,Sub-Saharan Africa,13.514,2.1073,2005,7.1,13756192,12779502.368
NER,Niger,Sub-Saharan Africa,13.514,2.1073,2006,9.3,14268581,12941602.967
NER,Niger,Sub-Saharan Africa,13.514,2.1073,2007,11.2,14803610,13145605.68
NER,Niger,Sub-Saharan Africa,13.514,2.1073,2008,11.8,15361915,13549209.03
NER,Niger,Sub-Saharan Africa,13.514,2.1073,2009,12.3,15943675,13982602.975
NER,Niger,Sub-Saharan Africa,13.514,2.1073,2010,13.6,16548835,14298193.44
NER,Niger,Sub-Saharan Africa,13.514,2.1073,2011,14.3,17176283,14720074.531
NER,Niger,Sub-Saharan Africa,13.514,2.1073,2012,14.4,17836769,15268274.264
NER,Niger,Sub-Saharan Africa,13.514,2.1073,2013,15.2,18519898,15704873.503999999
NER,Niger,Sub-Saharan Africa,13.514,2.1073,2014,15.7,19215909,16199011.286999999
NER,Niger,Sub-Saharan Africa,13.514,2.1073,2015,16.6,19939498,16629541.331999999
NER,Niger,Sub-Saharan Africa,13.514,2.1073,2016,17.0,20685753,17169174.99
NER,Niger,Sub-Saharan Africa,13.514,2.1073,2017,17.6,21435446,17662807.504
NER,Niger,Sub-Saharan Africa,13.514,2.1073,2018,17.6,22188069,18282968.856
NER,Niger,Sub-Saharan Africa,13.514,2.1073,2019,18.5,22947757,18702421.955
NER,Niger,Sub-Saharan Africa,13.514,2.1073,2020,18.7,23717613,19282419.369
NER,Niger,Sub-Saharan Africa,13.514,2.1073,2021,18.6,24502140,19944741.959999997
NER,Niger,Sub-Saharan Africa,13.514,2.1073,2022,19.5,25311973,20376138.264999997
NER,Niger,Sub-Saharan Africa,13.514,2.1073,2023,20.1,26159867,20901733.733
NER,Niger,Sub-Saharan Africa,13.514,2.1073,2024,21.3,27032412,21274508.244000003
NGA,Nigeria,Sub-Saharan Africa,9.05804,7.48906,1990,27.3,97120925,70606912.475
NGA,Nigeria,Sub-Saharan Africa,9.05804,7.48906,1991,35.2346000671387,99720162,64584161.73299718
NGA,Nigeria,Sub-Saharan Africa,9.05804,7.48906,1992,36.0994606018066,102372770,65416752.226871915
NGA,Nigeria,Sub-Saharan Africa,9.05804,7.48906,1993,36.9636459350586,105122069,66265119.61523199
NGA,Nigeria,Sub-Saharan Africa,9.05804,7.48906,1994,37.8264694213867,107935714,67107444.1490346
NGA,Nigeria,Sub-Saharan Africa,9.05804,7.48906,1995,38.6872520446777,110819428,67946436.57516986
NGA,Nigeria,Sub-Saharan Africa,9.05804,7.48906,1996,39.5453186035156,113754779,68770089.21772495
NGA,Nigeria,Sub-Saharan Africa,9.05804,7.48906,1997,40.3999824523926,116754792,69585876.51967251
NGA,Nigeria,Sub-Saharan Africa,9.05804,7.48906,1998,41.2505683898926,119846254,70408993.03100559
NGA,Nigeria,Sub-Saharan Africa,9.05804,7.48906,1999,44.9,123047320,67799073.32
NGA,Nigeria,Sub-Saharan Africa,9.05804,7.48906,2000,43.2,126382494,71785256.592
NGA,Nigeria,Sub-Saharan Africa,9.05804,7.48906,2001,43.9,129862595,72852915.79499999
NGA,Nigeria,Sub-Saharan Africa,9.05804,7.48906,2002,44.6,133471989,73943481.906
NGA,Nigeria,Sub-Saharan Africa,9.05804,7.48906,2003,52.2,137202644,65582863.831999995
NGA,Nigeria,Sub-Saharan Africa,9.05804,7.48906,2004,46.1,141057045,76029747.255
NGA,Nigeria,Sub-Saharan Africa,9.05804,7.48906,2005,46.8,145017253,77149178.596
NGA,Nigeria,Sub-Saharan Africa,9.05804,7.48906,2006,47.6,149077334,78116523.016
NGA,Nigeria,Sub-Saharan Africa,9.05804,7.48906,2007,50.1,153267261,76480363.239
NGA,Nigeria,Sub-Saharan Africa,9.05804,7.48906,2008,50.3,157595014,78324721.958
NGA,Nigeria,Sub-Saharan Africa,9.05804,7.48906,2009,50.0,162049464,81024732.0
NGA,Nigeria,Sub-Saharan Africa,9.05804,7.48906,2010,48.0,166642886,86654300.72
NGA,Nigeria,Sub-Saharan Africa,9.05804,7.48906,2011,55.9,171379598,75578402.71800001
NGA,Nigeria,Sub-Saharan Africa,9.05804,7.48906,2012,53.0,176200625,82814293.75
NGA,Nigeria,Sub-Saharan Africa,9.05804,7.48906,2013,55.6,181049443,80385952.69199999
NGA,Nigeria,Sub-Saharan Africa,9.05804,7.48906,2014,54.2,185896915,85140787.07
NGA,Nigeria,Sub-Saharan Africa,9.05804,7.48906,2015,52.5,190671878,90569142.05
NGA,Nigeria,Sub-Saharan Africa,9.05804,7.48906,2016,59.3,195443700,79545585.9
NGA,Nigeria,Sub-Saharan Africa,9.05804,7.48906,2017,54.4,200254579,91316088.02399999
NGA,Nigeria,Sub-Saharan Africa,9.05804,7.48906,2018,56.5,204938755,89148358.42500001
NGA,Nigeria,Sub-Saharan Africa,9.05804,7.48906,2019,55.4,209485641,93430595.886
NGA,Nigeria,Sub-Saharan Africa,9.05804,7.48906,2020,55.4,213996181,95442296.72600001
NGA,Nigeria,Sub-Saharan Africa,9.05804,7.48906,2021,59.5,218529286,88504360.83000001
NGA,Nigeria,Sub-Saharan Africa,9.05804,7.48906,2022,60.5,223150896,88144603.92
NGA,Nigeria,Sub-Saharan Africa,9.05804,7.48906,2023,61.2,227882945,88418582.66
NGA,Nigeria,Sub-Saharan Africa,9.05804,7.48906,2024,62.5,232679478,87254804.25
MKD,North Macedonia,Europe & Central Asia,42.0024,21.4361,1990,100.0,2063689,0.0
MKD,North Macedonia,Europe & Central Asia,42.0024,21.4361,1991,100.0,2055994,0.0
MKD,North Macedonia,Europe & Central Asia,42.0024,21.4361,1992,100.0,2032523,0.0
MKD,North Macedonia,Europe & Central Asia,42.0024,21.4361,1993,100.0,2006854,0.0
MKD,North Macedonia,Europe & Central Asia,42.0024,21.4361,1994,100.0,1992666,0.0
MKD,North Macedonia,Europe & Central Asia,42.0024,21.4361,1995,100.0,1998534,0.0
MKD,North Macedonia,Europe & Central Asia,42.0024,21.4361,1996,100.0,2012553,0.0
MKD,North Macedonia,Europe & Central Asia,42.0024,21.4361,1997,100.0,1996869,0.0
MKD,North Macedonia,Europe & Central Asia,42.0024,21.4361,1998,100.0,2007523,0.0
MKD,North Macedonia,Europe & Central Asia,42.0024,21.4361,1999,100.0,2017142,0.0
MKD,North Macedonia,Europe & Central Asia,42.0024,21.4361,2000,99.0,2026350,20263.50000000002
MKD,North Macedonia,Europe & Central Asia,42.0024,21.4361,2001,99.0,2034882,20348.820000000018
MKD,North Macedonia,Europe & Central Asia,42.0024,21.4361,2002,99.0,2020157,20201.570000000018
MKD,North Macedonia,Europe & Central Asia,42.0024,21.4361,2003,99.0,2022725,20227.25000000002
MKD,North Macedonia,Europe & Central Asia,42.0024,21.4361,2004,99.4,2016186,12097.115999999787
MKD,North Macedonia,Europe & Central Asia,42.0024,21.4361,2005,99.1,2005330,18047.970000000016
MKD,North Macedonia,Europe & Central Asia,42.0024,21.4361,2006,99.0,1994287,19942.870000000017
MKD,North Macedonia,Europe & Central Asia,42.0024,21.4361,2007,99.1,1982933,17846.397000000015
MKD,North Macedonia,Europe & Central Asia,42.0024,21.4361,2008,99.2,1971493,15771.944000000014
MKD,North Macedonia,Europe & Central Asia,42.0024,21.4361,2009,99.2,1958782,15670.256000000014
MKD,North Macedonia,Europe & Central Asia,42.0024,21.4361,2010,99.5,1946298,9731.490000000009
MKD,North Macedonia,Europe & Central Asia,42.0024,21.4361,2011,99.7,1937398,5812.194000000005
MKD,North Macedonia,Europe & Central Asia,42.0024,21.4361,2012,99.6,1929821,7719.284000000007
MKD,North Macedonia,Europe & Central Asia,42.0024,21.4361,2013,99.7,1922716,5768.148000000005
MKD,North Macedonia,Europe & Central Asia,42.0024,21.4361,2014,99.8,1917557,3835.114000000003
MKD,North Macedonia,Europe & Central Asia,42.0024,21.4361,2015,99.9,1912430,1912.4299999997893
MKD,North Macedonia,Europe & Central Asia,42.0024,21.4361,2016,100.0,1906313,0.0
MKD,North Macedonia,Europe & Central Asia,42.0024,21.4361,2017,100.0,1898657,0.0
MKD,North Macedonia,Europe & Central Asia,42.0024,21.4361,2018,99.8,1889051,3778.1020000000035
MKD,North Macedonia,Europe & Central Asia,42.0024,21.4361,2019,100.0,1876262,0.0
MKD,North Macedonia,Europe & Central Asia,42.0024,21.4361,2020,100.0,1856124,0.0
MKD,North Macedonia,Europe & Central Asia,42.0024,21.4361,2021,100.0,1837114,0.0
MKD,North Macedonia,Europe & Central Asia,42.0024,21.4361,2022,100.0,1831712,0.0
MKD,North Macedonia,Europe & Central Asia,42.0024,21.4361,2023,100.0,1827816,0.0
MKD,North Macedonia,Europe & Central Asia,42.0024,21.4361,2024,100.0,1824359,0.0
MNP,Northern Mariana Islands,East Asia & Pacific,15.1935,145.765,1990,99.8532638549805,43342,63.598379974351374
MNP,Northern Mariana Islands,East Asia & Pacific,15.1935,145.765,1991,99.8843765258789,44393,51.32872886657813
MNP,Northern Mariana Islands,East Asia & Pacific,15.1935,145.765,1992,99.9150314331055,45181,38.38964820860652
MNP,Northern Mariana Islands,East Asia & Pacific,15.1935,145.765,1993,99.9449234008789,45952,25.308798828125816
MNP,Northern Mariana Islands,East Asia & Pacific,15.1935,145.765,1994,99.9716415405273,46730,13.251908111592396
MNP,Northern Mariana Islands,East Asia & Pacific,15.1935,145.765,1995,100.0,48176,0.0
MNP,Northern Mariana Islands,East Asia & Pacific,15.1935,145.765,1996,100.0,51706,0.0
MNP,Northern Mariana Islands,East Asia & Pacific,15.1935,145.765,1997,100.0,56596,0.0
MNP,Northern Mariana Islands,East Asia & Pacific,15.1935,145.765,1998,100.0,61337,0.0
MNP,Northern Mariana Islands,East Asia & Pacific,15.1935,145.765,1999,100.0,65916,0.0
MNP,Northern Mariana Islands,East Asia & Pacific,15.1935,145.765,2000,100.0,68356,0.0
MNP,Northern Mariana Islands,East Asia & Pacific,15.1935,145.765,2001,100.0,67984,0.0
MNP,Northern Mariana Islands,East Asia & Pacific,15.1935,145.765,2002,99.9,66778,66.77799999999264
MNP,Northern Mariana Islands,East Asia & Pacific,15.1935,145.765,2003,99.9,65421,65.4209999999928
MNP,Northern Mariana Islands,East Asia & Pacific,15.1935,145.765,2004,99.8,63938,127.87600000000012
MNP,Northern Mariana Islands,East Asia & Pacific,15.1935,145.765,2005,99.8,62354,124.70800000000011
MNP,Northern Mariana Islands,East Asia & Pacific,15.1935,145.765,2006,99.7,60682,182.04600000000016
MNP,Northern Mariana Islands,East Asia & Pacific,15.1935,145.765,2007,100.0,58941,0.0
MNP,Northern Mariana Islands,East Asia & Pacific,15.1935,145.765,2008,100.0,57150,0.0
MNP,Northern Mariana Islands,East Asia & Pacific,15.1935,145.765,2009,100.0,55325,0.0
MNP,Northern Mariana Islands,East Asia & Pacific,15.1935,145.765,2010,100.0,54091,0.0
MNP,Northern Mariana Islands,East Asia & Pacific,15.1935,145.765,2011,100.0,53608,0.0
MNP,Northern Mariana Islands,East Asia & Pacific,15.1935,145.765,2012,100.0,53234,0.0
MNP,Northern Mariana Islands,East Asia & Pacific,15.1935,145.765,2013,100.0,52758,0.0
MNP,Northern Mariana Islands,East Asia & Pacific,15.1935,145.765,2014,100.0,52178,0.0
MNP,Northern Mariana Islands,East Asia & Pacific,15.1935,145.765,2015,100.0,51514,0.0
MNP,Northern Mariana Islands,East Asia & Pacific,15.1935,145.765,2016,100.0,50773,0.0
MNP,Northern Mariana Islands,East Asia & Pacific,15.1935,145.765,2017,100.0,49959,0.0
MNP,Northern Mariana Islands,East Asia & Pacific,15.1935,145.765,2018,100.0,49077,0.0
MNP,Northern Mariana Islands,East Asia & Pacific,15.1935,145.765,2019,100.0,48129,0.0
MNP,Northern Mariana Islands,East Asia & Pacific,15.1935,145.765,2020,100.0,47528,0.0
MNP,Northern Mariana Islands,East Asia & Pacific,15.1935,145.765,2021,100.0,46979,0.0
MNP,Northern Mariana Islands,East Asia & Pacific,15.1935,145.765,2022,100.0,46078,0.0
MNP,Northern Mariana Islands,East Asia & Pacific,15.1935,145.765,2023,100.0,45143,0.0
MNP,Northern Mariana Islands,East Asia & Pacific,15.1935,145.765,2024,100.0,44278,0.0
NOR,Norway,Europe & Central Asia,59.9138,10.7387,1990,100.0,4241473,0.0
NOR,Norway,Europe & Central Asia,59.9138,10.7387,1991,100.0,4261732,0.0
NOR,Norway,Europe & Central Asia,59.9138,10.7387,1992,100.0,4286401,0.0
NOR,Norway,Europe & Central Asia,59.9138,10.7387,1993,100.0,4311991,0.0
NOR,Norway,Europe & Central Asia,59.9138,10.7387,1994,100.0,4336613,0.0
NOR,Norway,Europe & Central Asia,59.9138,10.7387,1995,100.0,4359184,0.0
NOR,Norway,Europe & Central Asia,59.9138,10.7387,1996,100.0,4381336,0.0
NOR,Norway,Europe & Central Asia,59.9138,10.7387,1997,100.0,4405157,0.0
NOR,Norway,Europe & Central Asia,59.9138,10.7387,1998,100.0,4431464,0.0
NOR,Norway,Europe & Central Asia,59.9138,10.7387,1999,100.0,4461913,0.0
NOR,Norway,Europe & Central Asia,59.9138,10.7387,2000,100.0,4490967,0.0
NOR,Norway,Europe & Central Asia,59.9138,10.7387,2001,100.0,4513751,0.0
NOR,Norway,Europe & Central Asia,59.9138,10.7387,2002,100.0,4538159,0.0
NOR,Norway,Europe & Central Asia,59.9138,10.7387,2003,100.0,4564855,0.0
NOR,Norway,Europe & Central Asia,59.9138,10.7387,2004,100.0,4591910,0.0
NOR,Norway,Europe & Central Asia,59.9138,10.7387,2005,100.0,4623291,0.0
NOR,Norway,Europe & Central Asia,59.9138,10.7387,2006,100.0,4660677,0.0
NOR,Norway,Europe & Central Asia,59.9138,10.7387,2007,100.0,4709153,0.0
NOR,Norway,Europe & Central Asia,59.9138,10.7387,2008,100.0,4768212,0.0
NOR,Norway,Europe & Central Asia,59.9138,10.7387,2009,100.0,4828726,0.0
NOR,Norway,Europe & Central Asia,59.9138,10.7387,2010,100.0,4889252,0.0
NOR,Norway,Europe & Central Asia,59.9138,10.7387,2011,100.0,4953088,0.0
NOR,Norway,Europe & Central Asia,59.9138,10.7387,2012,100.0,5018573,0.0
NOR,Norway,Europe & Central Asia,59.9138,10.7387,2013,100.0,5079623,0.0
NOR,Norway,Europe & Central Asia,59.9138,10.7387,2014,100.0,5137232,0.0
NOR,Norway,Europe & Central Asia,59.9138,10.7387,2015,100.0,5188607,0.0
NOR,Norway,Europe & Central Asia,59.9138,10.7387,2016,100.0,5234519,0.0
NOR,Norway,Europe & Central Asia,59.9138,10.7387,2017,100.0,5276968,0.0
NOR,Norway,Europe & Central Asia,59.9138,10.7387,2018,100.0,5311916,0.0
NOR,Norway,Europe & Central Asia,59.9138,10.7387,2019,100.0,5347896,0.0
NOR,Norway,Europe & Central Asia,59.9138,10.7387,2020,100.0,5379475,0.0
NOR,Norway,Europe & Central Asia,59.9138,10.7387,2021,100.0,5408320,0.0
NOR,Norway,Europe & Central Asia,59.9138,10.7387,2022,100.0,5457127,0.0
NOR,Norway,Europe & Central Asia,59.9138,10.7387,2023,100.0,5519601,0.0
NOR,Norway,Europe & Central Asia,59.9138,10.7387,2024,100.0,5572279,0.0
OMN,Oman,"Middle East, North Africa, Afghanistan & Pakistan",23.6105,58.5874,1990,100.0,1763954,0.0
OMN,Oman,"Middle East, North Africa, Afghanistan & Pakistan",23.6105,58.5874,1991,100.0,1851473,0.0
OMN,Oman,"Middle East, North Africa, Afghanistan & Pakistan",23.6105,58.5874,1992,100.0,1938238,0.0
OMN,Oman,"Middle East, North Africa, Afghanistan & Pakistan",23.6105,58.5874,1993,100.0,2021675,0.0
OMN,Oman,"Middle East, North Africa, Afghanistan & Pakistan",23.6105,58.5874,1994,100.0,2081834,0.0
OMN,Oman,"Middle East, North Africa, Afghanistan & Pakistan",23.6105,58.5874,1995,100.0,2120528,0.0
OMN,Oman,"Middle East, North Africa, Afghanistan & Pakistan",23.6105,58.5874,1996,100.0,2156926,0.0
OMN,Oman,"Middle East, North Africa, Afghanistan & Pakistan",23.6105,58.5874,1997,100.0,2190720,0.0
OMN,Oman,"Middle East, North Africa, Afghanistan & Pakistan",23.6105,58.5874,1998,100.0,2222489,0.0
OMN,Oman,"Middle East, North Africa, Afghanistan & Pakistan",23.6105,58.5874,1999,100.0,2252909,0.0
OMN,Oman,"Middle East, North Africa, Afghanistan & Pakistan",23.6105,58.5874,2000,100.0,2282131,0.0
OMN,Oman,"Middle East, North Africa, Afghanistan & Pakistan",23.6105,58.5874,2001,100.0,2310217,0.0
OMN,Oman,"Middle East, North Africa, Afghanistan & Pakistan",23.6105,58.5874,2002,100.0,2337140,0.0
OMN,Oman,"Middle East, North Africa, Afghanistan & Pakistan",23.6105,58.5874,2003,100.0,2363796,0.0
OMN,Oman,"Middle East, North Africa, Afghanistan & Pakistan",23.6105,58.5874,2004,100.0,2404821,0.0
OMN,Oman,"Middle East, North Africa, Afghanistan & Pakistan",23.6105,58.5874,2005,99.9,2459802,2459.801999999729
OMN,Oman,"Middle East, North Africa, Afghanistan & Pakistan",23.6105,58.5874,2006,99.9,2514795,2514.794999999723
OMN,Oman,"Middle East, North Africa, Afghanistan & Pakistan",23.6105,58.5874,2007,100.0,2570174,0.0
OMN,Oman,"Middle East, North Africa, Afghanistan & Pakistan",23.6105,58.5874,2008,100.0,2626529,0.0
OMN,Oman,"Middle East, North Africa, Afghanistan & Pakistan",23.6105,58.5874,2009,100.0,2684659,0.0
OMN,Oman,"Middle East, North Africa, Afghanistan & Pakistan",23.6105,58.5874,2010,100.0,2757446,0.0
OMN,Oman,"Middle East, North Africa, Afghanistan & Pakistan",23.6105,58.5874,2011,100.0,3076763,0.0
OMN,Oman,"Middle East, North Africa, Afghanistan & Pakistan",23.6105,58.5874,2012,100.0,3547106,0.0
OMN,Oman,"Middle East, North Africa, Afghanistan & Pakistan",23.6105,58.5874,2013,100.0,3833913,0.0
OMN,Oman,"Middle East, North Africa, Afghanistan & Pakistan",23.6105,58.5874,2014,100.0,4002439,0.0
OMN,Oman,"Middle East, North Africa, Afghanistan & Pakistan",23.6105,58.5874,2015,100.0,4184895,0.0
OMN,Oman,"Middle East, North Africa, Afghanistan & Pakistan",23.6105,58.5874,2016,100.0,4390877,0.0
OMN,Oman,"Middle East, North Africa, Afghanistan & Pakistan",23.6105,58.5874,2017,100.0,4537396,0.0
OMN,Oman,"Middle East, North Africa, Afghanistan & Pakistan",23.6105,58.5874,2018,100.0,4597877,0.0
OMN,Oman,"Middle East, North Africa, Afghanistan & Pakistan",23.6105,58.5874,2019,100.0,4591241,0.0
OMN,Oman,"Middle East, North Africa, Afghanistan & Pakistan",23.6105,58.5874,2020,100.0,4522497,0.0
OMN,Oman,"Middle East, North Africa, Afghanistan & Pakistan",23.6105,58.5874,2021,100.0,4500424,0.0
OMN,Oman,"Middle East, North Africa, Afghanistan & Pakistan",23.6105,58.5874,2022,100.0,4730226,0.0
OMN,Oman,"Middle East, North Africa, Afghanistan & Pakistan",23.6105,58.5874,2023,100.0,5049269,0.0
OMN,Oman,"Middle East, North Africa, Afghanistan & Pakistan",23.6105,58.5874,2024,100.0,5281538,0.0
PAK,Pakistan,"Middle East, North Africa, Afghanistan & Pakistan",30.5167,72.8,1998,70.46,146522356,43282703.96240002
PAK,Pakistan,"Middle East, North Africa, Afghanistan & Pakistan",30.5167,72.8,1999,70.2653503417969,150565377,44770087.3575027
PAK,Pakistan,"Middle East, North Africa, Afghanistan & Pakistan",30.5167,72.8,2000,72.8,154879127,42127122.544
PAK,Pakistan,"Middle East, North Africa, Afghanistan & Pakistan",30.5167,72.8,2001,73.9,159270907,41569706.72699998
PAK,Pakistan,"Middle East, North Africa, Afghanistan & Pakistan",30.5167,72.8,2002,74.9,163222549,40968859.79899998
PAK,Pakistan,"Middle East, North Africa, Afghanistan & Pakistan",30.5167,72.8,2003,76.0,167110248,40106459.519999996
PAK,Pakistan,"Middle East, North Africa, Afghanistan & Pakistan",30.5167,72.8,2004,77.0,171286000,39395780.0
PAK,Pakistan,"Middle East, North Africa, Afghanistan & Pakistan",30.5167,72.8,2005,78.1,175453212,38424253.42800002
PAK,Pakistan,"Middle East, North Africa, Afghanistan & Pakistan",30.5167,72.8,2006,79.1,179682690,37553682.210000016
PAK,Pakistan,"Middle East, North Africa, Afghanistan & Pakistan",30.5167,72.8,2007,80.2,184493231,36529659.73799999
PAK,Pakistan,"Middle East, North Africa, Afghanistan & Pakistan",30.5167,72.8,2008,81.4,189499113,35246835.01799999
PAK,Pakistan,"Middle East, North Africa, Afghanistan & Pakistan",30.5167,72.8,2009,82.5,194376534,34015893.45000001
PAK,Pakistan,"Middle East, North Africa, Afghanistan & Pakistan",30.5167,72.8,2010,87.1,199239047,25701837.063
PAK,Pakistan,"Middle East, North Africa, Afghanistan & Pakistan",30.5167,72.8,2011,87.8,203746065,24857019.93
PAK,Pakistan,"Middle East, North Africa, Afghanistan & Pakistan",30.5167,72.8,2012,88.6,207667125,23674052.250000022
PAK,Pakistan,"Middle East, North Africa, Afghanistan & Pakistan",30.5167,72.8,2013,89.3,211073978,22584915.645999998
PAK,Pakistan,"Middle East, North Africa, Afghanistan & Pakistan",30.5167,72.8,2014,90.1,214264647,21212200.053000018
PAK,Pakistan,"Middle East, North Africa, Afghanistan & Pakistan",30.5167,72.8,2015,91.0,217290883,19556179.469999995
PAK,Pakistan,"Middle East, North Africa, Afghanistan & Pakistan",30.5167,72.8,2016,91.8,220138869,18051387.258000016
PAK,Pakistan,"Middle East, North Africa, Afghanistan & Pakistan",30.5167,72.8,2017,92.7,223273967,16298999.590999989
PAK,Pakistan,"Middle East, North Africa, Afghanistan & Pakistan",30.5167,72.8,2018,93.4,226928892,14977306.871999988
PAK,Pakistan,"Middle East, North Africa, Afghanistan & Pakistan",30.5167,72.8,2019,93.9,230800899,14078854.838999987
PAK,Pakistan,"Middle East, North Africa, Afghanistan & Pakistan",30.5167,72.8,2020,94.5,235001746,12925096.030000012
PAK,Pakistan,"Middle East, North Africa, Afghanistan & Pakistan",30.5167,72.8,2021,94.9,239477801,12213367.850999985
PAK,Pakistan,"Middle East, North Africa, Afghanistan & Pakistan",30.5167,72.8,2022,95.0,243700667,12185033.35000001
PAK,Pakistan,"Middle East, North Africa, Afghanistan & Pakistan",30.5167,72.8,2023,95.6,247504495,10890197.78000001
PAK,Pakistan,"Middle East, North Africa, Afghanistan & Pakistan",30.5167,72.8,2024,95.7,251269164,10804574.051999982
PLW,Palau,East Asia & Pacific,7.34194,134.479,1990,96.6253509521484,15259,514.9376982116769
PLW,Palau,East Asia & Pacific,7.34194,134.479,1991,96.7627029418945,15614,505.4715626525916
PLW,Palau,East Asia & Pacific,7.34194,134.479,1992,96.8999328613281,15989,495.6697348022505
PLW,Palau,East Asia & Pacific,7.34194,134.479,1993,97.036491394043,16372,485.1856289672799
PLW,Palau,East Asia & Pacific,7.34194,134.479,1994,97.1716842651367,16770,474.3085487365747
PLW,Palau,East Asia & Pacific,7.34194,134.479,1995,97.3048400878906,17195,463.43274688721164
PLW,Palau,East Asia & Pacific,7.34194,134.479,1996,97.4352722167969,17654,452.77704284667374
PLW,Palau,East Asia & Pacific,7.34194,134.479,1997,97.5623092651367,18108,441.41703826904563
PLW,Palau,East Asia & Pacific,7.34194,134.479,1998,97.6852645874023,18524,428.7815878295982
PLW,Palau,East Asia & Pacific,7.34194,134.479,1999,97.8033752441406,18901,415.18404510498516
PLW,Palau,East Asia & Pacific,7.34194,134.479,2000,97.9,19178,402.73799999999824
PLW,Palau,East Asia & Pacific,7.34194,134.479,2001,98.0,19352,387.04000000000036
PLW,Palau,East Asia & Pacific,7.34194,134.479,2002,98.0,19503,390.06000000000034
PLW,Palau,East Asia & Pacific,7.34194,134.479,2003,98.1,19659,373.52100000000036
PLW,Palau,East Asia & Pacific,7.34194,134.479,2004,98.1,19820,376.5800000000003
PLW,Palau,East Asia & Pacific,7.34194,134.479,2005,98.9,19819,218.008999999998
PLW,Palau,East Asia & Pacific,7.34194,134.479,2006,98.3,19593,333.0810000000003
PLW,Palau,East Asia & Pacific,7.34194,134.479,2007,98.4,19302,308.8319999999981
PLW,Palau,East Asia & Pacific,7.34194,134.479,2008,98.5,19009,285.1350000000003
PLW,Palau,East Asia & Pacific,7.34194,134.479,2009,98.6,18709,261.9260000000002
PLW,Palau,East Asia & Pacific,7.34194,134.479,2010,98.8,18396,220.7520000000002
PLW,Palau,East Asia & Pacific,7.34194,134.479,2011,98.9,18078,198.85799999999816
PLW,Palau,East Asia & Pacific,7.34194,134.479,2012,97.6,17765,426.36000000000035
PLW,Palau,East Asia & Pacific,7.34194,134.479,2013,99.2,17648,141.18400000000014
PLW,Palau,East Asia & Pacific,7.34194,134.479,2014,99.8,17715,35.43000000000003
PLW,Palau,East Asia & Pacific,7.34194,134.479,2015,99.5,17770,88.85000000000008
PLW,Palau,East Asia & Pacific,7.34194,134.479,2016,100.0,17797,0.0
PLW,Palau,East Asia & Pacific,7.34194,134.479,2017,100.0,17812,0.0
PLW,Palau,East Asia & Pacific,7.34194,134.479,2018,100.0,17814,0.0
PLW,Palau,East Asia & Pacific,7.34194,134.479,2019,100.0,17798,0.0
PLW,Palau,East Asia & Pacific,7.34194,134.479,2020,100.0,17792,0.0
PLW,Palau,East Asia & Pacific,7.34194,134.479,2021,100.0,17783,0.0
PLW,Palau,East Asia & Pacific,7.34194,134.479,2022,100.0,17759,0.0
PLW,Palau,East Asia & Pacific,7.34194,134.479,2023,100.0,17727,0.0
PLW,Palau,East Asia & Pacific,7.34194,134.479,2024,100.0,17695,0.0
PAN,Panama,Latin America & Caribbean,8.99427,-79.5188,1990,70.19,2455583,732009.2923000001
PAN,Panama,Latin America & Caribbean,8.99427,-79.5188,1991,73.4431304931641,2508265,666116.6629356372
PAN,Panama,Latin America & Caribbean,8.99427,-79.5188,1992,74.2556381225586,2561336,659399.6087371825
PAN,Panama,Latin America & Caribbean,8.99427,-79.5188,1993,75.0674591064453,2615099,652010.62758194
PAN,Panama,Latin America & Caribbean,8.99427,-79.5188,1994,75.8779220581055,2669546,643949.966814727
PAN,Panama,Latin America & Caribbean,8.99427,-79.5188,1995,76.6863403320313,2724557,635193.9464398177
PAN,Panama,Latin America & Caribbean,8.99427,-79.5188,1996,77.4920425415039,2780227,625772.3104096223
PAN,Panama,Latin America & Caribbean,8.99427,-79.5188,1997,78.2943496704102,2836695,615723.0976169574
PAN,Panama,Latin America & Caribbean,8.99427,-79.5188,1998,79.0925750732422,2893914,605042.8969949337
PAN,Panama,Latin America & Caribbean,8.99427,-79.5188,1999,79.8859558105469,2951822,593730.7814739981
PAN,Panama,Latin America & Caribbean,8.99427,-79.5188,2000,81.4,3010369,559928.6339999998
PAN,Panama,Latin America & Caribbean,8.99427,-79.5188,2001,81.5,3069537,567864.3450000002
PAN,Panama,Latin America & Caribbean,8.99427,-79.5188,2002,82.1,3129344,560152.5760000001
PAN,Panama,Latin America & Caribbean,8.99427,-79.5188,2003,87.8,3189807,389156.45399999997
PAN,Panama,Latin America & Caribbean,8.99427,-79.5188,2004,83.4,3251155,539691.7299999997
PAN,Panama,Latin America & Caribbean,8.99427,-79.5188,2005,84.1,3313026,526771.1340000001
PAN,Panama,Latin America & Caribbean,8.99427,-79.5188,2006,84.8,3375024,513003.6480000001
PAN,Panama,Latin America & Caribbean,8.99427,-79.5188,2007,85.5,3437490,498436.05000000005
PAN,Panama,Latin America & Caribbean,8.99427,-79.5188,2008,86.3,3500648,479588.776
PAN,Panama,Latin America & Caribbean,8.99427,-79.5188,2009,87.0,3564381,463369.53
PAN,Panama,Latin America & Caribbean,8.99427,-79.5188,2010,86.8,3628535,478966.62
PAN,Panama,Latin America & Caribbean,8.99427,-79.5188,2011,88.6,3693505,421059.57000000036
PAN,Panama,Latin America & Caribbean,8.99427,-79.5188,2012,89.3,3759256,402240.39199999993
PAN,Panama,Latin America & Caribbean,8.99427,-79.5188,2013,89.1,3825329,416960.8610000004
PAN,Panama,Latin America & Caribbean,8.99427,-79.5188,2014,90.8,3892101,358073.2920000003
PAN,Panama,Latin America & Caribbean,8.99427,-79.5188,2015,91.6,3960035,332642.9400000003
PAN,Panama,Latin America & Caribbean,8.99427,-79.5188,2016,92.4,4029086,306210.53599999985
PAN,Panama,Latin America & Caribbean,8.99427,-79.5188,2017,93.7,4098707,258218.54099999976
PAN,Panama,Latin America & Caribbean,8.99427,-79.5188,2018,93.8,4167860,258407.32000000024
PAN,Panama,Latin America & Caribbean,8.99427,-79.5188,2019,93.9,4234700,258316.69999999975
PAN,Panama,Latin America & Caribbean,8.99427,-79.5188,2020,95.3,4293261,201783.26700000017
PAN,Panama,Latin America & Caribbean,8.99427,-79.5188,2021,95.3,4345405,204234.03500000018
PAN,Panama,Latin America & Caribbean,8.99427,-79.5188,2022,95.0,4400773,220038.6500000002
PAN,Panama,Latin America & Caribbean,8.99427,-79.5188,2023,97.0,4458759,133762.7700000001
PAN,Panama,Latin America & Caribbean,8.99427,-79.5188,2024,96.0,4515577,180623.08000000016
PNG,Papua New Guinea,East Asia & Pacific,-9.47357,147.194,1996,11.0,4813361,4283891.29
PNG,Papua New Guinea,East Asia & Pacific,-9.47357,147.194,1997,2.15848255157471,4987883,4880220.415752038
PNG,Papua New Guinea,East Asia & Pacific,-9.47357,147.194,1998,4.29508972167969,5166390,4944488.914128113
PNG,Papua New Guinea,East Asia & Pacific,-9.47357,147.194,1999,6.42685508728027,5349333,5005539.119953938
PNG,Papua New Guinea,East Asia & Pacific,-9.47357,147.194,2000,12.4,5537064,4850468.064
PNG,Papua New Guinea,East Asia & Pacific,-9.47357,147.194,2001,12.7,5728435,5000923.755
PNG,Papua New Guinea,East Asia & Pacific,-9.47357,147.194,2002,13.1,5924003,5147958.607
PNG,Papua New Guinea,East Asia & Pacific,-9.47357,147.194,2003,13.4,6123997,5303381.402
PNG,Papua New Guinea,East Asia & Pacific,-9.47357,147.194,2004,13.8,6328041,5454771.342
PNG,Papua New Guinea,East Asia & Pacific,-9.47357,147.194,2005,14.1,6535905,5614342.395
PNG,Papua New Guinea,East Asia & Pacific,-9.47357,147.194,2006,12.4,6747720,5911002.72
PNG,Papua New Guinea,East Asia & Pacific,-9.47357,147.194,2007,14.9,6963345,5925806.595
PNG,Papua New Guinea,East Asia & Pacific,-9.47357,147.194,2008,15.3,7183002,6084002.694
PNG,Papua New Guinea,East Asia & Pacific,-9.47357,147.194,2009,17.2,7406438,6132530.664000001
PNG,Papua New Guinea,East Asia & Pacific,-9.47357,147.194,2010,19.5,7633523,6144986.015
PNG,Papua New Guinea,East Asia & Pacific,-9.47357,147.194,2011,17.3,7859346,6499679.142
PNG,Papua New Guinea,East Asia & Pacific,-9.47357,147.194,2012,17.5,8081390,6667146.75
PNG,Papua New Guinea,East Asia & Pacific,-9.47357,147.194,2013,17.8,8302698,6824817.756
PNG,Papua New Guinea,East Asia & Pacific,-9.47357,147.194,2014,18.1,8523441,6980698.179
PNG,Papua New Guinea,East Asia & Pacific,-9.47357,147.194,2015,18.4,8743246,7134488.7360000005
PNG,Papua New Guinea,East Asia & Pacific,-9.47357,147.194,2016,13.5,8961718,7751886.07
PNG,Papua New Guinea,East Asia & Pacific,-9.47357,147.194,2017,19.2,9178714,7416400.9120000005
PNG,Papua New Guinea,East Asia & Pacific,-9.47357,147.194,2018,16.6,9394513,7835023.841999999
PNG,Papua New Guinea,East Asia & Pacific,-9.47357,147.194,2019,23.6,9609010,7341283.64
PNG,Papua New Guinea,East Asia & Pacific,-9.47357,147.194,2020,20.5,9815746,7803518.07
PNG,Papua New Guinea,East Asia & Pacific,-9.47357,147.194,2021,20.9,10012896,7920200.7360000005
PNG,Papua New Guinea,East Asia & Pacific,-9.47357,147.194,2022,19.0,10203169,8264566.890000001
PNG,Papua New Guinea,East Asia & Pacific,-9.47357,147.194,2023,20.5,10389635,8259759.825
PNG,Papua New Guinea,East Asia & Pacific,-9.47357,147.194,2024,43.3,10576502,5996876.634
PRY,Paraguay,Latin America & Caribbean,-25.3005,-57.6362,1995,77.469114,4579806,1031870.8688811597
PRY,Paraguay,Latin America & Caribbean,-25.3005,-57.6362,1996,86.2600555419922,4687543,644065.8046452326
PRY,Paraguay,Latin America & Caribbean,-25.3005,-57.6362,1997,86.412854,4794412,651423.7582815202
PRY,Paraguay,Latin America & Caribbean,-25.3005,-57.6362,1998,87.7623672485352,4900025,599647.064229963
PRY,Paraguay,Latin America & Caribbean,-25.3005,-57.6362,1999,88.518177,5003135,574451.1051510501
PRY,Paraguay,Latin America & Caribbean,-25.3005,-57.6362,2000,89.6,5100868,530490.2720000005
PRY,Paraguay,Latin America & Caribbean,-25.3005,-57.6362,2001,91.0,5187689,466892.00999999983
PRY,Paraguay,Latin America & Caribbean,-25.3005,-57.6362,2002,91.7,5261328,436690.2239999998
PRY,Paraguay,Latin America & Caribbean,-25.3005,-57.6362,2003,92.6,5326436,394156.2640000004
PRY,Paraguay,Latin America & Caribbean,-25.3005,-57.6362,2004,93.2,5388175,366395.89999999973
PRY,Paraguay,Latin America & Caribbean,-25.3005,-57.6362,2005,94.7,5448097,288749.14099999965
PRY,Paraguay,Latin America & Caribbean,-25.3005,-57.6362,2006,96.7,5505148,181669.88399999955
PRY,Paraguay,Latin America & Caribbean,-25.3005,-57.6362,2007,96.5,5559386,194578.51000000018
PRY,Paraguay,Latin America & Caribbean,-25.3005,-57.6362,2008,96.7,5613574,185247.94199999954
PRY,Paraguay,Latin America & Caribbean,-25.3005,-57.6362,2009,96.9,5671236,175808.31599999953
PRY,Paraguay,Latin America & Caribbean,-25.3005,-57.6362,2010,97.4,5737971,149187.2459999995
PRY,Paraguay,Latin America & Caribbean,-25.3005,-57.6362,2011,98.2,5814626,104663.2680000001
PRY,Paraguay,Latin America & Caribbean,-25.3005,-57.6362,2012,97.8,5897008,129734.17600000011
PRY,Paraguay,Latin America & Caribbean,-25.3005,-57.6362,2013,99.0,5982445,59824.450000000055
PRY,Paraguay,Latin America & Caribbean,-25.3005,-57.6362,2014,99.0,6069811,60698.11000000005
PRY,Paraguay,Latin America & Caribbean,-25.3005,-57.6362,2015,99.3,6159103,43113.72100000004
PRY,Paraguay,Latin America & Caribbean,-25.3005,-57.6362,2016,98.4,6249126,99986.01599999939
PRY,Paraguay,Latin America & Caribbean,-25.3005,-57.6362,2017,99.3,6338660,44370.62000000004
PRY,Paraguay,Latin America & Caribbean,-25.3005,-57.6362,2018,99.6,6427382,25709.528000000024
PRY,Paraguay,Latin America & Caribbean,-25.3005,-57.6362,2019,99.7,6515058,19545.174000000017
PRY,Paraguay,Latin America & Caribbean,-25.3005,-57.6362,2020,99.7,6603739,19811.21700000002
PRY,Paraguay,Latin America & Caribbean,-25.3005,-57.6362,2021,100.0,6684182,0.0
PRY,Paraguay,Latin America & Caribbean,-25.3005,-57.6362,2022,100.0,6760464,0.0
PRY,Paraguay,Latin America & Caribbean,-25.3005,-57.6362,2023,99.8,6844146,13688.292000000012
PRY,Paraguay,Latin America & Caribbean,-25.3005,-57.6362,2024,99.8,6929153,13858.306000000011
PER,Peru,Latin America & Caribbean,-12.0931,-77.0465,1992,70.1,22946340,6860955.660000001
PER,Peru,Latin America & Caribbean,-12.0931,-77.0465,1993,64.7489929199219,23413783,8253594.303044123
PER,Peru,Latin America & Caribbean,-12.0931,-77.0465,1994,66.0529327392578,23881493,8107066.491579441
PER,Peru,Latin America & Caribbean,-12.0931,-77.0465,1995,67.3548355102539,24348919,7948744.6590250395
PER,Peru,Latin America & Caribbean,-12.0931,-77.0465,1996,67.0,24811171,8187686.429999999
PER,Peru,Latin America & Caribbean,-12.0931,-77.0465,1997,69.16024,25274147,7794486.276847199
PER,Peru,Latin America & Caribbean,-12.0931,-77.0465,1998,72.072063,25738095,7188118.956600151
PER,Peru,Latin America & Caribbean,-12.0931,-77.0465,1999,74.078523,26186504,6787928.611464079
PER,Peru,Latin America & Caribbean,-12.0931,-77.0465,2000,72.5,26598331,7314541.025
PER,Peru,Latin America & Caribbean,-12.0931,-77.0465,2001,72.1,26964601,7523123.6790000005
PER,Peru,Latin America & Caribbean,-12.0931,-77.0465,2002,74.4,27288217,6985783.551999997
PER,Peru,Latin America & Caribbean,-12.0931,-77.0465,2003,74.4,27580490,7060605.439999997
PER,Peru,Latin America & Caribbean,-12.0931,-77.0465,2004,75.7,27852190,6768082.17
PER,Peru,Latin America & Caribbean,-12.0931,-77.0465,2005,77.2,28101180,6407069.039999999
PER,Peru,Latin America & Caribbean,-12.0931,-77.0465,2006,80.2,28324491,5608249.2179999985
PER,Peru,Latin America & Caribbean,-12.0931,-77.0465,2007,82.0,28530699,5135525.820000001
PER,Peru,Latin America & Caribbean,-12.0931,-77.0465,2008,84.7,28719041,4394013.273000001
PER,Peru,Latin America & Caribbean,-12.0931,-77.0465,2009,86.4,28896811,3929966.2959999973
PER,Peru,Latin America & Caribbean,-12.0931,-77.0465,2010,88.1,29086019,3461236.261000003
PER,Peru,Latin America & Caribbean,-12.0931,-77.0465,2011,89.7,29304086,3018320.8579999995
PER,Peru,Latin America & Caribbean,-12.0931,-77.0465,2012,91.1,29550366,2629982.5740000024
PER,Peru,Latin America & Caribbean,-12.0931,-77.0465,2013,92.1,29817919,2355615.601000002
PER,Peru,Latin America & Caribbean,-12.0931,-77.0465,2014,92.9,30115826,2138223.645999999
PER,Peru,Latin America & Caribbean,-12.0931,-77.0465,2015,93.9,30457600,1857913.5999999982
PER,Peru,Latin America & Caribbean,-12.0931,-77.0465,2016,94.2,30866494,1790256.6519999981
PER,Peru,Latin America & Caribbean,-12.0931,-77.0465,2017,94.8,31324637,1628881.1240000015
PER,Peru,Latin America & Caribbean,-12.0931,-77.0465,2018,95.2,31897584,1531084.0319999978
PER,Peru,Latin America & Caribbean,-12.0931,-77.0465,2019,95.6,32449303,1427769.3320000013
PER,Peru,Latin America & Caribbean,-12.0931,-77.0465,2020,96.2,32838579,1247866.0019999975
PER,Peru,Latin America & Caribbean,-12.0931,-77.0465,2021,95.6,33155882,1458858.8080000014
PER,Peru,Latin America & Caribbean,-12.0931,-77.0465,2022,96.2,33475438,1272066.6439999975
PER,Peru,Latin America & Caribbean,-12.0931,-77.0465,2023,96.2,33845617,1286133.4459999974
PER,Peru,Latin America & Caribbean,-12.0931,-77.0465,2024,96.5,34217848,1197624.680000001
PHL,Philippines,East Asia & Pacific,14.5515,121.035,1993,65.4,67530621,23365594.865999997
PHL,Philippines,East Asia & Pacific,14.5515,121.035,1994,68.0185546875,69019291,22073366.806240235
PHL,Philippines,East Asia & Pacific,14.5515,121.035,1995,69.1331176757813,70546246,21775426.736973837
PHL,Philippines,East Asia & Pacific,14.5515,121.035,1996,70.2449569702148,72190242,21480237.570406068
PHL,Philippines,East Asia & Pacific,14.5515,121.035,1997,71.3533935546875,73908810,21172365.929113764
PHL,Philippines,East Asia & Pacific,14.5515,121.035,1998,71.3,75791024,21752023.888000004
PHL,Philippines,East Asia & Pacific,14.5515,121.035,1999,71.8741709275167,77753257,21868748.162108656
PHL,Philippines,East Asia & Pacific,14.5515,121.035,2000,74.7,79625397,20145225.441
PHL,Philippines,East Asia & Pacific,14.5515,121.035,2001,75.7,81401488,19780561.584
PHL,Philippines,East Asia & Pacific,14.5515,121.035,2002,76.7,83068889,19355051.137
PHL,Philippines,East Asia & Pacific,14.5515,121.035,2003,76.6,84731835,19827249.390000008
PHL,Philippines,East Asia & Pacific,14.5515,121.035,2004,87.6,86394504,10712918.496000009
PHL,Philippines,East Asia & Pacific,14.5515,121.035,2005,79.8,88015962,17779224.324000005
PHL,Philippines,East Asia & Pacific,14.5515,121.035,2006,80.2,89508986,17722779.227999996
PHL,Philippines,East Asia & Pacific,14.5515,121.035,2007,82.0,91075184,16393533.120000005
PHL,Philippines,East Asia & Pacific,14.5515,121.035,2008,83.3,92699095,15480748.865000004
PHL,Philippines,East Asia & Pacific,14.5515,121.035,2009,84.3,94384250,14818327.250000002
PHL,Philippines,East Asia & Pacific,14.5515,121.035,2010,85.5,96337125,13968883.125000002
PHL,Philippines,East Asia & Pacific,14.5515,121.035,2011,87.2,98248614,12575822.592
PHL,Philippines,East Asia & Pacific,14.5515,121.035,2012,87.1,100175512,12922641.048
PHL,Philippines,East Asia & Pacific,14.5515,121.035,2013,87.5,102076336,12759542.0
PHL,Philippines,East Asia & Pacific,14.5515,121.035,2014,89.8,103767130,10584247.259999998
PHL,Philippines,East Asia & Pacific,14.5515,121.035,2015,89.1,105312992,11479116.12800001
PHL,Philippines,East Asia & Pacific,14.5515,121.035,2016,92.0,106735719,8538857.519999996
PHL,Philippines,East Asia & Pacific,14.5515,121.035,2017,93.0,108119693,7568378.509999995
PHL,Philippines,East Asia & Pacific,14.5515,121.035,2018,94.2,109465287,6348986.645999993
PHL,Philippines,East Asia & Pacific,14.5515,121.035,2019,95.3,110804683,5207820.101000004
PHL,Philippines,East Asia & Pacific,14.5515,121.035,2020,96.4,112081264,4034925.5039999913
PHL,Philippines,East Asia & Pacific,14.5515,121.035,2021,97.5,113100950,2827523.7500000023
PHL,Philippines,East Asia & Pacific,14.5515,121.035,2022,94.8,113964338,5926145.576000005
PHL,Philippines,East Asia & Pacific,14.5515,121.035,2023,98.0,114891199,2297823.980000002
PHL,Philippines,East Asia & Pacific,14.5515,121.035,2024,94.8,115843670,6023870.840000005
POL,Poland,Europe & Central Asia,52.26,21.02,1990,100.0,38110782,0.0
POL,Poland,Europe & Central Asia,52.26,21.02,1991,100.0,38246193,0.0
POL,Poland,Europe & Central Asia,52.26,21.02,1992,100.0,38363667,0.0
POL,Poland,Europe & Central Asia,52.26,21.02,1993,100.0,38461408,0.0
POL,Poland,Europe & Central Asia,52.26,21.02,1994,100.0,38542652,0.0
POL,Poland,Europe & Central Asia,52.26,21.02,1995,100.0,38594998,0.0
POL,Poland,Europe & Central Asia,52.26,21.02,1996,100.0,38624370,0.0
POL,Poland,Europe & Central Asia,52.26,21.02,1997,100.0,38649660,0.0
POL,Poland,Europe & Central Asia,52.26,21.02,1998,100.0,38663481,0.0
POL,Poland,Europe & Central Asia,52.26,21.02,1999,100.0,38660271,0.0
POL,Poland,Europe & Central Asia,52.26,21.02,2000,100.0,38258629,0.0
POL,Poland,Europe & Central Asia,52.26,21.02,2001,100.0,38248076,0.0
POL,Poland,Europe & Central Asia,52.26,21.02,2002,100.0,38230364,0.0
POL,Poland,Europe & Central Asia,52.26,21.02,2003,99.9,38204570,38204.569999995794
POL,Poland,Europe & Central Asia,52.26,21.02,2004,99.9,38182222,38182.221999995796
POL,Poland,Europe & Central Asia,52.26,21.02,2005,99.8,38165445,76330.89000000007
POL,Poland,Europe & Central Asia,52.26,21.02,2006,99.8,38141267,76282.53400000007
POL,Poland,Europe & Central Asia,52.26,21.02,2007,99.8,38120560,76241.12000000007
POL,Poland,Europe & Central Asia,52.26,21.02,2008,99.8,38125759,76251.51800000007
POL,Poland,Europe & Central Asia,52.26,21.02,2009,100.0,38151603,0.0
POL,Poland,Europe & Central Asia,52.26,21.02,2010,100.0,38042794,0.0
POL,Poland,Europe & Central Asia,52.26,21.02,2011,100.0,38063255,0.0
POL,Poland,Europe & Central Asia,52.26,21.02,2012,100.0,38063164,0.0
POL,Poland,Europe & Central Asia,52.26,21.02,2013,100.0,38040196,0.0
POL,Poland,Europe & Central Asia,52.26,21.02,2014,100.0,38011735,0.0
POL,Poland,Europe & Central Asia,52.26,21.02,2015,100.0,37986412,0.0
POL,Poland,Europe & Central Asia,52.26,21.02,2016,100.0,37970087,0.0
POL,Poland,Europe & Central Asia,52.26,21.02,2017,100.0,37974826,0.0
POL,Poland,Europe & Central Asia,52.26,21.02,2018,100.0,37974750,0.0
POL,Poland,Europe & Central Asia,52.26,21.02,2019,100.0,37965475,0.0
POL,Poland,Europe & Central Asia,52.26,21.02,2020,100.0,37515748,0.0
POL,Poland,Europe & Central Asia,52.26,21.02,2021,100.0,36981559,0.0
POL,Poland,Europe & Central Asia,52.26,21.02,2022,100.0,36821749,0.0
POL,Poland,Europe & Central Asia,52.26,21.02,2023,100.0,36687353,0.0
POL,Poland,Europe & Central Asia,52.26,21.02,2024,100.0,36559233,0.0
PRT,Portugal,Europe & Central Asia,38.7072,-9.13552,1990,100.0,9983218,0.0
PRT,Portugal,Europe & Central Asia,38.7072,-9.13552,1991,100.0,9960235,0.0
PRT,Portugal,Europe & Central Asia,38.7072,-9.13552,1992,100.0,9952494,0.0
PRT,Portugal,Europe & Central Asia,38.7072,-9.13552,1993,100.0,9964675,0.0
PRT,Portugal,Europe & Central Asia,38.7072,-9.13552,1994,100.0,9991525,0.0
PRT,Portugal,Europe & Central Asia,38.7072,-9.13552,1995,100.0,10026176,0.0
PRT,Portugal,Europe & Central Asia,38.7072,-9.13552,1996,100.0,10063945,0.0
PRT,Portugal,Europe & Central Asia,38.7072,-9.13552,1997,100.0,10108977,0.0
PRT,Portugal,Europe & Central Asia,38.7072,-9.13552,1998,100.0,10160196,0.0
PRT,Portugal,Europe & Central Asia,38.7072,-9.13552,1999,100.0,10217828,0.0
PRT,Portugal,Europe & Central Asia,38.7072,-9.13552,2000,100.0,10289898,0.0
PRT,Portugal,Europe & Central Asia,38.7072,-9.13552,2001,100.0,10362722,0.0
PRT,Portugal,Europe & Central Asia,38.7072,-9.13552,2002,100.0,10419631,0.0
PRT,Portugal,Europe & Central Asia,38.7072,-9.13552,2003,100.0,10458821,0.0
PRT,Portugal,Europe & Central Asia,38.7072,-9.13552,2004,100.0,10483861,0.0
PRT,Portugal,Europe & Central Asia,38.7072,-9.13552,2005,100.0,10503330,0.0
PRT,Portugal,Europe & Central Asia,38.7072,-9.13552,2006,100.0,10522288,0.0
PRT,Portugal,Europe & Central Asia,38.7072,-9.13552,2007,100.0,10542964,0.0
PRT,Portugal,Europe & Central Asia,38.7072,-9.13552,2008,100.0,10558177,0.0
PRT,Portugal,Europe & Central Asia,38.7072,-9.13552,2009,100.0,10568247,0.0
PRT,Portugal,Europe & Central Asia,38.7072,-9.13552,2010,100.0,10573100,0.0
PRT,Portugal,Europe & Central Asia,38.7072,-9.13552,2011,100.0,10557560,0.0
PRT,Portugal,Europe & Central Asia,38.7072,-9.13552,2012,100.0,10514844,0.0
PRT,Portugal,Europe & Central Asia,38.7072,-9.13552,2013,100.0,10457295,0.0
PRT,Portugal,Europe & Central Asia,38.7072,-9.13552,2014,100.0,10401062,0.0
PRT,Portugal,Europe & Central Asia,38.7072,-9.13552,2015,100.0,10358076,0.0
PRT,Portugal,Europe & Central Asia,38.7072,-9.13552,2016,100.0,10325452,0.0
PRT,Portugal,Europe & Central Asia,38.7072,-9.13552,2017,100.0,10300300,0.0
PRT,Portugal,Europe & Central Asia,38.7072,-9.13552,2018,100.0,10283822,0.0
PRT,Portugal,Europe & Central Asia,38.7072,-9.13552,2019,100.0,10286263,0.0
PRT,Portugal,Europe & Central Asia,38.7072,-9.13552,2020,100.0,10297081,0.0
PRT,Portugal,Europe & Central Asia,38.7072,-9.13552,2021,100.0,10361831,0.0
PRT,Portugal,Europe & Central Asia,38.7072,-9.13552,2022,100.0,10434332,0.0
PRT,Portugal,Europe & Central Asia,38.7072,-9.13552,2023,100.0,10578174,0.0
PRT,Portugal,Europe & Central Asia,38.7072,-9.13552,2024,100.0,10694681,0.0
PRI,Puerto Rico (US),Latin America & Caribbean,18.23,-66.0,1990,99.9834289550781,3537000,586.1178588875356
PRI,Puerto Rico (US),Latin America & Caribbean,18.23,-66.0,1991,99.9930953979492,3562110,245.94952011155854
PRI,Puerto Rico (US),Latin America & Caribbean,18.23,-66.0,1992,99.9986190795898,3585176,49.50842712555189
PRI,Puerto Rico (US),Latin America & Caribbean,18.23,-66.0,1993,100.0,3615497,0.0
PRI,Puerto Rico (US),Latin America & Caribbean,18.23,-66.0,1994,100.0,3649237,0.0
PRI,Puerto Rico (US),Latin America & Caribbean,18.23,-66.0,1995,100.0,3683103,0.0
PRI,Puerto Rico (US),Latin America & Caribbean,18.23,-66.0,1996,100.0,3724655,0.0
PRI,Puerto Rico (US),Latin America & Caribbean,18.23,-66.0,1997,100.0,3759430,0.0
PRI,Puerto Rico (US),Latin America & Caribbean,18.23,-66.0,1998,100.0,3781101,0.0
PRI,Puerto Rico (US),Latin America & Caribbean,18.23,-66.0,1999,100.0,3800081,0.0
PRI,Puerto Rico (US),Latin America & Caribbean,18.23,-66.0,2000,100.0,3810605,0.0
PRI,Puerto Rico (US),Latin America & Caribbean,18.23,-66.0,2001,100.0,3818774,0.0
PRI,Puerto Rico (US),Latin America & Caribbean,18.23,-66.0,2002,100.0,3823701,0.0
PRI,Puerto Rico (US),Latin America & Caribbean,18.23,-66.0,2003,100.0,3826095,0.0
PRI,Puerto Rico (US),Latin America & Caribbean,18.23,-66.0,2004,100.0,3826878,0.0
PRI,Puerto Rico (US),Latin America & Caribbean,18.23,-66.0,2005,100.0,3821362,0.0
PRI,Puerto Rico (US),Latin America & Caribbean,18.23,-66.0,2006,100.0,3805214,0.0
PRI,Puerto Rico (US),Latin America & Caribbean,18.23,-66.0,2007,100.0,3782995,0.0
PRI,Puerto Rico (US),Latin America & Caribbean,18.23,-66.0,2008,100.0,3760866,0.0
PRI,Puerto Rico (US),Latin America & Caribbean,18.23,-66.0,2009,100.0,3740410,0.0
PRI,Puerto Rico (US),Latin America & Caribbean,18.23,-66.0,2010,100.0,3724465,0.0
PRI,Puerto Rico (US),Latin America & Caribbean,18.23,-66.0,2011,100.0,3693464,0.0
PRI,Puerto Rico (US),Latin America & Caribbean,18.23,-66.0,2012,100.0,3661045,0.0
PRI,Puerto Rico (US),Latin America & Caribbean,18.23,-66.0,2013,100.0,3631427,0.0
PRI,Puerto Rico (US),Latin America & Caribbean,18.23,-66.0,2014,100.0,3585017,0.0
PRI,Puerto Rico (US),Latin America & Caribbean,18.23,-66.0,2015,100.0,3535167,0.0
PRI,Puerto Rico (US),Latin America & Caribbean,18.23,-66.0,2016,100.0,3480432,0.0
PRI,Puerto Rico (US),Latin America & Caribbean,18.23,-66.0,2017,100.0,3410837,0.0
PRI,Puerto Rico (US),Latin America & Caribbean,18.23,-66.0,2018,100.0,3290690,0.0
PRI,Puerto Rico (US),Latin America & Caribbean,18.23,-66.0,2019,100.0,3302691,0.0
PRI,Puerto Rico (US),Latin America & Caribbean,18.23,-66.0,2020,100.0,3281591,0.0
PRI,Puerto Rico (US),Latin America & Caribbean,18.23,-66.0,2021,100.0,3262731,0.0
PRI,Puerto Rico (US),Latin America & Caribbean,18.23,-66.0,2022,100.0,3220148,0.0
PRI,Puerto Rico (US),Latin America & Caribbean,18.23,-66.0,2023,100.0,3203794,0.0
PRI,Puerto Rico (US),Latin America & Caribbean,18.23,-66.0,2024,100.0,3202521,0.0
QAT,Qatar,"Middle East, North Africa, Afghanistan & Pakistan",25.2948,51.5082,1990,100.0,440175,0.0
QAT,Qatar,"Middle East, North Africa, Afghanistan & Pakistan",25.2948,51.5082,1991,100.0,454853,0.0
QAT,Qatar,"Middle East, North Africa, Afghanistan & Pakistan",25.2948,51.5082,1992,100.0,469657,0.0
QAT,Qatar,"Middle East, North Africa, Afghanistan & Pakistan",25.2948,51.5082,1993,100.0,484545,0.0
QAT,Qatar,"Middle East, North Africa, Afghanistan & Pakistan",25.2948,51.5082,1994,100.0,499459,0.0
QAT,Qatar,"Middle East, North Africa, Afghanistan & Pakistan",25.2948,51.5082,1995,100.0,514325,0.0
QAT,Qatar,"Middle East, North Africa, Afghanistan & Pakistan",25.2948,51.5082,1996,100.0,529019,0.0
QAT,Qatar,"Middle East, North Africa, Afghanistan & Pakistan",25.2948,51.5082,1997,100.0,550500,0.0
QAT,Qatar,"Middle East, North Africa, Afghanistan & Pakistan",25.2948,51.5082,1998,100.0,580540,0.0
QAT,Qatar,"Middle East, North Africa, Afghanistan & Pakistan",25.2948,51.5082,1999,100.0,612500,0.0
QAT,Qatar,"Middle East, North Africa, Afghanistan & Pakistan",25.2948,51.5082,2000,100.0,644989,0.0
QAT,Qatar,"Middle East, North Africa, Afghanistan & Pakistan",25.2948,51.5082,2001,100.0,677925,0.0
QAT,Qatar,"Middle East, North Africa, Afghanistan & Pakistan",25.2948,51.5082,2002,100.0,711205,0.0
QAT,Qatar,"Middle East, North Africa, Afghanistan & Pakistan",25.2948,51.5082,2003,100.0,744682,0.0
QAT,Qatar,"Middle East, North Africa, Afghanistan & Pakistan",25.2948,51.5082,2004,100.0,773332,0.0
QAT,Qatar,"Middle East, North Africa, Afghanistan & Pakistan",25.2948,51.5082,2005,100.0,825408,0.0
QAT,Qatar,"Middle East, North Africa, Afghanistan & Pakistan",25.2948,51.5082,2006,100.0,972831,0.0
QAT,Qatar,"Middle East, North Africa, Afghanistan & Pakistan",25.2948,51.5082,2007,100.0,1208595,0.0
QAT,Qatar,"Middle East, North Africa, Afghanistan & Pakistan",25.2948,51.5082,2008,100.0,1426938,0.0
QAT,Qatar,"Middle East, North Africa, Afghanistan & Pakistan",25.2948,51.5082,2009,100.0,1608903,0.0
QAT,Qatar,"Middle East, North Africa, Afghanistan & Pakistan",25.2948,51.5082,2010,100.0,1616832,0.0
QAT,Qatar,"Middle East, North Africa, Afghanistan & Pakistan",25.2948,51.5082,2011,100.0,1624761,0.0
QAT,Qatar,"Middle East, North Africa, Afghanistan & Pakistan",25.2948,51.5082,2012,100.0,1722438,0.0
QAT,Qatar,"Middle East, North Africa, Afghanistan & Pakistan",25.2948,51.5082,2013,100.0,1916426,0.0
QAT,Qatar,"Middle East, North Africa, Afghanistan & Pakistan",25.2948,51.5082,2014,100.0,2151745,0.0
QAT,Qatar,"Middle East, North Africa, Afghanistan & Pakistan",25.2948,51.5082,2015,100.0,2344557,0.0
QAT,Qatar,"Middle East, North Africa, Afghanistan & Pakistan",25.2948,51.5082,2016,100.0,2477113,0.0
QAT,Qatar,"Middle East, North Africa, Afghanistan & Pakistan",25.2948,51.5082,2017,100.0,2545820,0.0
QAT,Qatar,"Middle East, North Africa, Afghanistan & Pakistan",25.2948,51.5082,2018,100.0,2580734,0.0
QAT,Qatar,"Middle East, North Africa, Afghanistan & Pakistan",25.2948,51.5082,2019,100.0,2638657,0.0
QAT,Qatar,"Middle East, North Africa, Afghanistan & Pakistan",25.2948,51.5082,2020,100.0,2794148,0.0
QAT,Qatar,"Middle East, North Africa, Afghanistan & Pakistan",25.2948,51.5082,2021,100.0,2504910,0.0
QAT,Qatar,"Middle East, North Africa, Afghanistan & Pakistan",25.2948,51.5082,2022,100.0,2657333,0.0
QAT,Qatar,"Middle East, North Africa, Afghanistan & Pakistan",25.2948,51.5082,2023,100.0,2656032,0.0
QAT,Qatar,"Middle East, North Africa, Afghanistan & Pakistan",25.2948,51.5082,2024,100.0,2857822,0.0
ROU,Romania,Europe & Central Asia,44.4479,26.0979,1990,100.0,23201835,0.0
ROU,Romania,Europe & Central Asia,44.4479,26.0979,1991,100.0,23001155,0.0
ROU,Romania,Europe & Central Asia,44.4479,26.0979,1992,100.0,22794284,0.0
ROU,Romania,Europe & Central Asia,44.4479,26.0979,1993,100.0,22763280,0.0
ROU,Romania,Europe & Central Asia,44.4479,26.0979,1994,100.0,22730211,0.0
ROU,Romania,Europe & Central Asia,44.4479,26.0979,1995,100.0,22684270,0.0
ROU,Romania,Europe & Central Asia,44.4479,26.0979,1996,100.0,22619004,0.0
ROU,Romania,Europe & Central Asia,44.4479,26.0979,1997,100.0,22553978,0.0
ROU,Romania,Europe & Central Asia,44.4479,26.0979,1998,100.0,22507344,0.0
ROU,Romania,Europe & Central Asia,44.4479,26.0979,1999,100.0,22472040,0.0
ROU,Romania,Europe & Central Asia,44.4479,26.0979,2000,94.4,22442971,1256806.3759999985
ROU,Romania,Europe & Central Asia,44.4479,26.0979,2001,94.6,22131970,1195126.380000001
ROU,Romania,Europe & Central Asia,44.4479,26.0979,2002,94.9,21730496,1108255.2959999985
ROU,Romania,Europe & Central Asia,44.4479,26.0979,2003,95.1,21574326,1057141.9740000009
ROU,Romania,Europe & Central Asia,44.4479,26.0979,2004,95.3,21451748,1008232.1560000009
ROU,Romania,Europe & Central Asia,44.4479,26.0979,2005,95.6,21319685,938066.1400000008
ROU,Romania,Europe & Central Asia,44.4479,26.0979,2006,95.9,21193760,868944.1599999984
ROU,Romania,Europe & Central Asia,44.4479,26.0979,2007,96.1,20882982,814436.2980000008
ROU,Romania,Europe & Central Asia,44.4479,26.0979,2008,96.5,20537875,718825.6250000006
ROU,Romania,Europe & Central Asia,44.4479,26.0979,2009,96.8,20367487,651759.5840000006
ROU,Romania,Europe & Central Asia,44.4479,26.0979,2010,97.1,20246871,587159.2590000005
ROU,Romania,Europe & Central Asia,44.4479,26.0979,2011,97.4,20147528,523835.72799999826
ROU,Romania,Europe & Central Asia,44.4479,26.0979,2012,97.8,20058035,441276.77000000037
ROU,Romania,Europe & Central Asia,44.4479,26.0979,2013,98.1,19983693,379690.16700000037
ROU,Romania,Europe & Central Asia,44.4479,26.0979,2014,98.4,19908979,318543.66399999807
ROU,Romania,Europe & Central Asia,44.4479,26.0979,2015,98.8,19815616,237787.39200000023
ROU,Romania,Europe & Central Asia,44.4479,26.0979,2016,99.1,19702267,177320.40300000017
ROU,Romania,Europe & Central Asia,44.4479,26.0979,2017,100.0,19588715,0.0
ROU,Romania,Europe & Central Asia,44.4479,26.0979,2018,99.8,19473970,38947.94000000003
ROU,Romania,Europe & Central Asia,44.4479,26.0979,2019,100.0,19371648,0.0
ROU,Romania,Europe & Central Asia,44.4479,26.0979,2020,100.0,19265250,0.0
ROU,Romania,Europe & Central Asia,44.4479,26.0979,2021,100.0,19122059,0.0
ROU,Romania,Europe & Central Asia,44.4479,26.0979,2022,100.0,19048502,0.0
ROU,Romania,Europe & Central Asia,44.4479,26.0979,2023,100.0,19061062,0.0
ROU,Romania,Europe & Central Asia,44.4479,26.0979,2024,100.0,19051804,0.0
RUS,Russian Federation,Europe & Central Asia,55.7558,37.6176,1990,100.0,147969406,0.0
RUS,Russian Federation,Europe & Central Asia,55.7558,37.6176,1991,100.0,148394216,0.0
RUS,Russian Federation,Europe & Central Asia,55.7558,37.6176,1992,100.0,148538197,0.0
RUS,Russian Federation,Europe & Central Asia,55.7558,37.6176,1993,100.0,148458777,0.0
RUS,Russian Federation,Europe & Central Asia,55.7558,37.6176,1994,100.0,148407912,0.0
RUS,Russian Federation,Europe & Central Asia,55.7558,37.6176,1995,100.0,148375787,0.0
RUS,Russian Federation,Europe & Central Asia,55.7558,37.6176,1996,100.0,148160129,0.0
RUS,Russian Federation,Europe & Central Asia,55.7558,37.6176,1997,100.0,147915361,0.0
RUS,Russian Federation,Europe & Central Asia,55.7558,37.6176,1998,100.0,147670784,0.0
RUS,Russian Federation,Europe & Central Asia,55.7558,37.6176,1999,100.0,147214776,0.0
RUS,Russian Federation,Europe & Central Asia,55.7558,37.6176,2000,97.8,146596869,3225131.118000003
RUS,Russian Federation,Europe & Central Asia,55.7558,37.6176,2001,97.9,145976482,3065506.1219999865
RUS,Russian Federation,Europe & Central Asia,55.7558,37.6176,2002,97.9,145306497,3051436.4369999864
RUS,Russian Federation,Europe & Central Asia,55.7558,37.6176,2003,97.9,144648618,3037620.9779999866
RUS,Russian Federation,Europe & Central Asia,55.7558,37.6176,2004,98.0,144067316,2881346.3200000026
RUS,Russian Federation,Europe & Central Asia,55.7558,37.6176,2005,98.0,143518814,2870376.2800000026
RUS,Russian Federation,Europe & Central Asia,55.7558,37.6176,2006,98.1,143049637,2717943.1030000024
RUS,Russian Federation,Europe & Central Asia,55.7558,37.6176,2007,98.2,142805114,2570492.0520000025
RUS,Russian Federation,Europe & Central Asia,55.7558,37.6176,2008,98.3,142742366,2426620.222000002
RUS,Russian Federation,Europe & Central Asia,55.7558,37.6176,2009,98.4,142785348,2284565.567999986
RUS,Russian Federation,Europe & Central Asia,55.7558,37.6176,2010,99.3,142849468,999946.2760000009
RUS,Russian Federation,Europe & Central Asia,55.7558,37.6176,2011,99.2,143018195,1144145.560000001
RUS,Russian Federation,Europe & Central Asia,55.7558,37.6176,2012,100.0,143378447,0.0
RUS,Russian Federation,Europe & Central Asia,55.7558,37.6176,2013,100.0,143805638,0.0
RUS,Russian Federation,Europe & Central Asia,55.7558,37.6176,2014,100.0,144237223,0.0
RUS,Russian Federation,Europe & Central Asia,55.7558,37.6176,2015,95.5,144640716,6508832.220000005
RUS,Russian Federation,Europe & Central Asia,55.7558,37.6176,2016,99.4,145015460,870092.7599999846
RUS,Russian Federation,Europe & Central Asia,55.7558,37.6176,2017,100.0,145293260,0.0
RUS,Russian Federation,Europe & Central Asia,55.7558,37.6176,2018,100.0,145398106,0.0
RUS,Russian Federation,Europe & Central Asia,55.7558,37.6176,2019,99.8,145453291,290906.5820000003
RUS,Russian Federation,Europe & Central Asia,55.7558,37.6176,2020,99.9,145245148,145245.147999984
RUS,Russian Federation,Europe & Central Asia,55.7558,37.6176,2021,100.0,144746762,0.0
RUS,Russian Federation,Europe & Central Asia,55.7558,37.6176,2022,100.0,144236933,0.0
RUS,Russian Federation,Europe & Central Asia,55.7558,37.6176,2023,100.0,143826130,0.0
RUS,Russian Federation,Europe & Central Asia,55.7558,37.6176,2024,100.0,143669648,0.0
RWA,Rwanda,Sub-Saharan Africa,-1.95325,30.0587,1992,2.3,7683266,7506550.882
RWA,Rwanda,Sub-Saharan Africa,-1.95325,30.0587,1997,1.02783596515656,7755238,7675526.874652511
RWA,Rwanda,Sub-Saharan Africa,-1.95325,30.0587,1998,2.17412757873535,8081681,7905974.944553585
RWA,Rwanda,Sub-Saharan Africa,-1.95325,30.0587,1999,3.31557703018188,8147912,7877761.701288567
RWA,Rwanda,Sub-Saharan Africa,-1.95325,30.0587,2000,6.2,8213931,7704667.278
RWA,Rwanda,Sub-Saharan Africa,-1.95325,30.0587,2001,4.7,8287094,7897600.5819999995
RWA,Rwanda,Sub-Saharan Africa,-1.95325,30.0587,2002,6.0,8400180,7896169.199999999
RWA,Rwanda,Sub-Saharan Africa,-1.95325,30.0587,2003,7.4,8586875,7951446.249999999
RWA,Rwanda,Sub-Saharan Africa,-1.95325,30.0587,2004,8.7,8816844,8049778.572000001
RWA,Rwanda,Sub-Saharan Africa,-1.95325,30.0587,2005,4.8,9054528,8619910.656
RWA,Rwanda,Sub-Saharan Africa,-1.95325,30.0587,2006,11.4,9299246,8239131.956
RWA,Rwanda,Sub-Saharan Africa,-1.95325,30.0587,2007,12.8,9549933,8327541.576
RWA,Rwanda,Sub-Saharan Africa,-1.95325,30.0587,2008,6.0,9804269,9216012.86
RWA,Rwanda,Sub-Saharan Africa,-1.95325,30.0587,2009,15.6,10060432,8491004.608
RWA,Rwanda,Sub-Saharan Africa,-1.95325,30.0587,2010,9.7,10317553,9316750.359000001
RWA,Rwanda,Sub-Saharan Africa,-1.95325,30.0587,2011,10.8,10573733,9431769.836000001
RWA,Rwanda,Sub-Saharan Africa,-1.95325,30.0587,2012,17.5,10829901,8934668.325
RWA,Rwanda,Sub-Saharan Africa,-1.95325,30.0587,2013,15.2,11093340,9407152.32
RWA,Rwanda,Sub-Saharan Africa,-1.95325,30.0587,2014,19.8,11364757,9114535.114
RWA,Rwanda,Sub-Saharan Africa,-1.95325,30.0587,2015,22.8,11640022,8986096.984000001
RWA,Rwanda,Sub-Saharan Africa,-1.95325,30.0587,2016,29.4,11919183,8414943.197999999
RWA,Rwanda,Sub-Saharan Africa,-1.95325,30.0587,2017,34.1,12202060,8041157.54
RWA,Rwanda,Sub-Saharan Africa,-1.95325,30.0587,2018,38.0,12487996,7742557.52
RWA,Rwanda,Sub-Saharan Africa,-1.95325,30.0587,2019,46.6,12776103,6822439.002
RWA,Rwanda,Sub-Saharan Africa,-1.95325,30.0587,2020,45.2,13065837,7160078.676000001
RWA,Rwanda,Sub-Saharan Africa,-1.95325,30.0587,2021,48.7,13355260,6851248.379999999
RWA,Rwanda,Sub-Saharan Africa,-1.95325,30.0587,2022,50.6,13651030,6743608.82
RWA,Rwanda,Sub-Saharan Africa,-1.95325,30.0587,2023,63.9,13954471,5037564.0309999995
RWA,Rwanda,Sub-Saharan Africa,-1.95325,30.0587,2024,72.0,14256567,3991838.7600000002
WSM,Samoa,East Asia & Pacific,-13.8314,-171.752,1991,78.8,169368,35906.01600000001
WSM,Samoa,East Asia & Pacific,-13.8314,-171.752,1992,81.6401672363281,170331,31272.486744689988
WSM,Samoa,East Asia & Pacific,-13.8314,-171.752,1993,82.4245910644531,171774,30189.98294494633
WSM,Samoa,East Asia & Pacific,-13.8314,-171.752,1994,80.0,173159,34631.799999999996
WSM,Samoa,East Asia & Pacific,-13.8314,-171.752,1995,83.9886932373047,174571,27951.09832870481
WSM,Samoa,East Asia & Pacific,-13.8314,-171.752,1996,84.7669982910156,176071,26820.898439025932
WSM,Samoa,East Asia & Pacific,-13.8314,-171.752,1997,85.5419082641602,177547,25669.9081342315
WSM,Samoa,East Asia & Pacific,-13.8314,-171.752,1998,86.312744140625,178905,24487.18509521485
WSM,Samoa,East Asia & Pacific,-13.8314,-171.752,1999,87.078727722168,180275,23293.82359886165
WSM,Samoa,East Asia & Pacific,-13.8314,-171.752,2000,88.0,181685,21802.2
WSM,Samoa,East Asia & Pacific,-13.8314,-171.752,2001,88.7,183166,20697.757999999998
WSM,Samoa,East Asia & Pacific,-13.8314,-171.752,2002,89.3,184471,19738.396999999997
WSM,Samoa,East Asia & Pacific,-13.8314,-171.752,2003,89.9,185430,18728.429999999997
WSM,Samoa,East Asia & Pacific,-13.8314,-171.752,2004,90.5,186249,17693.654999999995
WSM,Samoa,East Asia & Pacific,-13.8314,-171.752,2005,91.1,186978,16641.042000000016
WSM,Samoa,East Asia & Pacific,-13.8314,-171.752,2006,96.4,187709,6757.523999999985
WSM,Samoa,East Asia & Pacific,-13.8314,-171.752,2007,92.5,188753,14156.474999999991
WSM,Samoa,East Asia & Pacific,-13.8314,-171.752,2008,98.1,190107,3612.033000000003
WSM,Samoa,East Asia & Pacific,-13.8314,-171.752,2009,97.9,191513,4021.7729999999824
WSM,Samoa,East Asia & Pacific,-13.8314,-171.752,2010,96.4,193023,6948.827999999985
WSM,Samoa,East Asia & Pacific,-13.8314,-171.752,2011,96.7,194713,6425.528999999984
WSM,Samoa,East Asia & Pacific,-13.8314,-171.752,2012,96.8,196498,6287.936000000005
WSM,Samoa,East Asia & Pacific,-13.8314,-171.752,2013,97.0,198268,5948.040000000005
WSM,Samoa,East Asia & Pacific,-13.8314,-171.752,2014,97.9,200037,4200.776999999982
WSM,Samoa,East Asia & Pacific,-13.8314,-171.752,2015,98.2,201782,3632.076000000003
WSM,Samoa,East Asia & Pacific,-13.8314,-171.752,2016,98.9,203499,2238.4889999999796
WSM,Samoa,East Asia & Pacific,-13.8314,-171.752,2017,96.8,205415,6573.280000000006
WSM,Samoa,East Asia & Pacific,-13.8314,-171.752,2018,99.8,207582,415.1640000000004
WSM,Samoa,East Asia & Pacific,-13.8314,-171.752,2019,99.2,209780,1678.2400000000016
WSM,Samoa,East Asia & Pacific,-13.8314,-171.752,2020,100.0,211944,0.0
WSM,Samoa,East Asia & Pacific,-13.8314,-171.752,2021,98.3,213779,3634.243000000003
WSM,Samoa,East Asia & Pacific,-13.8314,-171.752,2022,98.3,215261,3659.437000000003
WSM,Samoa,East Asia & Pacific,-13.8314,-171.752,2023,100.0,216663,0.0
WSM,Samoa,East Asia & Pacific,-13.8314,-171.752,2024,100.0,218019,0.0
SMR,San Marino,Europe & Central Asia,43.9322,12.4486,1990,100.0,23475,0.0
SMR,San Marino,Europe & Central Asia,43.9322,12.4486,1991,100.0,23797,0.0
SMR,San Marino,Europe & Central Asia,43.9322,12.4486,1992,100.0,24125,0.0
SMR,San Marino,Europe & Central Asia,43.9322,12.4486,1993,100.0,24472,0.0
SMR,San Marino,Europe & Central Asia,43.9322,12.4486,1994,100.0,24823,0.0
SMR,San Marino,Europe & Central Asia,43.9322,12.4486,1995,100.0,25158,0.0
SMR,San Marino,Europe & Central Asia,43.9322,12.4486,1996,100.0,25482,0.0
SMR,San Marino,Europe & Central Asia,43.9322,12.4486,1997,100.0,25800,0.0
SMR,San Marino,Europe & Central Asia,43.9322,12.4486,1998,100.0,26125,0.0
SMR,San Marino,Europe & Central Asia,43.9322,12.4486,1999,100.0,26459,0.0
SMR,San Marino,Europe & Central Asia,43.9322,12.4486,2000,100.0,26799,0.0
SMR,San Marino,Europe & Central Asia,43.9322,12.4486,2001,100.0,27143,0.0
SMR,San Marino,Europe & Central Asia,43.9322,12.4486,2002,100.0,27491,0.0
SMR,San Marino,Europe & Central Asia,43.9322,12.4486,2003,100.0,27843,0.0
SMR,San Marino,Europe & Central Asia,43.9322,12.4486,2004,100.0,29457,0.0
SMR,San Marino,Europe & Central Asia,43.9322,12.4486,2005,100.0,29836,0.0
SMR,San Marino,Europe & Central Asia,43.9322,12.4486,2006,100.0,30184,0.0
SMR,San Marino,Europe & Central Asia,43.9322,12.4486,2007,100.0,31211,0.0
SMR,San Marino,Europe & Central Asia,43.9322,12.4486,2008,100.0,31662,0.0
SMR,San Marino,Europe & Central Asia,43.9322,12.4486,2009,100.0,33066,0.0
SMR,San Marino,Europe & Central Asia,43.9322,12.4486,2010,100.0,33270,0.0
SMR,San Marino,Europe & Central Asia,43.9322,12.4486,2011,100.0,32620,0.0
SMR,San Marino,Europe & Central Asia,43.9322,12.4486,2012,100.0,33469,0.0
SMR,San Marino,Europe & Central Asia,43.9322,12.4486,2013,100.0,33041,0.0
SMR,San Marino,Europe & Central Asia,43.9322,12.4486,2014,100.0,32655,0.0
SMR,San Marino,Europe & Central Asia,43.9322,12.4486,2015,100.0,32897,0.0
SMR,San Marino,Europe & Central Asia,43.9322,12.4486,2016,100.0,33101,0.0
SMR,San Marino,Europe & Central Asia,43.9322,12.4486,2017,100.0,33825,0.0
SMR,San Marino,Europe & Central Asia,43.9322,12.4486,2018,100.0,34522,0.0
SMR,San Marino,Europe & Central Asia,43.9322,12.4486,2019,100.0,34663,0.0
SMR,San Marino,Europe & Central Asia,43.9322,12.4486,2020,100.0,34770,0.0
SMR,San Marino,Europe & Central Asia,43.9322,12.4486,2021,100.0,34252,0.0
SMR,San Marino,Europe & Central Asia,43.9322,12.4486,2022,100.0,33755,0.0
SMR,San Marino,Europe & Central Asia,43.9322,12.4486,2023,100.0,33860,0.0
SMR,San Marino,Europe & Central Asia,43.9322,12.4486,2024,100.0,33977,0.0
STP,Sao Tome and Principe,Sub-Saharan Africa,0.20618,6.6071,2000,52.9,144018,67832.478
STP,Sao Tome and Principe,Sub-Saharan Africa,0.20618,6.6071,2001,51.5,146375,70991.875
STP,Sao Tome and Principe,Sub-Saharan Africa,0.20618,6.6071,2002,52.5,149922,71212.95
STP,Sao Tome and Principe,Sub-Saharan Africa,0.20618,6.6071,2003,53.6,153814,71369.696
STP,Sao Tome and Principe,Sub-Saharan Africa,0.20618,6.6071,2004,54.7,157705,71440.36499999999
STP,Sao Tome and Principe,Sub-Saharan Africa,0.20618,6.6071,2005,55.8,161639,71444.43800000001
STP,Sao Tome and Principe,Sub-Saharan Africa,0.20618,6.6071,2006,56.9,165638,71389.978
STP,Sao Tome and Principe,Sub-Saharan Africa,0.20618,6.6071,2007,58.0,169700,71274.0
STP,Sao Tome and Principe,Sub-Saharan Africa,0.20618,6.6071,2008,59.1,173793,71081.337
STP,Sao Tome and Principe,Sub-Saharan Africa,0.20618,6.6071,2009,56.9,177853,76654.64300000001
STP,Sao Tome and Principe,Sub-Saharan Africa,0.20618,6.6071,2010,61.4,181802,70175.572
STP,Sao Tome and Principe,Sub-Saharan Africa,0.20618,6.6071,2011,62.6,185649,69432.726
STP,Sao Tome and Principe,Sub-Saharan Africa,0.20618,6.6071,2012,57.9,189439,79753.819
STP,Sao Tome and Principe,Sub-Saharan Africa,0.20618,6.6071,2013,65.0,193148,67601.8
STP,Sao Tome and Principe,Sub-Saharan Africa,0.20618,6.6071,2014,68.6,196767,61784.83800000001
STP,Sao Tome and Principe,Sub-Saharan Africa,0.20618,6.6071,2015,67.3,200291,65495.157000000014
STP,Sao Tome and Principe,Sub-Saharan Africa,0.20618,6.6071,2016,69.4,203689,62328.83399999999
STP,Sao Tome and Principe,Sub-Saharan Africa,0.20618,6.6071,2017,74.3,206970,53191.29
STP,Sao Tome and Principe,Sub-Saharan Africa,0.20618,6.6071,2018,71.0,210187,60954.23000000001
STP,Sao Tome and Principe,Sub-Saharan Africa,0.20618,6.6071,2019,75.1,213392,53134.60800000002
STP,Sao Tome and Principe,Sub-Saharan Africa,0.20618,6.6071,2020,76.8,217435,50444.92
STP,Sao Tome and Principe,Sub-Saharan Africa,0.20618,6.6071,2021,78.5,221961,47721.61499999999
STP,Sao Tome and Principe,Sub-Saharan Africa,0.20618,6.6071,2022,78.0,226305,49787.09999999999
STP,Sao Tome and Principe,Sub-Saharan Africa,0.20618,6.6071,2023,81.3,230871,43172.877000000015
STP,Sao Tome and Principe,Sub-Saharan Africa,0.20618,6.6071,2024,77.7,235536,52524.52799999999
SAU,Saudi Arabia,"Middle East, North Africa, Afghanistan & Pakistan",24.6748,46.6977,1990,100.0,10640691,0.0
SAU,Saudi Arabia,"Middle East, North Africa, Afghanistan & Pakistan",24.6748,46.6977,1991,100.0,11160744,0.0
SAU,Saudi Arabia,"Middle East, North Africa, Afghanistan & Pakistan",24.6748,46.6977,1992,100.0,11686676,0.0
SAU,Saudi Arabia,"Middle East, North Africa, Afghanistan & Pakistan",24.6748,46.6977,1993,100.0,12215862,0.0
SAU,Saudi Arabia,"Middle East, North Africa, Afghanistan & Pakistan",24.6748,46.6977,1994,100.0,12750040,0.0
SAU,Saudi Arabia,"Middle East, North Africa, Afghanistan & Pakistan",24.6748,46.6977,1995,100.0,13289245,0.0
SAU,Saudi Arabia,"Middle East, North Africa, Afghanistan & Pakistan",24.6748,46.6977,1996,100.0,13831009,0.0
SAU,Saudi Arabia,"Middle East, North Africa, Afghanistan & Pakistan",24.6748,46.6977,1997,100.0,14374943,0.0
SAU,Saudi Arabia,"Middle East, North Africa, Afghanistan & Pakistan",24.6748,46.6977,1998,100.0,14922185,0.0
SAU,Saudi Arabia,"Middle East, North Africa, Afghanistan & Pakistan",24.6748,46.6977,1999,100.0,15472075,0.0
SAU,Saudi Arabia,"Middle East, North Africa, Afghanistan & Pakistan",24.6748,46.6977,2000,100.0,16177722,0.0
SAU,Saudi Arabia,"Middle East, North Africa, Afghanistan & Pakistan",24.6748,46.6977,2001,100.0,17041397,0.0
SAU,Saudi Arabia,"Middle East, North Africa, Afghanistan & Pakistan",24.6748,46.6977,2002,100.0,17910910,0.0
SAU,Saudi Arabia,"Middle East, North Africa, Afghanistan & Pakistan",24.6748,46.6977,2003,100.0,18786767,0.0
SAU,Saudi Arabia,"Middle East, North Africa, Afghanistan & Pakistan",24.6748,46.6977,2004,100.0,19669480,0.0
SAU,Saudi Arabia,"Middle East, North Africa, Afghanistan & Pakistan",24.6748,46.6977,2005,100.0,20559890,0.0
SAU,Saudi Arabia,"Middle East, North Africa, Afghanistan & Pakistan",24.6748,46.6977,2006,100.0,21459144,0.0
SAU,Saudi Arabia,"Middle East, North Africa, Afghanistan & Pakistan",24.6748,46.6977,2007,100.0,22368313,0.0
SAU,Saudi Arabia,"Middle East, North Africa, Afghanistan & Pakistan",24.6748,46.6977,2008,100.0,23287877,0.0
SAU,Saudi Arabia,"Middle East, North Africa, Afghanistan & Pakistan",24.6748,46.6977,2009,100.0,24217654,0.0
SAU,Saudi Arabia,"Middle East, North Africa, Afghanistan & Pakistan",24.6748,46.6977,2010,100.0,23978487,0.0
SAU,Saudi Arabia,"Middle East, North Africa, Afghanistan & Pakistan",24.6748,46.6977,2011,100.0,25091867,0.0
SAU,Saudi Arabia,"Middle East, North Africa, Afghanistan & Pakistan",24.6748,46.6977,2012,100.0,26168861,0.0
SAU,Saudi Arabia,"Middle East, North Africa, Afghanistan & Pakistan",24.6748,46.6977,2013,100.0,27624004,0.0
SAU,Saudi Arabia,"Middle East, North Africa, Afghanistan & Pakistan",24.6748,46.6977,2014,100.0,28309273,0.0
SAU,Saudi Arabia,"Middle East, North Africa, Afghanistan & Pakistan",24.6748,46.6977,2015,100.0,29816382,0.0
SAU,Saudi Arabia,"Middle East, North Africa, Afghanistan & Pakistan",24.6748,46.6977,2016,99.9,30954198,30954.19799999659
SAU,Saudi Arabia,"Middle East, North Africa, Afghanistan & Pakistan",24.6748,46.6977,2017,100.0,30977355,0.0
SAU,Saudi Arabia,"Middle East, North Africa, Afghanistan & Pakistan",24.6748,46.6977,2018,99.9,30196281,30196.280999996674
SAU,Saudi Arabia,"Middle East, North Africa, Afghanistan & Pakistan",24.6748,46.6977,2019,100.0,30063799,0.0
SAU,Saudi Arabia,"Middle East, North Africa, Afghanistan & Pakistan",24.6748,46.6977,2020,100.0,31552510,0.0
SAU,Saudi Arabia,"Middle East, North Africa, Afghanistan & Pakistan",24.6748,46.6977,2021,100.0,30784383,0.0
SAU,Saudi Arabia,"Middle East, North Africa, Afghanistan & Pakistan",24.6748,46.6977,2022,100.0,32175224,0.0
SAU,Saudi Arabia,"Middle East, North Africa, Afghanistan & Pakistan",24.6748,46.6977,2023,100.0,33702731,0.0
SAU,Saudi Arabia,"Middle East, North Africa, Afghanistan & Pakistan",24.6748,46.6977,2024,100.0,35300280,0.0
SEN,Senegal,Sub-Saharan Africa,14.7247,-17.4734,1993,26.0,8396288,6213253.12
SEN,Senegal,Sub-Saharan Africa,14.7247,-17.4734,1994,27.190486907959,8624078,6279149.200477827
SEN,Senegal,Sub-Saharan Africa,14.7247,-17.4734,1995,28.8571910858154,8848101,6294787.586964057
SEN,Senegal,Sub-Saharan Africa,14.7247,-17.4734,1996,30.5211772918701,9067014,6299654.581981318
SEN,Senegal,Sub-Saharan Africa,14.7247,-17.4734,1997,32.2,9283495,6294209.609999999
SEN,Senegal,Sub-Saharan Africa,14.7247,-17.4734,1998,33.8382682800293,9502952,6287317.60771759
SEN,Senegal,Sub-Saharan Africa,14.7247,-17.4734,1999,36.2,9730887,6208305.9059999995
SEN,Senegal,Sub-Saharan Africa,14.7247,-17.4734,2000,37.7,9968260,6210225.98
SEN,Senegal,Sub-Saharan Africa,14.7247,-17.4734,2001,38.9,10212942,6240107.562
SEN,Senegal,Sub-Saharan Africa,14.7247,-17.4734,2002,36.8,10466214,6614647.248
SEN,Senegal,Sub-Saharan Africa,14.7247,-17.4734,2003,41.9,10721176,6229003.255999999
SEN,Senegal,Sub-Saharan Africa,14.7247,-17.4734,2004,36.8,10975704,6936644.928
SEN,Senegal,Sub-Saharan Africa,14.7247,-17.4734,2005,47.1,11235472,5943564.687999999
SEN,Senegal,Sub-Saharan Africa,14.7247,-17.4734,2006,49.9,11500094,5761547.094
SEN,Senegal,Sub-Saharan Africa,14.7247,-17.4734,2007,48.1,11770344,6108808.535999998
SEN,Senegal,Sub-Saharan Africa,14.7247,-17.4734,2008,49.7,12048959,6060626.376999998
SEN,Senegal,Sub-Saharan Africa,14.7247,-17.4734,2009,53.5,12337389,5736885.885
SEN,Senegal,Sub-Saharan Africa,14.7247,-17.4734,2010,56.5,12635413,5496404.655
SEN,Senegal,Sub-Saharan Africa,14.7247,-17.4734,2011,56.5,12958897,5637120.195
SEN,Senegal,Sub-Saharan Africa,14.7247,-17.4734,2012,56.5,13310495,5790065.325000001
SEN,Senegal,Sub-Saharan Africa,14.7247,-17.4734,2013,57.0,13710849,5895665.07
SEN,Senegal,Sub-Saharan Africa,14.7247,-17.4734,2014,61.0,14152102,5519319.78
SEN,Senegal,Sub-Saharan Africa,14.7247,-17.4734,2015,60.5,14593331,5764365.745
SEN,Senegal,Sub-Saharan Africa,14.7247,-17.4734,2016,64.5,15034521,5337254.955
SEN,Senegal,Sub-Saharan Africa,14.7247,-17.4734,2017,61.7,15475002,5926925.766
SEN,Senegal,Sub-Saharan Africa,14.7247,-17.4734,2018,66.0,15914498,5410929.319999999
SEN,Senegal,Sub-Saharan Africa,14.7247,-17.4734,2019,70.4,16352922,4840464.911999999
SEN,Senegal,Sub-Saharan Africa,14.7247,-17.4734,2020,64.3,16789219,5993751.183
SEN,Senegal,Sub-Saharan Africa,14.7247,-17.4734,2021,68.0,17220867,5510677.4399999995
SEN,Senegal,Sub-Saharan Africa,14.7247,-17.4734,2022,67.9,17651103,5666004.062999999
SEN,Senegal,Sub-Saharan Africa,14.7247,-17.4734,2023,74.2,18077573,4664013.834
SEN,Senegal,Sub-Saharan Africa,14.7247,-17.4734,2024,82.9,18501984,3163839.2639999986
SRB,Serbia,Europe & Central Asia,44.8024,20.4656,1990,100.0,7897937,0.0
SRB,Serbia,Europe & Central Asia,44.8024,20.4656,1991,100.0,7595636,0.0
SRB,Serbia,Europe & Central Asia,44.8024,20.4656,1992,100.0,7604063,0.0
SRB,Serbia,Europe & Central Asia,44.8024,20.4656,1993,100.0,7614328,0.0
SRB,Serbia,Europe & Central Asia,44.8024,20.4656,1994,100.0,7622711,0.0
SRB,Serbia,Europe & Central Asia,44.8024,20.4656,1995,100.0,7628264,0.0
SRB,Serbia,Europe & Central Asia,44.8024,20.4656,1996,100.0,7622185,0.0
SRB,Serbia,Europe & Central Asia,44.8024,20.4656,1997,100.0,7598538,0.0
SRB,Serbia,Europe & Central Asia,44.8024,20.4656,1998,100.0,7567745,0.0
SRB,Serbia,Europe & Central Asia,44.8024,20.4656,1999,100.0,7540401,0.0
SRB,Serbia,Europe & Central Asia,44.8024,20.4656,2000,99.9,7516346,7516.345999999172
SRB,Serbia,Europe & Central Asia,44.8024,20.4656,2001,99.8,7503433,15006.866000000013
SRB,Serbia,Europe & Central Asia,44.8024,20.4656,2002,100.0,7500031,0.0
SRB,Serbia,Europe & Central Asia,44.8024,20.4656,2003,99.7,7480591,22441.77300000002
SRB,Serbia,Europe & Central Asia,44.8024,20.4656,2004,99.6,7463157,29852.628000000026
SRB,Serbia,Europe & Central Asia,44.8024,20.4656,2005,99.7,7440769,22322.30700000002
SRB,Serbia,Europe & Central Asia,44.8024,20.4656,2006,99.6,7411569,29646.276000000027
SRB,Serbia,Europe & Central Asia,44.8024,20.4656,2007,99.6,7381579,29526.316000000028
SRB,Serbia,Europe & Central Asia,44.8024,20.4656,2008,99.6,7350222,29400.888000000024
SRB,Serbia,Europe & Central Asia,44.8024,20.4656,2009,99.6,7320807,29283.228000000025
SRB,Serbia,Europe & Central Asia,44.8024,20.4656,2010,99.7,7291436,21874.30800000002
SRB,Serbia,Europe & Central Asia,44.8024,20.4656,2011,99.7,7236519,21709.55700000002
SRB,Serbia,Europe & Central Asia,44.8024,20.4656,2012,99.8,7201497,14402.994000000013
SRB,Serbia,Europe & Central Asia,44.8024,20.4656,2013,99.9,7166553,7166.55299999921
SRB,Serbia,Europe & Central Asia,44.8024,20.4656,2014,99.7,7131787,21395.36100000002
SRB,Serbia,Europe & Central Asia,44.8024,20.4656,2015,99.9,7095383,7095.382999999219
SRB,Serbia,Europe & Central Asia,44.8024,20.4656,2016,99.9,7058322,7058.3219999992225
SRB,Serbia,Europe & Central Asia,44.8024,20.4656,2017,100.0,7020858,0.0
SRB,Serbia,Europe & Central Asia,44.8024,20.4656,2018,100.0,6982604,0.0
SRB,Serbia,Europe & Central Asia,44.8024,20.4656,2019,99.8,6945235,13890.470000000012
SRB,Serbia,Europe & Central Asia,44.8024,20.4656,2020,100.0,6899126,0.0
SRB,Serbia,Europe & Central Asia,44.8024,20.4656,2021,100.0,6834326,0.0
SRB,Serbia,Europe & Central Asia,44.8024,20.4656,2022,100.0,6664449,0.0
SRB,Serbia,Europe & Central Asia,44.8024,20.4656,2023,100.0,6623183,0.0
SRB,Serbia,Europe & Central Asia,44.8024,20.4656,2024,100.0,6586476,0.0
SYC,Seychelles,Sub-Saharan Africa,-4.6309,55.4466,1994,90.0,74205,7420.499999999998
SYC,Seychelles,Sub-Saharan Africa,-4.6309,55.4466,1995,92.1736526489258,75304,5893.552609252918
SYC,Seychelles,Sub-Saharan Africa,-4.6309,55.4466,1996,92.552490234375,76417,5691.163537597659
SYC,Seychelles,Sub-Saharan Africa,-4.6309,55.4466,1997,92.0,77319,6185.519999999997
SYC,Seychelles,Sub-Saharan Africa,-4.6309,55.4466,1998,93.2992935180664,78846,5283.239032745361
SYC,Seychelles,Sub-Saharan Africa,-4.6309,55.4466,1999,93.6658096313477,80410,5093.322475433318
SYC,Seychelles,Sub-Saharan Africa,-4.6309,55.4466,2000,94.1,81131,4786.729000000004
SYC,Seychelles,Sub-Saharan Africa,-4.6309,55.4466,2001,94.4,81202,4547.311999999995
SYC,Seychelles,Sub-Saharan Africa,-4.6309,55.4466,2002,96.1,83723,3265.197000000003
SYC,Seychelles,Sub-Saharan Africa,-4.6309,55.4466,2003,94.9,82781,4221.830999999995
SYC,Seychelles,Sub-Saharan Africa,-4.6309,55.4466,2004,95.2,82475,3958.7999999999943
SYC,Seychelles,Sub-Saharan Africa,-4.6309,55.4466,2005,95.5,82858,3728.6100000000033
SYC,Seychelles,Sub-Saharan Africa,-4.6309,55.4466,2006,99.0,84600,846.0000000000008
SYC,Seychelles,Sub-Saharan Africa,-4.6309,55.4466,2007,96.1,85033,3316.287000000003
SYC,Seychelles,Sub-Saharan Africa,-4.6309,55.4466,2008,96.5,86956,3043.4600000000028
SYC,Seychelles,Sub-Saharan Africa,-4.6309,55.4466,2009,96.8,87298,2793.5360000000023
SYC,Seychelles,Sub-Saharan Africa,-4.6309,55.4466,2010,97.0,89770,2693.100000000002
SYC,Seychelles,Sub-Saharan Africa,-4.6309,55.4466,2011,98.1,87441,1661.3790000000015
SYC,Seychelles,Sub-Saharan Africa,-4.6309,55.4466,2012,98.3,88303,1501.1510000000014
SYC,Seychelles,Sub-Saharan Africa,-4.6309,55.4466,2013,98.0,89949,1798.9800000000016
SYC,Seychelles,Sub-Saharan Africa,-4.6309,55.4466,2014,100.0,91359,0.0
SYC,Seychelles,Sub-Saharan Africa,-4.6309,55.4466,2015,100.0,93419,0.0
SYC,Seychelles,Sub-Saharan Africa,-4.6309,55.4466,2016,100.0,94677,0.0
SYC,Seychelles,Sub-Saharan Africa,-4.6309,55.4466,2017,100.0,95843,0.0
SYC,Seychelles,Sub-Saharan Africa,-4.6309,55.4466,2018,100.0,96762,0.0
SYC,Seychelles,Sub-Saharan Africa,-4.6309,55.4466,2019,100.0,97625,0.0
SYC,Seychelles,Sub-Saharan Africa,-4.6309,55.4466,2020,100.0,98462,0.0
SYC,Seychelles,Sub-Saharan Africa,-4.6309,55.4466,2021,100.0,99258,0.0
SYC,Seychelles,Sub-Saharan Africa,-4.6309,55.4466,2022,100.0,119878,0.0
SYC,Seychelles,Sub-Saharan Africa,-4.6309,55.4466,2023,100.0,119773,0.0
SYC,Seychelles,Sub-Saharan Africa,-4.6309,55.4466,2024,100.0,121354,0.0
SLE,Sierra Leone,Sub-Saharan Africa,8.4821,-13.2134,2000,7.7,4423611,4082992.953
SLE,Sierra Leone,Sub-Saharan Africa,8.4821,-13.2134,2001,8.5,4692716,4293835.140000001
SLE,Sierra Leone,Sub-Saharan Africa,8.4821,-13.2134,2002,9.2,4971435,4514062.98
SLE,Sierra Leone,Sub-Saharan Africa,8.4821,-13.2134,2003,9.9,5177687,4665095.987
SLE,Sierra Leone,Sub-Saharan Africa,8.4821,-13.2134,2004,16.8,5355717,4455956.544
SLE,Sierra Leone,Sub-Saharan Africa,8.4821,-13.2134,2005,11.3,5501712,4880018.544
SLE,Sierra Leone,Sub-Saharan Africa,8.4821,-13.2134,2006,12.2,5624466,4938281.148
SLE,Sierra Leone,Sub-Saharan Africa,8.4821,-13.2134,2007,13.0,5749352,5001936.24
SLE,Sierra Leone,Sub-Saharan Africa,8.4821,-13.2134,2008,12.1,5894722,5181460.638
SLE,Sierra Leone,Sub-Saharan Africa,8.4821,-13.2134,2009,14.6,6055646,5171521.683999999
SLE,Sierra Leone,Sub-Saharan Africa,8.4821,-13.2134,2010,11.5,6222714,5507101.89
SLE,Sierra Leone,Sub-Saharan Africa,8.4821,-13.2134,2011,14.2,6387251,5480261.358
SLE,Sierra Leone,Sub-Saharan Africa,8.4821,-13.2134,2012,17.2,6551080,5424294.24
SLE,Sierra Leone,Sub-Saharan Africa,8.4821,-13.2134,2013,13.5,6714051,5807654.115
SLE,Sierra Leone,Sub-Saharan Africa,8.4821,-13.2134,2014,18.8,6876385,5583624.62
SLE,Sierra Leone,Sub-Saharan Africa,8.4821,-13.2134,2015,19.7,7037655,5651236.965000001
SLE,Sierra Leone,Sub-Saharan Africa,8.4821,-13.2134,2016,20.3,7205328,5742646.415999999
SLE,Sierra Leone,Sub-Saharan Africa,8.4821,-13.2134,2017,23.4,7379299,5652543.034
SLE,Sierra Leone,Sub-Saharan Africa,8.4821,-13.2134,2018,26.1,7554563,5582822.057
SLE,Sierra Leone,Sub-Saharan Africa,8.4821,-13.2134,2019,22.7,7731991,5976829.0430000005
SLE,Sierra Leone,Sub-Saharan Africa,8.4821,-13.2134,2020,26.3,7912558,5831555.246
SLE,Sierra Leone,Sub-Saharan Africa,8.4821,-13.2134,2021,27.5,8094602,5868586.45
SLE,Sierra Leone,Sub-Saharan Africa,8.4821,-13.2134,2022,29.4,8276807,5843425.742
SLE,Sierra Leone,Sub-Saharan Africa,8.4821,-13.2134,2023,35.5,8460512,5457030.24
SLE,Sierra Leone,Sub-Saharan Africa,8.4821,-13.2134,2024,39.2,8642022,5254349.376
SGP,Singapore,East Asia & Pacific,1.28941,103.85,1990,100.0,3047132,0.0
SGP,Singapore,East Asia & Pacific,1.28941,103.85,1991,100.0,3135083,0.0
SGP,Singapore,East Asia & Pacific,1.28941,103.85,1992,100.0,3230698,0.0
SGP,Singapore,East Asia & Pacific,1.28941,103.85,1993,100.0,3313471,0.0
SGP,Singapore,East Asia & Pacific,1.28941,103.85,1994,100.0,3419048,0.0
SGP,Singapore,East Asia & Pacific,1.28941,103.85,1995,100.0,3524506,0.0
SGP,Singapore,East Asia & Pacific,1.28941,103.85,1996,100.0,3670704,0.0
SGP,Singapore,East Asia & Pacific,1.28941,103.85,1997,100.0,3796038,0.0
SGP,Singapore,East Asia & Pacific,1.28941,103.85,1998,100.0,3927213,0.0
SGP,Singapore,East Asia & Pacific,1.28941,103.85,1999,100.0,3958723,0.0
SGP,Singapore,East Asia & Pacific,1.28941,103.85,2000,100.0,4027887,0.0
SGP,Singapore,East Asia & Pacific,1.28941,103.85,2001,100.0,4138012,0.0
SGP,Singapore,East Asia & Pacific,1.28941,103.85,2002,100.0,4175950,0.0
SGP,Singapore,East Asia & Pacific,1.28941,103.85,2003,100.0,4114826,0.0
SGP,Singapore,East Asia & Pacific,1.28941,103.85,2004,100.0,4166664,0.0
SGP,Singapore,East Asia & Pacific,1.28941,103.85,2005,100.0,4265762,0.0
SGP,Singapore,East Asia & Pacific,1.28941,103.85,2006,100.0,4401365,0.0
SGP,Singapore,East Asia & Pacific,1.28941,103.85,2007,100.0,4588599,0.0
SGP,Singapore,East Asia & Pacific,1.28941,103.85,2008,100.0,4839396,0.0
SGP,Singapore,East Asia & Pacific,1.28941,103.85,2009,100.0,4987573,0.0
SGP,Singapore,East Asia & Pacific,1.28941,103.85,2010,100.0,5076732,0.0
SGP,Singapore,East Asia & Pacific,1.28941,103.85,2011,100.0,5183688,0.0
SGP,Singapore,East Asia & Pacific,1.28941,103.85,2012,100.0,5312437,0.0
SGP,Singapore,East Asia & Pacific,1.28941,103.85,2013,100.0,5399162,0.0
SGP,Singapore,East Asia & Pacific,1.28941,103.85,2014,100.0,5469724,0.0
SGP,Singapore,East Asia & Pacific,1.28941,103.85,2015,100.0,5535002,0.0
SGP,Singapore,East Asia & Pacific,1.28941,103.85,2016,100.0,5607283,0.0
SGP,Singapore,East Asia & Pacific,1.28941,103.85,2017,100.0,5612253,0.0
SGP,Singapore,East Asia & Pacific,1.28941,103.85,2018,100.0,5638676,0.0
SGP,Singapore,East Asia & Pacific,1.28941,103.85,2019,100.0,5703569,0.0
SGP,Singapore,East Asia & Pacific,1.28941,103.85,2020,100.0,5685807,0.0
SGP,Singapore,East Asia & Pacific,1.28941,103.85,2021,100.0,5453566,0.0
SGP,Singapore,East Asia & Pacific,1.28941,103.85,2022,100.0,5637022,0.0
SGP,Singapore,East Asia & Pacific,1.28941,103.85,2023,100.0,5917648,0.0
SGP,Singapore,East Asia & Pacific,1.28941,103.85,2024,100.0,6036860,0.0
SXM,Sint Maarten (Dutch part),Latin America & Caribbean,,,1990,100.0,28061,0.0
SXM,Sint Maarten (Dutch part),Latin America & Caribbean,,,1991,100.0,30046,0.0
SXM,Sint Maarten (Dutch part),Latin America & Caribbean,,,1992,100.0,31567,0.0
SXM,Sint Maarten (Dutch part),Latin America & Caribbean,,,1993,100.0,32026,0.0
SXM,Sint Maarten (Dutch part),Latin America & Caribbean,,,1994,100.0,31917,0.0
SXM,Sint Maarten (Dutch part),Latin America & Caribbean,,,1995,100.0,31772,0.0
SXM,Sint Maarten (Dutch part),Latin America & Caribbean,,,1996,100.0,31598,0.0
SXM,Sint Maarten (Dutch part),Latin America & Caribbean,,,1997,100.0,31404,0.0
SXM,Sint Maarten (Dutch part),Latin America & Caribbean,,,1998,100.0,31193,0.0
SXM,Sint Maarten (Dutch part),Latin America & Caribbean,,,1999,100.0,30977,0.0
SXM,Sint Maarten (Dutch part),Latin America & Caribbean,,,2000,100.0,30773,0.0
SXM,Sint Maarten (Dutch part),Latin America & Caribbean,,,2001,99.9,30726,30.725999999996617
SXM,Sint Maarten (Dutch part),Latin America & Caribbean,,,2002,99.9,30960,30.95999999999659
SXM,Sint Maarten (Dutch part),Latin America & Caribbean,,,2003,99.8,31327,62.65400000000005
SXM,Sint Maarten (Dutch part),Latin America & Caribbean,,,2004,99.8,31690,63.38000000000006
SXM,Sint Maarten (Dutch part),Latin America & Caribbean,,,2005,99.7,32057,96.17100000000009
SXM,Sint Maarten (Dutch part),Latin America & Caribbean,,,2006,99.7,32428,97.28400000000009
SXM,Sint Maarten (Dutch part),Latin America & Caribbean,,,2007,99.7,32791,98.37300000000009
SXM,Sint Maarten (Dutch part),Latin America & Caribbean,,,2008,99.7,33145,99.43500000000009
SXM,Sint Maarten (Dutch part),Latin America & Caribbean,,,2009,99.7,33491,100.47300000000008
SXM,Sint Maarten (Dutch part),Latin America & Caribbean,,,2010,100.0,33794,0.0
SXM,Sint Maarten (Dutch part),Latin America & Caribbean,,,2011,100.0,34267,0.0
SXM,Sint Maarten (Dutch part),Latin America & Caribbean,,,2012,100.0,35023,0.0
SXM,Sint Maarten (Dutch part),Latin America & Caribbean,,,2013,100.0,35854,0.0
SXM,Sint Maarten (Dutch part),Latin America & Caribbean,,,2014,100.0,36672,0.0
SXM,Sint Maarten (Dutch part),Latin America & Caribbean,,,2015,100.0,37471,0.0
SXM,Sint Maarten (Dutch part),Latin America & Caribbean,,,2016,100.0,38249,0.0
SXM,Sint Maarten (Dutch part),Latin America & Caribbean,,,2017,100.0,38996,0.0
SXM,Sint Maarten (Dutch part),Latin America & Caribbean,,,2018,100.0,39712,0.0
SXM,Sint Maarten (Dutch part),Latin America & Caribbean,,,2019,100.0,40385,0.0
SXM,Sint Maarten (Dutch part),Latin America & Caribbean,,,2020,100.0,41008,0.0
SXM,Sint Maarten (Dutch part),Latin America & Caribbean,,,2021,100.0,41571,0.0
SXM,Sint Maarten (Dutch part),Latin America & Caribbean,,,2022,100.0,42139,0.0
SXM,Sint Maarten (Dutch part),Latin America & Caribbean,,,2023,100.0,42749,0.0
SXM,Sint Maarten (Dutch part),Latin America & Caribbean,,,2024,100.0,43350,0.0
SVK,Slovak Republic,Europe & Central Asia,48.1484,17.1073,1990,100.0,5299187,0.0
SVK,Slovak Republic,Europe & Central Asia,48.1484,17.1073,1991,100.0,5303294,0.0
SVK,Slovak Republic,Europe & Central Asia,48.1484,17.1073,1992,100.0,5305016,0.0
SVK,Slovak Republic,Europe & Central Asia,48.1484,17.1073,1993,100.0,5325305,0.0
SVK,Slovak Republic,Europe & Central Asia,48.1484,17.1073,1994,100.0,5346331,0.0
SVK,Slovak Republic,Europe & Central Asia,48.1484,17.1073,1995,100.0,5361999,0.0
SVK,Slovak Republic,Europe & Central Asia,48.1484,17.1073,1996,100.0,5373361,0.0
SVK,Slovak Republic,Europe & Central Asia,48.1484,17.1073,1997,100.0,5383291,0.0
SVK,Slovak Republic,Europe & Central Asia,48.1484,17.1073,1998,100.0,5390516,0.0
SVK,Slovak Republic,Europe & Central Asia,48.1484,17.1073,1999,100.0,5396020,0.0
SVK,Slovak Republic,Europe & Central Asia,48.1484,17.1073,2000,100.0,5388720,0.0
SVK,Slovak Republic,Europe & Central Asia,48.1484,17.1073,2001,100.0,5378867,0.0
SVK,Slovak Republic,Europe & Central Asia,48.1484,17.1073,2002,100.0,5376912,0.0
SVK,Slovak Republic,Europe & Central Asia,48.1484,17.1073,2003,100.0,5373374,0.0
SVK,Slovak Republic,Europe & Central Asia,48.1484,17.1073,2004,100.0,5372280,0.0
SVK,Slovak Republic,Europe & Central Asia,48.1484,17.1073,2005,99.9,5372807,5372.806999999409
SVK,Slovak Republic,Europe & Central Asia,48.1484,17.1073,2006,99.9,5373054,5373.053999999408
SVK,Slovak Republic,Europe & Central Asia,48.1484,17.1073,2007,100.0,5374622,0.0
SVK,Slovak Republic,Europe & Central Asia,48.1484,17.1073,2008,100.0,5379233,0.0
SVK,Slovak Republic,Europe & Central Asia,48.1484,17.1073,2009,100.0,5386406,0.0
SVK,Slovak Republic,Europe & Central Asia,48.1484,17.1073,2010,100.0,5391428,0.0
SVK,Slovak Republic,Europe & Central Asia,48.1484,17.1073,2011,100.0,5398384,0.0
SVK,Slovak Republic,Europe & Central Asia,48.1484,17.1073,2012,100.0,5407579,0.0
SVK,Slovak Republic,Europe & Central Asia,48.1484,17.1073,2013,100.0,5413393,0.0
SVK,Slovak Republic,Europe & Central Asia,48.1484,17.1073,2014,100.0,5418649,0.0
SVK,Slovak Republic,Europe & Central Asia,48.1484,17.1073,2015,100.0,5423801,0.0
SVK,Slovak Republic,Europe & Central Asia,48.1484,17.1073,2016,100.0,5430798,0.0
SVK,Slovak Republic,Europe & Central Asia,48.1484,17.1073,2017,100.0,5439232,0.0
SVK,Slovak Republic,Europe & Central Asia,48.1484,17.1073,2018,100.0,5446771,0.0
SVK,Slovak Republic,Europe & Central Asia,48.1484,17.1073,2019,100.0,5454147,0.0
SVK,Slovak Republic,Europe & Central Asia,48.1484,17.1073,2020,100.0,5458827,0.0
SVK,Slovak Republic,Europe & Central Asia,48.1484,17.1073,2021,100.0,5447247,0.0
SVK,Slovak Republic,Europe & Central Asia,48.1484,17.1073,2022,100.0,5431752,0.0
SVK,Slovak Republic,Europe & Central Asia,48.1484,17.1073,2023,100.0,5426740,0.0
SVK,Slovak Republic,Europe & Central Asia,48.1484,17.1073,2024,100.0,5422069,0.0
SVN,Slovenia,Europe & Central Asia,46.0546,14.5044,1990,100.0,1998161,0.0
SVN,Slovenia,Europe & Central Asia,46.0546,14.5044,1991,100.0,1999429,0.0
SVN,Slovenia,Europe & Central Asia,46.0546,14.5044,1992,100.0,1996498,0.0
SVN,Slovenia,Europe & Central Asia,46.0546,14.5044,1993,100.0,1991746,0.0
SVN,Slovenia,Europe & Central Asia,46.0546,14.5044,1994,100.0,1989443,0.0
SVN,Slovenia,Europe & Central Asia,46.0546,14.5044,1995,100.0,1989872,0.0
SVN,Slovenia,Europe & Central Asia,46.0546,14.5044,1996,100.0,1988628,0.0
SVN,Slovenia,Europe & Central Asia,46.0546,14.5044,1997,100.0,1985956,0.0
SVN,Slovenia,Europe & Central Asia,46.0546,14.5044,1998,100.0,1981629,0.0
SVN,Slovenia,Europe & Central Asia,46.0546,14.5044,1999,100.0,1983045,0.0
SVN,Slovenia,Europe & Central Asia,46.0546,14.5044,2000,100.0,1988925,0.0
SVN,Slovenia,Europe & Central Asia,46.0546,14.5044,2001,100.0,1992060,0.0
SVN,Slovenia,Europe & Central Asia,46.0546,14.5044,2002,100.0,1994530,0.0
SVN,Slovenia,Europe & Central Asia,46.0546,14.5044,2003,100.0,1995733,0.0
SVN,Slovenia,Europe & Central Asia,46.0546,14.5044,2004,100.0,1997012,0.0
SVN,Slovenia,Europe & Central Asia,46.0546,14.5044,2005,100.0,2000474,0.0
SVN,Slovenia,Europe & Central Asia,46.0546,14.5044,2006,100.0,2006868,0.0
SVN,Slovenia,Europe & Central Asia,46.0546,14.5044,2007,100.0,2018122,0.0
SVN,Slovenia,Europe & Central Asia,46.0546,14.5044,2008,100.0,2021316,0.0
SVN,Slovenia,Europe & Central Asia,46.0546,14.5044,2009,100.0,2039669,0.0
SVN,Slovenia,Europe & Central Asia,46.0546,14.5044,2010,100.0,2048583,0.0
SVN,Slovenia,Europe & Central Asia,46.0546,14.5044,2011,100.0,2052843,0.0
SVN,Slovenia,Europe & Central Asia,46.0546,14.5044,2012,100.0,2057159,0.0
SVN,Slovenia,Europe & Central Asia,46.0546,14.5044,2013,100.0,2059953,0.0
SVN,Slovenia,Europe & Central Asia,46.0546,14.5044,2014,100.0,2061980,0.0
SVN,Slovenia,Europe & Central Asia,46.0546,14.5044,2015,100.0,2063531,0.0
SVN,Slovenia,Europe & Central Asia,46.0546,14.5044,2016,100.0,2065042,0.0
SVN,Slovenia,Europe & Central Asia,46.0546,14.5044,2017,100.0,2066388,0.0
SVN,Slovenia,Europe & Central Asia,46.0546,14.5044,2018,100.0,2073894,0.0
SVN,Slovenia,Europe & Central Asia,46.0546,14.5044,2019,100.0,2088385,0.0
SVN,Slovenia,Europe & Central Asia,46.0546,14.5044,2020,100.0,2102419,0.0
SVN,Slovenia,Europe & Central Asia,46.0546,14.5044,2021,100.0,2108079,0.0
SVN,Slovenia,Europe & Central Asia,46.0546,14.5044,2022,100.0,2112076,0.0
SVN,Slovenia,Europe & Central Asia,46.0546,14.5044,2023,100.0,2120461,0.0
SVN,Slovenia,Europe & Central Asia,46.0546,14.5044,2024,100.0,2127400,0.0
SLB,Solomon Islands,East Asia & Pacific,-9.42676,159.949,1999,15.7,430500,362911.5
SLB,Solomon Islands,East Asia & Pacific,-9.42676,159.949,2000,4.7,440469,419766.957
SLB,Solomon Islands,East Asia & Pacific,-9.42676,159.949,2001,7.6,449125,414991.5
SLB,Solomon Islands,East Asia & Pacific,-9.42676,159.949,2002,10.5,457671,409615.545
SLB,Solomon Islands,East Asia & Pacific,-9.42676,159.949,2003,13.4,466154,403689.364
SLB,Solomon Islands,East Asia & Pacific,-9.42676,159.949,2004,16.3,474611,397249.407
SLB,Solomon Islands,East Asia & Pacific,-9.42676,159.949,2005,19.2,483080,390328.64
SLB,Solomon Islands,East Asia & Pacific,-9.42676,159.949,2006,14.4,491594,420804.464
SLB,Solomon Islands,East Asia & Pacific,-9.42676,159.949,2007,12.9,500156,435635.876
SLB,Solomon Islands,East Asia & Pacific,-9.42676,159.949,2008,28.1,508790,365820.01
SLB,Solomon Islands,East Asia & Pacific,-9.42676,159.949,2009,21.2,518141,408295.108
SLB,Solomon Islands,East Asia & Pacific,-9.42676,159.949,2010,35.4,532968,344297.32800000004
SLB,Solomon Islands,East Asia & Pacific,-9.42676,159.949,2011,39.1,552945,336743.505
SLB,Solomon Islands,East Asia & Pacific,-9.42676,159.949,2012,42.9,573606,327529.02599999995
SLB,Solomon Islands,East Asia & Pacific,-9.42676,159.949,2013,44.7,594945,329004.58499999996
SLB,Solomon Islands,East Asia & Pacific,-9.42676,159.949,2014,50.5,616908,305369.46
SLB,Solomon Islands,East Asia & Pacific,-9.42676,159.949,2015,55.1,639415,287097.33499999996
SLB,Solomon Islands,East Asia & Pacific,-9.42676,159.949,2016,58.2,662379,276874.42199999996
SLB,Solomon Islands,East Asia & Pacific,-9.42676,159.949,2017,62.9,685672,254384.312
SLB,Solomon Islands,East Asia & Pacific,-9.42676,159.949,2018,65.8,709101,242512.54200000004
SLB,Solomon Islands,East Asia & Pacific,-9.42676,159.949,2019,69.4,728147,222812.98199999996
SLB,Solomon Islands,East Asia & Pacific,-9.42676,159.949,2020,72.9,744498,201758.95799999993
SLB,Solomon Islands,East Asia & Pacific,-9.42676,159.949,2021,76.3,762591,180734.06699999998
SLB,Solomon Islands,East Asia & Pacific,-9.42676,159.949,2022,76.0,781066,187455.84
SLB,Solomon Islands,East Asia & Pacific,-9.42676,159.949,2023,81.3,800005,149600.93500000006
SLB,Solomon Islands,East Asia & Pacific,-9.42676,159.949,2024,81.5,819198,151551.63000000003
SOM,"Somalia, Fed. Rep.",Sub-Saharan Africa,2.07515,45.3254,2000,2.1,8838713,8653100.027
SOM,"Somalia, Fed. Rep.",Sub-Saharan Africa,2.07515,45.3254,2001,4.7,9198493,8766163.829
SOM,"Somalia, Fed. Rep.",Sub-Saharan Africa,2.07515,45.3254,2002,7.4,9550063,8843358.338
SOM,"Somalia, Fed. Rep.",Sub-Saharan Africa,2.07515,45.3254,2003,9.8,9909157,8938059.614
SOM,"Somalia, Fed. Rep.",Sub-Saharan Africa,2.07515,45.3254,2004,12.4,10280998,9006154.248
SOM,"Somalia, Fed. Rep.",Sub-Saharan Africa,2.07515,45.3254,2005,15.0,10644228,9047593.799999999
SOM,"Somalia, Fed. Rep.",Sub-Saharan Africa,2.07515,45.3254,2006,15.2,10975502,9307225.696
SOM,"Somalia, Fed. Rep.",Sub-Saharan Africa,2.07515,45.3254,2007,20.2,11322582,9035420.436
SOM,"Somalia, Fed. Rep.",Sub-Saharan Africa,2.07515,45.3254,2008,22.9,11663084,8992237.764
SOM,"Somalia, Fed. Rep.",Sub-Saharan Africa,2.07515,45.3254,2009,25.5,11961201,8911094.745
SOM,"Somalia, Fed. Rep.",Sub-Saharan Africa,2.07515,45.3254,2010,52.3,12261756,5848857.612
SOM,"Somalia, Fed. Rep.",Sub-Saharan Africa,2.07515,45.3254,2011,52.0,12348830,5927438.399999999
SOM,"Somalia, Fed. Rep.",Sub-Saharan Africa,2.07515,45.3254,2012,51.8,12461160,6006279.12
SOM,"Somalia, Fed. Rep.",Sub-Saharan Africa,2.07515,45.3254,2013,51.5,12869594,6241753.09
SOM,"Somalia, Fed. Rep.",Sub-Saharan Africa,2.07515,45.3254,2014,51.4,13339491,6482992.626
SOM,"Somalia, Fed. Rep.",Sub-Saharan Africa,2.07515,45.3254,2015,51.2,13806963,6737797.944
SOM,"Somalia, Fed. Rep.",Sub-Saharan Africa,2.07515,45.3254,2016,51.1,14348740,7016533.859999999
SOM,"Somalia, Fed. Rep.",Sub-Saharan Africa,2.07515,45.3254,2017,52.1,14916629,7145065.290999999
SOM,"Somalia, Fed. Rep.",Sub-Saharan Africa,2.07515,45.3254,2018,50.7,15452487,7618076.091
SOM,"Somalia, Fed. Rep.",Sub-Saharan Africa,2.07515,45.3254,2019,49.2,16030971,8143733.268
SOM,"Somalia, Fed. Rep.",Sub-Saharan Africa,2.07515,45.3254,2020,49.9,16651191,8342246.691
SOM,"Somalia, Fed. Rep.",Sub-Saharan Africa,2.07515,45.3254,2021,49.3,17271431,8756615.517
SOM,"Somalia, Fed. Rep.",Sub-Saharan Africa,2.07515,45.3254,2022,48.9,17801897,9096769.367
SOM,"Somalia, Fed. Rep.",Sub-Saharan Africa,2.07515,45.3254,2023,50.3,18358615,9124231.655
SOM,"Somalia, Fed. Rep.",Sub-Saharan Africa,2.07515,45.3254,2024,54.4,19009151,8668172.855999999
ZAF,South Africa,Sub-Saharan Africa,-25.746,28.1871,1996,57.6,45123018,19132159.631999996
ZAF,South Africa,Sub-Saharan Africa,-25.746,28.1871,1997,69.4833526611328,45666838,13935987.903271794
ZAF,South Africa,Sub-Saharan Africa,-25.746,28.1871,1998,64.9,46223880,16224581.879999999
ZAF,South Africa,Sub-Saharan Africa,-25.746,28.1871,1999,71.331787109375,46730335,13396751.922302246
ZAF,South Africa,Sub-Saharan Africa,-25.746,28.1871,2000,72.4,47159719,13016082.443999996
ZAF,South Africa,Sub-Saharan Africa,-25.746,28.1871,2001,70.2,47566800,14174906.399999997
ZAF,South Africa,Sub-Saharan Africa,-25.746,28.1871,2002,76.7,48019415,11188523.694999998
ZAF,South Africa,Sub-Saharan Africa,-25.746,28.1871,2003,78.8,48500348,10282073.776000004
ZAF,South Africa,Sub-Saharan Africa,-25.746,28.1871,2004,80.6,48991421,9504335.674000002
ZAF,South Africa,Sub-Saharan Africa,-25.746,28.1871,2005,80.8,49490033,9502086.336000003
ZAF,South Africa,Sub-Saharan Africa,-25.746,28.1871,2006,80.7,49998277,9649667.460999997
ZAF,South Africa,Sub-Saharan Africa,-25.746,28.1871,2007,82.0,50528584,9095145.120000003
ZAF,South Africa,Sub-Saharan Africa,-25.746,28.1871,2008,81.9,51114599,9251742.418999996
ZAF,South Africa,Sub-Saharan Africa,-25.746,28.1871,2009,82.6,51728516,9000761.784000002
ZAF,South Africa,Sub-Saharan Africa,-25.746,28.1871,2010,82.8,52344051,9003176.772000002
ZAF,South Africa,Sub-Saharan Africa,-25.746,28.1871,2011,83.6,52995205,8691213.620000001
ZAF,South Africa,Sub-Saharan Africa,-25.746,28.1871,2012,85.2,53782567,7959819.916000001
ZAF,South Africa,Sub-Saharan Africa,-25.746,28.1871,2013,85.2,54678791,8092461.068000001
ZAF,South Africa,Sub-Saharan Africa,-25.746,28.1871,2014,85.9,55594838,7838872.157999994
ZAF,South Africa,Sub-Saharan Africa,-25.746,28.1871,2015,85.3,56723537,8338359.939000001
ZAF,South Africa,Sub-Saharan Africa,-25.746,28.1871,2016,83.9,57259551,9218787.710999995
ZAF,South Africa,Sub-Saharan Africa,-25.746,28.1871,2017,84.4,57635162,8991085.271999994
ZAF,South Africa,Sub-Saharan Africa,-25.746,28.1871,2018,84.7,58613001,8967789.153
ZAF,South Africa,Sub-Saharan Africa,-25.746,28.1871,2019,85.0,59587885,8938182.750000002
ZAF,South Africa,Sub-Saharan Africa,-25.746,28.1871,2020,90.0,60562381,6056238.099999999
ZAF,South Africa,Sub-Saharan Africa,-25.746,28.1871,2021,89.3,61502603,6580778.520999999
ZAF,South Africa,Sub-Saharan Africa,-25.746,28.1871,2022,86.5,62378410,8421085.35
ZAF,South Africa,Sub-Saharan Africa,-25.746,28.1871,2023,87.7,63212384,7775123.232
ZAF,South Africa,Sub-Saharan Africa,-25.746,28.1871,2024,90.2,64007187,6272704.3259999985
SSD,South Sudan,Sub-Saharan Africa,4.85,31.6,2007,0.8,8388788,8321677.6959999995
SSD,South Sudan,Sub-Saharan Africa,4.85,31.6,2008,1.3,8817647,8703017.589
SSD,South Sudan,Sub-Saharan Africa,4.85,31.6,2009,3.0,9243556,8966249.32
SSD,South Sudan,Sub-Saharan Africa,4.85,31.6,2010,1.5,9745953,9599763.705
SSD,South Sudan,Sub-Saharan Africa,4.85,31.6,2011,2.8,10288109,10000041.947999999
SSD,South Sudan,Sub-Saharan Africa,4.85,31.6,2012,3.3,10756240,10401284.08
SSD,South Sudan,Sub-Saharan Africa,4.85,31.6,2013,3.8,11166275,10741956.549999999
SSD,South Sudan,Sub-Saharan Africa,4.85,31.6,2014,4.3,11235073,10751964.861
SSD,South Sudan,Sub-Saharan Africa,4.85,31.6,2015,4.8,11107561,10574398.071999999
SSD,South Sudan,Sub-Saharan Africa,4.85,31.6,2016,5.3,10830102,10256106.593999999
SSD,South Sudan,Sub-Saharan Africa,4.85,31.6,2017,4.2,10259154,9828269.532
SSD,South Sudan,Sub-Saharan Africa,4.85,31.6,2018,6.3,10122977,9485229.449000001
SSD,South Sudan,Sub-Saharan Africa,4.85,31.6,2019,6.8,10423384,9714593.888
SSD,South Sudan,Sub-Saharan Africa,4.85,31.6,2020,7.3,10698467,9917478.909
SSD,South Sudan,Sub-Saharan Africa,4.85,31.6,2021,7.7,10865780,10029114.940000001
SSD,South Sudan,Sub-Saharan Africa,4.85,31.6,2022,8.4,11021177,10095398.132000001
SSD,South Sudan,Sub-Saharan Africa,4.85,31.6,2023,5.4,11483374,10863271.804
SSD,South Sudan,Sub-Saharan Africa,4.85,31.6,2024,5.4,11943408,11298463.968
ESP,Spain,Europe & Central Asia,40.4167,-3.70327,1990,100.0,38867322,0.0
ESP,Spain,Europe & Central Asia,40.4167,-3.70327,1991,100.0,38966376,0.0
ESP,Spain,Europe & Central Asia,40.4167,-3.70327,1992,100.0,39157685,0.0
ESP,Spain,Europe & Central Asia,40.4167,-3.70327,1993,100.0,39361262,0.0
ESP,Spain,Europe & Central Asia,40.4167,-3.70327,1994,100.0,39549108,0.0
ESP,Spain,Europe & Central Asia,40.4167,-3.70327,1995,100.0,39724050,0.0
ESP,Spain,Europe & Central Asia,40.4167,-3.70327,1996,100.0,39889852,0.0
ESP,Spain,Europe & Central Asia,40.4167,-3.70327,1997,100.0,40057389,0.0
ESP,Spain,Europe & Central Asia,40.4167,-3.70327,1998,100.0,40223509,0.0
ESP,Spain,Europe & Central Asia,40.4167,-3.70327,1999,100.0,40386875,0.0
ESP,Spain,Europe & Central Asia,40.4167,-3.70327,2000,100.0,40567864,0.0
ESP,Spain,Europe & Central Asia,40.4167,-3.70327,2001,100.0,40850412,0.0
ESP,Spain,Europe & Central Asia,40.4167,-3.70327,2002,100.0,41431558,0.0
ESP,Spain,Europe & Central Asia,40.4167,-3.70327,2003,100.0,42187645,0.0
ESP,Spain,Europe & Central Asia,40.4167,-3.70327,2004,100.0,42921895,0.0
ESP,Spain,Europe & Central Asia,40.4167,-3.70327,2005,100.0,43653155,0.0
ESP,Spain,Europe & Central Asia,40.4167,-3.70327,2006,100.0,44397319,0.0
ESP,Spain,Europe & Central Asia,40.4167,-3.70327,2007,100.0,45226803,0.0
ESP,Spain,Europe & Central Asia,40.4167,-3.70327,2008,100.0,45954106,0.0
ESP,Spain,Europe & Central Asia,40.4167,-3.70327,2009,100.0,46362946,0.0
ESP,Spain,Europe & Central Asia,40.4167,-3.70327,2010,100.0,46576897,0.0
ESP,Spain,Europe & Central Asia,40.4167,-3.70327,2011,100.0,46742697,0.0
ESP,Spain,Europe & Central Asia,40.4167,-3.70327,2012,100.0,46773055,0.0
ESP,Spain,Europe & Central Asia,40.4167,-3.70327,2013,100.0,46604197,0.0
ESP,Spain,Europe & Central Asia,40.4167,-3.70327,2014,100.0,46460733,0.0
ESP,Spain,Europe & Central Asia,40.4167,-3.70327,2015,100.0,46422303,0.0
ESP,Spain,Europe & Central Asia,40.4167,-3.70327,2016,100.0,46458139,0.0
ESP,Spain,Europe & Central Asia,40.4167,-3.70327,2017,100.0,46571232,0.0
ESP,Spain,Europe & Central Asia,40.4167,-3.70327,2018,100.0,46782011,0.0
ESP,Spain,Europe & Central Asia,40.4167,-3.70327,2019,100.0,47118501,0.0
ESP,Spain,Europe & Central Asia,40.4167,-3.70327,2020,100.0,47359424,0.0
ESP,Spain,Europe & Central Asia,40.4167,-3.70327,2021,100.0,47443821,0.0
ESP,Spain,Europe & Central Asia,40.4167,-3.70327,2022,100.0,47786102,0.0
ESP,Spain,Europe & Central Asia,40.4167,-3.70327,2023,100.0,48352528,0.0
ESP,Spain,Europe & Central Asia,40.4167,-3.70327,2024,100.0,48848840,0.0
LKA,Sri Lanka,South Asia,6.92148,79.8528,2000,70.3,19293054,5730037.038000001
LKA,Sri Lanka,South Asia,6.92148,79.8528,2001,63.6,19600362,7134531.768
LKA,Sri Lanka,South Asia,6.92148,79.8528,2002,80.7,19805752,3822510.135999999
LKA,Sri Lanka,South Asia,6.92148,79.8528,2003,75.0,19951521,4987880.25
LKA,Sri Lanka,South Asia,6.92148,79.8528,2004,76.5,20087605,4720587.175
LKA,Sri Lanka,South Asia,6.92148,79.8528,2005,78.1,20216524,4427418.756000002
LKA,Sri Lanka,South Asia,6.92148,79.8528,2006,82.0,20352411,3663433.980000001
LKA,Sri Lanka,South Asia,6.92148,79.8528,2007,80.0,20492545,4098508.999999999
LKA,Sri Lanka,South Asia,6.92148,79.8528,2008,82.9,20629378,3527623.6379999984
LKA,Sri Lanka,South Asia,6.92148,79.8528,2009,87.1,20756435,2677580.115
LKA,Sri Lanka,South Asia,6.92148,79.8528,2010,85.3,20879089,3069226.0830000006
LKA,Sri Lanka,South Asia,6.92148,79.8528,2011,87.8,21009048,2563103.856
LKA,Sri Lanka,South Asia,6.92148,79.8528,2012,87.0,21169458,2752029.54
LKA,Sri Lanka,South Asia,6.92148,79.8528,2013,90.2,20585000,2017329.9999999995
LKA,Sri Lanka,South Asia,6.92148,79.8528,2014,92.7,20778000,1516793.999999999
LKA,Sri Lanka,South Asia,6.92148,79.8528,2015,94.3,20970000,1195290.0000000012
LKA,Sri Lanka,South Asia,6.92148,79.8528,2016,97.5,21209000,530225.0000000005
LKA,Sri Lanka,South Asia,6.92148,79.8528,2017,97.5,21453000,536325.0000000005
LKA,Sri Lanka,South Asia,6.92148,79.8528,2018,99.6,21670000,86680.00000000007
LKA,Sri Lanka,South Asia,6.92148,79.8528,2019,99.8,21803000,43606.00000000004
LKA,Sri Lanka,South Asia,6.92148,79.8528,2020,100.0,21919000,0.0
LKA,Sri Lanka,South Asia,6.92148,79.8528,2021,100.0,22156000,0.0
LKA,Sri Lanka,South Asia,6.92148,79.8528,2022,100.0,22181000,0.0
LKA,Sri Lanka,South Asia,6.92148,79.8528,2023,100.0,22037000,0.0
LKA,Sri Lanka,South Asia,6.92148,79.8528,2024,100.0,21916000,0.0
KNA,St. Kitts and Nevis,Latin America & Caribbean,17.3,-62.7309,1990,91.3068161010742,40432,3514.828114013677
KNA,St. Kitts and Nevis,Latin America & Caribbean,17.3,-62.7309,1991,91.6711730957031,40358,3361.3479620361445
KNA,St. Kitts and Nevis,Latin America & Caribbean,17.3,-62.7309,1992,92.0354309082031,40715,3242.7743057251087
KNA,St. Kitts and Nevis,Latin America & Caribbean,17.3,-62.7309,1993,92.3990020751953,41242,3134.8035641479532
KNA,St. Kitts and Nevis,Latin America & Caribbean,17.3,-62.7309,1994,92.7612075805664,41776,3024.077921142578
KNA,St. Kitts and Nevis,Latin America & Caribbean,17.3,-62.7309,1995,93.1213836669922,42326,2911.4431491088826
KNA,St. Kitts and Nevis,Latin America & Caribbean,17.3,-62.7309,1996,93.4788360595703,42877,2796.0794627380415
KNA,St. Kitts and Nevis,Latin America & Caribbean,17.3,-62.7309,1997,93.8328857421875,43428,2678.254379882813
KNA,St. Kitts and Nevis,Latin America & Caribbean,17.3,-62.7309,1998,94.182861328125,43998,2559.4246728515623
KNA,St. Kitts and Nevis,Latin America & Caribbean,17.3,-62.7309,1999,94.5279922485352,44601,2440.5701772308166
KNA,St. Kitts and Nevis,Latin America & Caribbean,17.3,-62.7309,2000,95.4,45248,2081.4079999999967
KNA,St. Kitts and Nevis,Latin America & Caribbean,17.3,-62.7309,2001,93.5,45761,2974.4649999999974
KNA,St. Kitts and Nevis,Latin America & Caribbean,17.3,-62.7309,2002,95.8,46020,1932.8400000000017
KNA,St. Kitts and Nevis,Latin America & Caribbean,17.3,-62.7309,2003,96.0,46176,1847.0400000000016
KNA,St. Kitts and Nevis,Latin America & Caribbean,17.3,-62.7309,2004,96.3,46315,1713.6550000000016
KNA,St. Kitts and Nevis,Latin America & Caribbean,17.3,-62.7309,2005,96.5,46437,1625.2950000000014
KNA,St. Kitts and Nevis,Latin America & Caribbean,17.3,-62.7309,2006,96.7,46569,1536.7769999999962
KNA,St. Kitts and Nevis,Latin America & Caribbean,17.3,-62.7309,2007,97.0,46706,1401.1800000000012
KNA,St. Kitts and Nevis,Latin America & Caribbean,17.3,-62.7309,2008,97.3,46835,1264.5450000000012
KNA,St. Kitts and Nevis,Latin America & Caribbean,17.3,-62.7309,2009,97.6,46916,1125.984000000001
KNA,St. Kitts and Nevis,Latin America & Caribbean,17.3,-62.7309,2010,99.8,46846,93.69200000000008
KNA,St. Kitts and Nevis,Latin America & Caribbean,17.3,-62.7309,2011,100.0,46886,0.0
KNA,St. Kitts and Nevis,Latin America & Caribbean,17.3,-62.7309,2012,100.0,47033,0.0
KNA,St. Kitts and Nevis,Latin America & Caribbean,17.3,-62.7309,2013,100.0,47069,0.0
KNA,St. Kitts and Nevis,Latin America & Caribbean,17.3,-62.7309,2014,100.0,47089,0.0
KNA,St. Kitts and Nevis,Latin America & Caribbean,17.3,-62.7309,2015,100.0,47087,0.0
KNA,St. Kitts and Nevis,Latin America & Caribbean,17.3,-62.7309,2016,100.0,47075,0.0
KNA,St. Kitts and Nevis,Latin America & Caribbean,17.3,-62.7309,2017,100.0,47050,0.0
KNA,St. Kitts and Nevis,Latin America & Caribbean,17.3,-62.7309,2018,100.0,47008,0.0
KNA,St. Kitts and Nevis,Latin America & Caribbean,17.3,-62.7309,2019,100.0,46952,0.0
KNA,St. Kitts and Nevis,Latin America & Caribbean,17.3,-62.7309,2020,100.0,46870,0.0
KNA,St. Kitts and Nevis,Latin America & Caribbean,17.3,-62.7309,2021,100.0,46763,0.0
KNA,St. Kitts and Nevis,Latin America & Caribbean,17.3,-62.7309,2022,100.0,46709,0.0
KNA,St. Kitts and Nevis,Latin America & Caribbean,17.3,-62.7309,2023,100.0,46758,0.0
KNA,St. Kitts and Nevis,Latin America & Caribbean,17.3,-62.7309,2024,100.0,46843,0.0
LCA,St. Lucia,Latin America & Caribbean,14.0,-60.9832,2000,86.0,158616,22206.24
LCA,St. Lucia,Latin America & Caribbean,14.0,-60.9832,2001,89.9,160237,16183.936999999996
LCA,St. Lucia,Latin America & Caribbean,14.0,-60.9832,2002,87.7,161641,19881.843
LCA,St. Lucia,Latin America & Caribbean,14.0,-60.9832,2003,88.5,162976,18742.239999999998
LCA,St. Lucia,Latin America & Caribbean,14.0,-60.9832,2004,89.3,164239,17573.572999999997
LCA,St. Lucia,Latin America & Caribbean,14.0,-60.9832,2005,90.1,165450,16379.550000000014
LCA,St. Lucia,Latin America & Caribbean,14.0,-60.9832,2006,90.9,166639,15164.148999999996
LCA,St. Lucia,Latin America & Caribbean,14.0,-60.9832,2007,91.8,167758,13756.156000000012
LCA,St. Lucia,Latin America & Caribbean,14.0,-60.9832,2008,92.7,168808,12322.983999999993
LCA,St. Lucia,Latin America & Caribbean,14.0,-60.9832,2009,93.5,169869,11041.484999999991
LCA,St. Lucia,Latin America & Caribbean,14.0,-60.9832,2010,94.2,170906,9912.54799999999
LCA,St. Lucia,Latin America & Caribbean,14.0,-60.9832,2011,95.4,171801,7902.845999999988
LCA,St. Lucia,Latin America & Caribbean,14.0,-60.9832,2012,95.3,172587,8111.589000000007
LCA,St. Lucia,Latin America & Caribbean,14.0,-60.9832,2013,97.2,173369,4854.332000000004
LCA,St. Lucia,Latin America & Caribbean,14.0,-60.9832,2014,98.1,174138,3308.622000000003
LCA,St. Lucia,Latin America & Caribbean,14.0,-60.9832,2015,99.0,174905,1749.0500000000015
LCA,St. Lucia,Latin America & Caribbean,14.0,-60.9832,2016,99.8,175646,351.2920000000003
LCA,St. Lucia,Latin America & Caribbean,14.0,-60.9832,2017,99.9,176342,176.34199999998057
LCA,St. Lucia,Latin America & Caribbean,14.0,-60.9832,2018,100.0,177017,0.0
LCA,St. Lucia,Latin America & Caribbean,14.0,-60.9832,2019,100.0,177661,0.0
LCA,St. Lucia,Latin America & Caribbean,14.0,-60.9832,2020,100.0,178250,0.0
LCA,St. Lucia,Latin America & Caribbean,14.0,-60.9832,2021,100.0,178522,0.0
LCA,St. Lucia,Latin America & Caribbean,14.0,-60.9832,2022,100.0,178781,0.0
LCA,St. Lucia,Latin America & Caribbean,14.0,-60.9832,2023,100.0,179285,0.0
LCA,St. Lucia,Latin America & Caribbean,14.0,-60.9832,2024,100.0,179744,0.0
MAF,St. Martin (French part),Latin America & Caribbean,,,1990,100.0,28224,0.0
MAF,St. Martin (French part),Latin America & Caribbean,,,1991,100.0,28800,0.0
MAF,St. Martin (French part),Latin America & Caribbean,,,1992,100.0,29081,0.0
MAF,St. Martin (French part),Latin America & Caribbean,,,1993,100.0,29282,0.0
MAF,St. Martin (French part),Latin America & Caribbean,,,1994,100.0,29413,0.0
MAF,St. Martin (French part),Latin America & Caribbean,,,1995,100.0,29470,0.0
MAF,St. Martin (French part),Latin America & Caribbean,,,1996,100.0,29443,0.0
MAF,St. Martin (French part),Latin America & Caribbean,,,1997,100.0,29323,0.0
MAF,St. Martin (French part),Latin America & Caribbean,,,1998,100.0,29107,0.0
MAF,St. Martin (French part),Latin America & Caribbean,,,1999,100.0,29284,0.0
MAF,St. Martin (French part),Latin America & Caribbean,,,2000,100.0,29996,0.0
MAF,St. Martin (French part),Latin America & Caribbean,,,2001,99.9,30803,30.802999999996608
MAF,St. Martin (French part),Latin America & Caribbean,,,2002,99.9,31604,31.603999999996518
MAF,St. Martin (French part),Latin America & Caribbean,,,2003,99.8,32395,64.79000000000006
MAF,St. Martin (French part),Latin America & Caribbean,,,2004,99.8,33171,66.34200000000006
MAF,St. Martin (French part),Latin America & Caribbean,,,2005,99.7,33928,101.78400000000009
MAF,St. Martin (French part),Latin America & Caribbean,,,2006,99.7,34658,103.97400000000009
MAF,St. Martin (French part),Latin America & Caribbean,,,2007,99.7,35337,106.0110000000001
MAF,St. Martin (French part),Latin America & Caribbean,,,2008,99.7,35958,107.8740000000001
MAF,St. Martin (French part),Latin America & Caribbean,,,2009,99.7,36502,109.5060000000001
MAF,St. Martin (French part),Latin America & Caribbean,,,2010,100.0,36856,0.0
MAF,St. Martin (French part),Latin America & Caribbean,,,2011,100.0,37069,0.0
MAF,St. Martin (French part),Latin America & Caribbean,,,2012,100.0,37276,0.0
MAF,St. Martin (French part),Latin America & Caribbean,,,2013,100.0,37419,0.0
MAF,St. Martin (French part),Latin America & Caribbean,,,2014,100.0,37450,0.0
MAF,St. Martin (French part),Latin America & Caribbean,,,2015,100.0,37369,0.0
MAF,St. Martin (French part),Latin America & Caribbean,,,2016,100.0,37175,0.0
MAF,St. Martin (French part),Latin America & Caribbean,,,2017,100.0,36837,0.0
MAF,St. Martin (French part),Latin America & Caribbean,,,2018,100.0,36012,0.0
MAF,St. Martin (French part),Latin America & Caribbean,,,2019,100.0,34267,0.0
MAF,St. Martin (French part),Latin America & Caribbean,,,2020,100.0,31786,0.0
MAF,St. Martin (French part),Latin America & Caribbean,,,2021,100.0,29961,0.0
MAF,St. Martin (French part),Latin America & Caribbean,,,2022,100.0,28870,0.0
MAF,St. Martin (French part),Latin America & Caribbean,,,2023,100.0,27515,0.0
MAF,St. Martin (French part),Latin America & Caribbean,,,2024,100.0,26129,0.0
VCT,St. Vincent and the Grenadines,Latin America & Caribbean,13.2035,-61.2653,1991,66.8,112222,37257.704000000005
VCT,St. Vincent and the Grenadines,Latin America & Caribbean,13.2035,-61.2653,1992,69.1144332885742,112509,34749.04225135805
VCT,St. Vincent and the Grenadines,Latin America & Caribbean,13.2035,-61.2653,1993,70.46484375,112735,33296.458398437506
VCT,St. Vincent and the Grenadines,Latin America & Caribbean,13.2035,-61.2653,1994,71.8138961791992,112918,31827.184712371847
VCT,St. Vincent and the Grenadines,Latin America & Caribbean,13.2035,-61.2653,1995,73.1609039306641,113047,30340.792933502154
VCT,St. Vincent and the Grenadines,Latin America & Caribbean,13.2035,-61.2653,1996,74.5052032470703,113119,28839.459138946553
VCT,St. Vincent and the Grenadines,Latin America & Caribbean,13.2035,-61.2653,1997,75.8460922241211,113141,27327.97279670715
VCT,St. Vincent and the Grenadines,Latin America & Caribbean,13.2035,-61.2653,1998,77.1829071044922,113180,25824.385739135723
VCT,St. Vincent and the Grenadines,Latin America & Caribbean,13.2035,-61.2653,1999,78.5148773193359,113366,24356.824178161667
VCT,St. Vincent and the Grenadines,Latin America & Caribbean,13.2035,-61.2653,2000,80.0,113545,22708.999999999996
VCT,St. Vincent and the Grenadines,Latin America & Caribbean,13.2035,-61.2653,2001,82.4,113501,19976.175999999992
VCT,St. Vincent and the Grenadines,Latin America & Caribbean,13.2035,-61.2653,2002,82.4,113347,19949.071999999993
VCT,St. Vincent and the Grenadines,Latin America & Caribbean,13.2035,-61.2653,2003,83.7,113141,18441.982999999993
VCT,St. Vincent and the Grenadines,Latin America & Caribbean,13.2035,-61.2653,2004,84.9,112835,17038.084999999992
VCT,St. Vincent and the Grenadines,Latin America & Caribbean,13.2035,-61.2653,2005,86.2,112450,15518.100000000002
VCT,St. Vincent and the Grenadines,Latin America & Caribbean,13.2035,-61.2653,2006,87.5,112014,14001.75
VCT,St. Vincent and the Grenadines,Latin America & Caribbean,13.2035,-61.2653,2007,88.8,111531,12491.471999999998
VCT,St. Vincent and the Grenadines,Latin America & Caribbean,13.2035,-61.2653,2008,90.1,111028,10991.77200000001
VCT,St. Vincent and the Grenadines,Latin America & Caribbean,13.2035,-61.2653,2009,91.4,110508,9503.687999999996
VCT,St. Vincent and the Grenadines,Latin America & Caribbean,13.2035,-61.2653,2010,92.7,109959,8027.006999999995
VCT,St. Vincent and the Grenadines,Latin America & Caribbean,13.2035,-61.2653,2011,94.1,109349,6451.591000000006
VCT,St. Vincent and the Grenadines,Latin America & Caribbean,13.2035,-61.2653,2012,95.4,108736,5001.8559999999925
VCT,St. Vincent and the Grenadines,Latin America & Caribbean,13.2035,-61.2653,2013,96.8,108135,3460.320000000003
VCT,St. Vincent and the Grenadines,Latin America & Caribbean,13.2035,-61.2653,2014,98.1,107535,2043.1650000000018
VCT,St. Vincent and the Grenadines,Latin America & Caribbean,13.2035,-61.2653,2015,99.4,106960,641.7599999999887
VCT,St. Vincent and the Grenadines,Latin America & Caribbean,13.2035,-61.2653,2016,99.7,106349,319.0470000000003
VCT,St. Vincent and the Grenadines,Latin America & Caribbean,13.2035,-61.2653,2017,100.0,105663,0.0
VCT,St. Vincent and the Grenadines,Latin America & Caribbean,13.2035,-61.2653,2018,100.0,104926,0.0
VCT,St. Vincent and the Grenadines,Latin America & Caribbean,13.2035,-61.2653,2019,100.0,104167,0.0
VCT,St. Vincent and the Grenadines,Latin America & Caribbean,13.2035,-61.2653,2020,100.0,103526,0.0
VCT,St. Vincent and the Grenadines,Latin America & Caribbean,13.2035,-61.2653,2021,100.0,102841,0.0
VCT,St. Vincent and the Grenadines,Latin America & Caribbean,13.2035,-61.2653,2022,100.0,102046,0.0
VCT,St. Vincent and the Grenadines,Latin America & Caribbean,13.2035,-61.2653,2023,100.0,101323,0.0
VCT,St. Vincent and the Grenadines,Latin America & Caribbean,13.2035,-61.2653,2024,100.0,100616,0.0
SDN,Sudan,Sub-Saharan Africa,15.5932,32.5363,1990,32.8,22021481,14798435.232
SDN,Sudan,Sub-Saharan Africa,15.5932,32.5363,1991,26.9192943572998,22470676,16421728.583484879
SDN,Sudan,Sub-Saharan Africa,15.5932,32.5363,1992,27.4086132049561,22927355,16643284.949922837
SDN,Sudan,Sub-Saharan Africa,15.5932,32.5363,1993,27.897253036499,23445592,16904915.873854835
SDN,Sudan,Sub-Saharan Africa,15.5932,32.5363,1994,28.3845348358154,24043948,17219185.20403466
SDN,Sudan,Sub-Saharan Africa,15.5932,32.5363,1995,28.8697834014893,24672143,17549348.755394295
SDN,Sudan,Sub-Saharan Africa,15.5932,32.5363,1996,29.35231590271,25231528,17825490.194359273
SDN,Sudan,Sub-Saharan Africa,15.5932,32.5363,1997,29.8314571380615,25799821,18103358.45668841
SDN,Sudan,Sub-Saharan Africa,15.5932,32.5363,1998,30.3065280914307,26458999,18440195.03535363
SDN,Sudan,Sub-Saharan Africa,15.5932,32.5363,1999,30.7767562866211,27130613,18780690.35792366
SDN,Sudan,Sub-Saharan Africa,15.5932,32.5363,2000,23.0,27816745,21418893.650000002
SDN,Sudan,Sub-Saharan Africa,15.5932,32.5363,2001,29.4,28516770,20132839.619999997
SDN,Sudan,Sub-Saharan Africa,15.5932,32.5363,2002,29.7,29228727,20547795.081
SDN,Sudan,Sub-Saharan Africa,15.5932,32.5363,2003,29.9,29896035,20957120.535000004
SDN,Sudan,Sub-Saharan Africa,15.5932,32.5363,2004,30.2,30556637,21328532.626
SDN,Sudan,Sub-Saharan Africa,15.5932,32.5363,2005,30.5,31262444,21727398.580000002
SDN,Sudan,Sub-Saharan Africa,15.5932,32.5363,2006,30.8,31992435,22138765.02
SDN,Sudan,Sub-Saharan Africa,15.5932,32.5363,2007,31.1,32764135,22574489.015
SDN,Sudan,Sub-Saharan Africa,15.5932,32.5363,2008,20.0,33623980,26899184.0
SDN,Sudan,Sub-Saharan Africa,15.5932,32.5363,2009,29.0,34569113,24544070.23
SDN,Sudan,Sub-Saharan Africa,15.5932,32.5363,2010,36.0,35414399,22665215.36
SDN,Sudan,Sub-Saharan Africa,15.5932,32.5363,2011,38.3,36140806,22298877.302
SDN,Sudan,Sub-Saharan Africa,15.5932,32.5363,2012,40.7,36923178,21895444.553999998
SDN,Sudan,Sub-Saharan Africa,15.5932,32.5363,2013,43.1,37785849,21500148.080999997
SDN,Sudan,Sub-Saharan Africa,15.5932,32.5363,2014,44.9,38823318,21391648.218
SDN,Sudan,Sub-Saharan Africa,15.5932,32.5363,2015,48.0,40024431,20812704.12
SDN,Sudan,Sub-Saharan Africa,15.5932,32.5363,2016,50.5,41259892,20423646.54
SDN,Sudan,Sub-Saharan Africa,15.5932,32.5363,2017,53.0,42714306,20075723.82
SDN,Sudan,Sub-Saharan Africa,15.5932,32.5363,2018,55.3,44230596,19771076.412000004
SDN,Sudan,Sub-Saharan Africa,15.5932,32.5363,2019,57.6,45548175,19312426.199999996
SDN,Sudan,Sub-Saharan Africa,15.5932,32.5363,2020,59.7,46789231,18856060.093000002
SDN,Sudan,Sub-Saharan Africa,15.5932,32.5363,2021,61.8,48066924,18361564.968
SDN,Sudan,Sub-Saharan Africa,15.5932,32.5363,2022,63.2,49383346,18173071.327999998
SDN,Sudan,Sub-Saharan Africa,15.5932,32.5363,2023,66.0,50042791,17014548.939999998
SDN,Sudan,Sub-Saharan Africa,15.5932,32.5363,2024,66.0,50448963,17152647.419999998
SUR,Suriname,Latin America & Caribbean,5.8232,-55.1679,1999,99.62406,466916,1755.3240103999851
SUR,Suriname,Latin America & Caribbean,5.8232,-55.1679,2000,95.4,476643,21925.577999999965
SUR,Suriname,Latin America & Caribbean,5.8232,-55.1679,2001,95.3,486560,22868.32000000002
SUR,Suriname,Latin America & Caribbean,5.8232,-55.1679,2002,95.2,496551,23834.447999999968
SUR,Suriname,Latin America & Caribbean,5.8232,-55.1679,2003,95.1,506414,24814.286000000022
SUR,Suriname,Latin America & Caribbean,5.8232,-55.1679,2004,95.0,513923,25696.150000000023
SUR,Suriname,Latin America & Caribbean,5.8232,-55.1679,2005,94.9,519313,26484.962999999967
SUR,Suriname,Latin America & Caribbean,5.8232,-55.1679,2006,91.0,524997,47249.72999999998
SUR,Suriname,Latin America & Caribbean,5.8232,-55.1679,2007,94.7,531016,28143.847999999965
SUR,Suriname,Latin America & Caribbean,5.8232,-55.1679,2008,94.7,537245,28473.984999999964
SUR,Suriname,Latin America & Caribbean,5.8232,-55.1679,2009,94.6,543568,29352.672000000028
SUR,Suriname,Latin America & Caribbean,5.8232,-55.1679,2010,91.2,549923,48393.22399999998
SUR,Suriname,Latin America & Caribbean,5.8232,-55.1679,2011,94.6,556269,30038.526000000027
SUR,Suriname,Latin America & Caribbean,5.8232,-55.1679,2012,94.6,562633,30382.182000000026
SUR,Suriname,Latin America & Caribbean,5.8232,-55.1679,2013,94.6,569020,30727.080000000027
SUR,Suriname,Latin America & Caribbean,5.8232,-55.1679,2014,94.6,575373,31070.14200000003
SUR,Suriname,Latin America & Caribbean,5.8232,-55.1679,2015,95.0,581627,29081.350000000024
SUR,Suriname,Latin America & Caribbean,5.8232,-55.1679,2016,95.8,587757,24685.794000000024
SUR,Suriname,Latin America & Caribbean,5.8232,-55.1679,2017,96.6,593713,20186.242000000017
SUR,Suriname,Latin America & Caribbean,5.8232,-55.1679,2018,97.4,599513,15587.337999999947
SUR,Suriname,Latin America & Caribbean,5.8232,-55.1679,2019,97.9,605768,12721.127999999944
SUR,Suriname,Latin America & Caribbean,5.8232,-55.1679,2020,98.4,612317,9797.07199999994
SUR,Suriname,Latin America & Caribbean,5.8232,-55.1679,2021,98.8,617896,7414.752000000007
SUR,Suriname,Latin America & Caribbean,5.8232,-55.1679,2022,99.0,623164,6231.640000000006
SUR,Suriname,Latin America & Caribbean,5.8232,-55.1679,2023,99.6,628886,2515.544000000002
SUR,Suriname,Latin America & Caribbean,5.8232,-55.1679,2024,99.0,634431,6344.310000000006
SWE,Sweden,Europe & Central Asia,59.3327,18.0645,1990,100.0,8558835,0.0
SWE,Sweden,Europe & Central Asia,59.3327,18.0645,1991,100.0,8617375,0.0
SWE,Sweden,Europe & Central Asia,59.3327,18.0645,1992,100.0,8668067,0.0
SWE,Sweden,Europe & Central Asia,59.3327,18.0645,1993,100.0,8718561,0.0
SWE,Sweden,Europe & Central Asia,59.3327,18.0645,1994,100.0,8780745,0.0
SWE,Sweden,Europe & Central Asia,59.3327,18.0645,1995,100.0,8826939,0.0
SWE,Sweden,Europe & Central Asia,59.3327,18.0645,1996,100.0,8840998,0.0
SWE,Sweden,Europe & Central Asia,59.3327,18.0645,1997,100.0,8846062,0.0
SWE,Sweden,Europe & Central Asia,59.3327,18.0645,1998,100.0,8850974,0.0
SWE,Sweden,Europe & Central Asia,59.3327,18.0645,1999,100.0,8857874,0.0
SWE,Sweden,Europe & Central Asia,59.3327,18.0645,2000,100.0,8872109,0.0
SWE,Sweden,Europe & Central Asia,59.3327,18.0645,2001,100.0,8895960,0.0
SWE,Sweden,Europe & Central Asia,59.3327,18.0645,2002,100.0,8924958,0.0
SWE,Sweden,Europe & Central Asia,59.3327,18.0645,2003,100.0,8958229,0.0
SWE,Sweden,Europe & Central Asia,59.3327,18.0645,2004,100.0,8993531,0.0
SWE,Sweden,Europe & Central Asia,59.3327,18.0645,2005,100.0,9029572,0.0
SWE,Sweden,Europe & Central Asia,59.3327,18.0645,2006,100.0,9080505,0.0
SWE,Sweden,Europe & Central Asia,59.3327,18.0645,2007,100.0,9148092,0.0
SWE,Sweden,Europe & Central Asia,59.3327,18.0645,2008,100.0,9219637,0.0
SWE,Sweden,Europe & Central Asia,59.3327,18.0645,2009,100.0,9298515,0.0
SWE,Sweden,Europe & Central Asia,59.3327,18.0645,2010,100.0,9378126,0.0
SWE,Sweden,Europe & Central Asia,59.3327,18.0645,2011,100.0,9449213,0.0
SWE,Sweden,Europe & Central Asia,59.3327,18.0645,2012,100.0,9519374,0.0
SWE,Sweden,Europe & Central Asia,59.3327,18.0645,2013,100.0,9600379,0.0
SWE,Sweden,Europe & Central Asia,59.3327,18.0645,2014,100.0,9696110,0.0
SWE,Sweden,Europe & Central Asia,59.3327,18.0645,2015,100.0,9799186,0.0
SWE,Sweden,Europe & Central Asia,59.3327,18.0645,2016,100.0,9923085,0.0
SWE,Sweden,Europe & Central Asia,59.3327,18.0645,2017,100.0,10057698,0.0
SWE,Sweden,Europe & Central Asia,59.3327,18.0645,2018,100.0,10175214,0.0
SWE,Sweden,Europe & Central Asia,59.3327,18.0645,2019,100.0,10278887,0.0
SWE,Sweden,Europe & Central Asia,59.3327,18.0645,2020,100.0,10353442,0.0
SWE,Sweden,Europe & Central Asia,59.3327,18.0645,2021,100.0,10415811,0.0
SWE,Sweden,Europe & Central Asia,59.3327,18.0645,2022,100.0,10486941,0.0
SWE,Sweden,Europe & Central Asia,59.3327,18.0645,2023,100.0,10536632,0.0
SWE,Sweden,Europe & Central Asia,59.3327,18.0645,2024,100.0,10569709,0.0
CHE,Switzerland,Europe & Central Asia,46.948,7.44821,1990,100.0,6715519,0.0
CHE,Switzerland,Europe & Central Asia,46.948,7.44821,1991,100.0,6799978,0.0
CHE,Switzerland,Europe & Central Asia,46.948,7.44821,1992,100.0,6875364,0.0
CHE,Switzerland,Europe & Central Asia,46.948,7.44821,1993,100.0,6938265,0.0
CHE,Switzerland,Europe & Central Asia,46.948,7.44821,1994,100.0,6993795,0.0
CHE,Switzerland,Europe & Central Asia,46.948,7.44821,1995,100.0,7040687,0.0
CHE,Switzerland,Europe & Central Asia,46.948,7.44821,1996,100.0,7071850,0.0
CHE,Switzerland,Europe & Central Asia,46.948,7.44821,1997,100.0,7088906,0.0
CHE,Switzerland,Europe & Central Asia,46.948,7.44821,1998,100.0,7110001,0.0
CHE,Switzerland,Europe & Central Asia,46.948,7.44821,1999,100.0,7143991,0.0
CHE,Switzerland,Europe & Central Asia,46.948,7.44821,2000,100.0,7184250,0.0
CHE,Switzerland,Europe & Central Asia,46.948,7.44821,2001,100.0,7229854,0.0
CHE,Switzerland,Europe & Central Asia,46.948,7.44821,2002,100.0,7284753,0.0
CHE,Switzerland,Europe & Central Asia,46.948,7.44821,2003,100.0,7339001,0.0
CHE,Switzerland,Europe & Central Asia,46.948,7.44821,2004,100.0,7389625,0.0
CHE,Switzerland,Europe & Central Asia,46.948,7.44821,2005,100.0,7437115,0.0
CHE,Switzerland,Europe & Central Asia,46.948,7.44821,2006,100.0,7483934,0.0
CHE,Switzerland,Europe & Central Asia,46.948,7.44821,2007,100.0,7551117,0.0
CHE,Switzerland,Europe & Central Asia,46.948,7.44821,2008,100.0,7647675,0.0
CHE,Switzerland,Europe & Central Asia,46.948,7.44821,2009,100.0,7743831,0.0
CHE,Switzerland,Europe & Central Asia,46.948,7.44821,2010,100.0,7824909,0.0
CHE,Switzerland,Europe & Central Asia,46.948,7.44821,2011,100.0,7912398,0.0
CHE,Switzerland,Europe & Central Asia,46.948,7.44821,2012,100.0,7996861,0.0
CHE,Switzerland,Europe & Central Asia,46.948,7.44821,2013,100.0,8089346,0.0
CHE,Switzerland,Europe & Central Asia,46.948,7.44821,2014,100.0,8188649,0.0
CHE,Switzerland,Europe & Central Asia,46.948,7.44821,2015,100.0,8282396,0.0
CHE,Switzerland,Europe & Central Asia,46.948,7.44821,2016,100.0,8373338,0.0
CHE,Switzerland,Europe & Central Asia,46.948,7.44821,2017,100.0,8451840,0.0
CHE,Switzerland,Europe & Central Asia,46.948,7.44821,2018,100.0,8514329,0.0
CHE,Switzerland,Europe & Central Asia,46.948,7.44821,2019,100.0,8575280,0.0
CHE,Switzerland,Europe & Central Asia,46.948,7.44821,2020,100.0,8638167,0.0
CHE,Switzerland,Europe & Central Asia,46.948,7.44821,2021,100.0,8704546,0.0
CHE,Switzerland,Europe & Central Asia,46.948,7.44821,2022,100.0,8777088,0.0
CHE,Switzerland,Europe & Central Asia,46.948,7.44821,2023,100.0,8888822,0.0
CHE,Switzerland,Europe & Central Asia,46.948,7.44821,2024,100.0,9005582,0.0
SYR,Syrian Arab Republic,"Middle East, North Africa, Afghanistan & Pakistan",33.5146,36.3119,2000,93.4,16637888,1098100.607999999
SYR,Syrian Arab Republic,"Middle East, North Africa, Afghanistan & Pakistan",33.5146,36.3119,2001,93.1,17051338,1176542.322000001
SYR,Syrian Arab Republic,"Middle East, North Africa, Afghanistan & Pakistan",33.5146,36.3119,2002,86.6,17468332,2340756.4880000004
SYR,Syrian Arab Republic,"Middle East, North Africa, Afghanistan & Pakistan",33.5146,36.3119,2003,92.6,17889296,1323807.9040000013
SYR,Syrian Arab Republic,"Middle East, North Africa, Afghanistan & Pakistan",33.5146,36.3119,2004,92.3,18336875,1411939.3750000012
SYR,Syrian Arab Republic,"Middle East, North Africa, Afghanistan & Pakistan",33.5146,36.3119,2005,92.0,18814091,1505127.2799999993
SYR,Syrian Arab Republic,"Middle East, North Africa, Afghanistan & Pakistan",33.5146,36.3119,2006,99.5,19637022,98185.11000000009
SYR,Syrian Arab Republic,"Middle East, North Africa, Afghanistan & Pakistan",33.5146,36.3119,2007,91.5,20884125,1775150.6249999993
SYR,Syrian Arab Republic,"Middle East, North Africa, Afghanistan & Pakistan",33.5146,36.3119,2008,91.3,21636564,1882381.0680000016
SYR,Syrian Arab Republic,"Middle East, North Africa, Afghanistan & Pakistan",33.5146,36.3119,2009,91.1,21976969,1955950.2410000018
SYR,Syrian Arab Republic,"Middle East, North Africa, Afghanistan & Pakistan",33.5146,36.3119,2010,92.7,22482421,1641216.732999999
SYR,Syrian Arab Republic,"Middle East, North Africa, Afghanistan & Pakistan",33.5146,36.3119,2011,91.5,22878098,1944638.3299999991
SYR,Syrian Arab Republic,"Middle East, North Africa, Afghanistan & Pakistan",33.5146,36.3119,2012,90.7,22759763,2116657.9589999993
SYR,Syrian Arab Republic,"Middle East, North Africa, Afghanistan & Pakistan",33.5146,36.3119,2013,90.4,21666917,2080024.0319999994
SYR,Syrian Arab Republic,"Middle East, North Africa, Afghanistan & Pakistan",33.5146,36.3119,2014,90.2,20273659,1986818.5819999995
SYR,Syrian Arab Republic,"Middle East, North Africa, Afghanistan & Pakistan",33.5146,36.3119,2015,90.0,19424618,1942461.7999999996
SYR,Syrian Arab Republic,"Middle East, North Africa, Afghanistan & Pakistan",33.5146,36.3119,2016,89.8,19193834,1957771.0679999995
SYR,Syrian Arab Republic,"Middle East, North Africa, Afghanistan & Pakistan",33.5146,36.3119,2017,89.6,19224668,1999365.4720000017
SYR,Syrian Arab Republic,"Middle East, North Africa, Afghanistan & Pakistan",33.5146,36.3119,2018,86.0,19577845,2740898.3000000003
SYR,Syrian Arab Republic,"Middle East, North Africa, Afghanistan & Pakistan",33.5146,36.3119,2019,89.2,20353534,2198181.672
SYR,Syrian Arab Republic,"Middle East, North Africa, Afghanistan & Pakistan",33.5146,36.3119,2020,89.0,21049429,2315437.19
SYR,Syrian Arab Republic,"Middle East, North Africa, Afghanistan & Pakistan",33.5146,36.3119,2021,88.8,21628839,2422429.968
SYR,Syrian Arab Republic,"Middle East, North Africa, Afghanistan & Pakistan",33.5146,36.3119,2022,89.0,22462173,2470839.03
SYR,Syrian Arab Republic,"Middle East, North Africa, Afghanistan & Pakistan",33.5146,36.3119,2023,88.4,23594623,2736976.2679999997
SYR,Syrian Arab Republic,"Middle East, North Africa, Afghanistan & Pakistan",33.5146,36.3119,2024,89.3,24672760,2639985.32
TJK,Tajikistan,Europe & Central Asia,38.5878,68.7864,1999,97.0,6208370,186251.10000000015
TJK,Tajikistan,Europe & Central Asia,38.5878,68.7864,2000,98.5,6284735,94271.02500000008
TJK,Tajikistan,Europe & Central Asia,38.5878,68.7864,2001,98.6,6407377,89703.27800000008
TJK,Tajikistan,Europe & Central Asia,38.5878,68.7864,2002,99.0,6531669,65316.69000000006
TJK,Tajikistan,Europe & Central Asia,38.5878,68.7864,2003,100.0,6658575,0.0
TJK,Tajikistan,Europe & Central Asia,38.5878,68.7864,2004,98.5,6790547,101858.20500000009
TJK,Tajikistan,Europe & Central Asia,38.5878,68.7864,2005,99.3,6924720,48473.040000000045
TJK,Tajikistan,Europe & Central Asia,38.5878,68.7864,2006,98.6,7057566,98805.92400000009
TJK,Tajikistan,Europe & Central Asia,38.5878,68.7864,2007,98.6,7194477,100722.67800000009
TJK,Tajikistan,Europe & Central Asia,38.5878,68.7864,2008,98.6,7338403,102737.6420000001
TJK,Tajikistan,Europe & Central Asia,38.5878,68.7864,2009,99.0,7490230,74902.30000000006
TJK,Tajikistan,Europe & Central Asia,38.5878,68.7864,2010,98.8,7652141,91825.69200000008
TJK,Tajikistan,Europe & Central Asia,38.5878,68.7864,2011,98.9,7824785,86072.63499999921
TJK,Tajikistan,Europe & Central Asia,38.5878,68.7864,2012,99.1,8014084,72126.75600000007
TJK,Tajikistan,Europe & Central Asia,38.5878,68.7864,2013,99.0,8216724,82167.24000000008
TJK,Tajikistan,Europe & Central Asia,38.5878,68.7864,2014,99.1,8425552,75829.96800000007
TJK,Tajikistan,Europe & Central Asia,38.5878,68.7864,2015,98.0,8643840,172876.80000000016
TJK,Tajikistan,Europe & Central Asia,38.5878,68.7864,2016,99.3,8865631,62059.41700000005
TJK,Tajikistan,Europe & Central Asia,38.5878,68.7864,2017,99.3,9085946,63601.622000000054
TJK,Tajikistan,Europe & Central Asia,38.5878,68.7864,2018,99.3,9307333,65151.33100000006
TJK,Tajikistan,Europe & Central Asia,38.5878,68.7864,2019,99.4,9529966,57179.79599999899
TJK,Tajikistan,Europe & Central Asia,38.5878,68.7864,2020,99.5,9749310,48746.55000000005
TJK,Tajikistan,Europe & Central Asia,38.5878,68.7864,2021,99.6,9966908,39867.632000000034
TJK,Tajikistan,Europe & Central Asia,38.5878,68.7864,2022,100.0,10182222,0.0
TJK,Tajikistan,Europe & Central Asia,38.5878,68.7864,2023,100.0,10389799,0.0
TJK,Tajikistan,Europe & Central Asia,38.5878,68.7864,2024,99.9,10590927,10590.926999998834
TZA,Tanzania,Sub-Saharan Africa,-6.17486,35.7382,1992,6.8,27457588,25590472.016
TZA,Tanzania,Sub-Saharan Africa,-6.17486,35.7382,1993,2.33018779754639,28332692,27672487.0682996
TZA,Tanzania,Sub-Saharan Africa,-6.17486,35.7382,1994,3.30064725875854,29442356,28470567.68377207
TZA,Tanzania,Sub-Saharan Africa,-6.17486,35.7382,1995,4.26906728744507,30383497,29086405.068791144
TZA,Tanzania,Sub-Saharan Africa,-6.17486,35.7382,1996,9.4,30945762,28036860.372
TZA,Tanzania,Sub-Saharan Africa,-6.17486,35.7382,1997,6.1970682144165,31578089,29621173.283860847
TZA,Tanzania,Sub-Saharan Africa,-6.17486,35.7382,1998,7.15528964996338,32420458,30100680.324255276
TZA,Tanzania,Sub-Saharan Africa,-6.17486,35.7382,1999,8.0,33300330,30636303.6
TZA,Tanzania,Sub-Saharan Africa,-6.17486,35.7382,2000,8.7,34260139,31279506.907
TZA,Tanzania,Sub-Saharan Africa,-6.17486,35.7382,2001,9.7,35198299,31784063.997
TZA,Tanzania,Sub-Saharan Africa,-6.17486,35.7382,2002,10.7,36121304,32256324.472
TZA,Tanzania,Sub-Saharan Africa,-6.17486,35.7382,2003,11.1,37089555,32972614.395
TZA,Tanzania,Sub-Saharan Africa,-6.17486,35.7382,2004,11.4,38109668,33765165.848
TZA,Tanzania,Sub-Saharan Africa,-6.17486,35.7382,2005,13.8,39182076,33774949.512
TZA,Tanzania,Sub-Saharan Africa,-6.17486,35.7382,2006,14.9,40294902,34290961.602
TZA,Tanzania,Sub-Saharan Africa,-6.17486,35.7382,2007,15.9,41435512,34847265.592
TZA,Tanzania,Sub-Saharan Africa,-6.17486,35.7382,2008,11.5,42570728,37675094.28
TZA,Tanzania,Sub-Saharan Africa,-6.17486,35.7382,2009,11.2,43633982,38746976.016
TZA,Tanzania,Sub-Saharan Africa,-6.17486,35.7382,2010,14.8,44758488,38134231.776
TZA,Tanzania,Sub-Saharan Africa,-6.17486,35.7382,2011,14.2,46029367,39493196.886
TZA,Tanzania,Sub-Saharan Africa,-6.17486,35.7382,2012,15.3,47374260,40125998.22
TZA,Tanzania,Sub-Saharan Africa,-6.17486,35.7382,2013,16.4,48824128,40816971.008
TZA,Tanzania,Sub-Saharan Africa,-6.17486,35.7382,2014,23.5,50351512,38518906.68
TZA,Tanzania,Sub-Saharan Africa,-6.17486,35.7382,2015,26.2,52020962,38391469.956
TZA,Tanzania,Sub-Saharan Africa,-6.17486,35.7382,2016,32.8,53824013,36169736.736
TZA,Tanzania,Sub-Saharan Africa,-6.17486,35.7382,2017,32.1,55652890,37788312.31
TZA,Tanzania,Sub-Saharan Africa,-6.17486,35.7382,2018,34.9,57437145,37391581.395
TZA,Tanzania,Sub-Saharan Africa,-6.17486,35.7382,2019,37.7,59174891,36865957.093
TZA,Tanzania,Sub-Saharan Africa,-6.17486,35.7382,2020,39.9,60972798,36644651.598
TZA,Tanzania,Sub-Saharan Africa,-6.17486,35.7382,2021,42.7,62830412,36001826.076
TZA,Tanzania,Sub-Saharan Africa,-6.17486,35.7382,2022,45.8,64711821,35073806.982
TZA,Tanzania,Sub-Saharan Africa,-6.17486,35.7382,2023,48.3,66617606,34441302.302
TZA,Tanzania,Sub-Saharan Africa,-6.17486,35.7382,2024,52.4,68560157,32634634.731999997
THA,Thailand,East Asia & Pacific,13.7308,100.521,2000,82.1,63007815,11278398.885000004
THA,Thailand,East Asia & Pacific,13.7308,100.521,2001,90.4,63651141,6110509.535999998
THA,Thailand,East Asia & Pacific,13.7308,100.521,2002,91.0,64266437,5783979.329999998
THA,Thailand,East Asia & Pacific,13.7308,100.521,2003,91.6,64868166,5448925.944000005
THA,Thailand,East Asia & Pacific,13.7308,100.521,2004,92.2,65452047,5105259.665999997
THA,Thailand,East Asia & Pacific,13.7308,100.521,2005,92.8,66017420,4753254.240000004
THA,Thailand,East Asia & Pacific,13.7308,100.521,2006,99.1,66567687,599109.1830000005
THA,Thailand,East Asia & Pacific,13.7308,100.521,2007,94.1,67102394,3959041.2460000035
THA,Thailand,East Asia & Pacific,13.7308,100.521,2008,94.8,67619830,3516231.160000003
THA,Thailand,East Asia & Pacific,13.7308,100.521,2009,99.0,68121080,681210.8000000006
THA,Thailand,East Asia & Pacific,13.7308,100.521,2010,99.7,68579447,205738.3410000002
THA,Thailand,East Asia & Pacific,13.7308,100.521,2011,99.3,69007208,483050.4560000004
THA,Thailand,East Asia & Pacific,13.7308,100.521,2012,99.1,69436098,624924.8820000006
THA,Thailand,East Asia & Pacific,13.7308,100.521,2013,99.4,69845114,419070.6839999926
THA,Thailand,East Asia & Pacific,13.7308,100.521,2014,99.5,70216367,351081.8350000003
THA,Thailand,East Asia & Pacific,13.7308,100.521,2015,99.6,70540795,282163.1800000002
THA,Thailand,East Asia & Pacific,13.7308,100.521,2016,99.9,70859841,70859.8409999922
THA,Thailand,East Asia & Pacific,13.7308,100.521,2017,99.9,71160187,71160.18699999216
THA,Thailand,East Asia & Pacific,13.7308,100.521,2018,99.8,71376079,142752.15800000014
THA,Thailand,East Asia & Pacific,13.7308,100.521,2019,99.9,71522271,71522.27099999212
THA,Thailand,East Asia & Pacific,13.7308,100.521,2020,100.0,71641484,0.0
THA,Thailand,East Asia & Pacific,13.7308,100.521,2021,100.0,71727332,0.0
THA,Thailand,East Asia & Pacific,13.7308,100.521,2022,99.9,71735329,71735.3289999921
THA,Thailand,East Asia & Pacific,13.7308,100.521,2023,100.0,71702435,0.0
THA,Thailand,East Asia & Pacific,13.7308,100.521,2024,100.0,71668011,0.0
TLS,Timor-Leste,East Asia & Pacific,-8.56667,125.567,2000,17.8,745088,612462.336
TLS,Timor-Leste,East Asia & Pacific,-8.56667,125.567,2001,25.6,812249,604313.256
TLS,Timor-Leste,East Asia & Pacific,-8.56667,125.567,2002,24.1,879159,667281.681
TLS,Timor-Leste,East Asia & Pacific,-8.56667,125.567,2003,27.7,916878,662902.7940000001
TLS,Timor-Leste,East Asia & Pacific,-8.56667,125.567,2004,30.4,929074,646635.504
TLS,Timor-Leste,East Asia & Pacific,-8.56667,125.567,2005,33.5,948311,630626.8150000001
TLS,Timor-Leste,East Asia & Pacific,-8.56667,125.567,2006,36.7,976597,618185.901
TLS,Timor-Leste,East Asia & Pacific,-8.56667,125.567,2007,36.6,1004889,637099.626
TLS,Timor-Leste,East Asia & Pacific,-8.56667,125.567,2008,43.1,1032429,587452.1009999999
TLS,Timor-Leste,East Asia & Pacific,-8.56667,125.567,2009,46.3,1058782,568565.934
TLS,Timor-Leste,East Asia & Pacific,-8.56667,125.567,2010,38.0,1084679,672500.98
TLS,Timor-Leste,East Asia & Pacific,-8.56667,125.567,2011,52.7,1110207,525127.911
TLS,Timor-Leste,East Asia & Pacific,-8.56667,125.567,2012,56.0,1134885,499349.39999999997
TLS,Timor-Leste,East Asia & Pacific,-8.56667,125.567,2013,59.2,1158695,472747.5599999999
TLS,Timor-Leste,East Asia & Pacific,-8.56667,125.567,2014,62.4,1181903,444395.528
TLS,Timor-Leste,East Asia & Pacific,-8.56667,125.567,2015,67.3,1205131,394077.83700000006
TLS,Timor-Leste,East Asia & Pacific,-8.56667,125.567,2016,76.5,1228312,288653.32
TLS,Timor-Leste,East Asia & Pacific,-8.56667,125.567,2017,79.5,1251703,256599.11499999996
TLS,Timor-Leste,East Asia & Pacific,-8.56667,125.567,2018,85.2,1275959,188841.93200000003
TLS,Timor-Leste,East Asia & Pacific,-8.56667,125.567,2019,90.6,1300945,122288.8300000001
TLS,Timor-Leste,East Asia & Pacific,-8.56667,125.567,2020,96.0,1326053,53042.120000000046
TLS,Timor-Leste,East Asia & Pacific,-8.56667,125.567,2021,100.0,1350139,0.0
TLS,Timor-Leste,East Asia & Pacific,-8.56667,125.567,2022,99.7,1369295,4107.885000000004
TLS,Timor-Leste,East Asia & Pacific,-8.56667,125.567,2023,100.0,1384286,0.0
TLS,Timor-Leste,East Asia & Pacific,-8.56667,125.567,2024,94.3,1400638,79836.36600000007
TGO,Togo,Sub-Saharan Africa,6.1228,1.2255,1998,15.3,4551635,3855234.8449999997
TGO,Togo,Sub-Saharan Africa,6.1228,1.2255,1999,16.0729999542236,4665754,3915827.361715814
TGO,Togo,Sub-Saharan Africa,6.1228,1.2255,2000,17.0,4783722,3970489.26
TGO,Togo,Sub-Saharan Africa,6.1228,1.2255,2001,19.6,4904144,3942931.776
TGO,Togo,Sub-Saharan Africa,6.1228,1.2255,2002,21.3,5027130,3956351.31
TGO,Togo,Sub-Saharan Africa,6.1228,1.2255,2003,23.0,5154112,3968666.24
TGO,Togo,Sub-Saharan Africa,6.1228,1.2255,2004,24.8,5281320,3971552.64
TGO,Togo,Sub-Saharan Africa,6.1228,1.2255,2005,26.5,5413154,3978668.19
TGO,Togo,Sub-Saharan Africa,6.1228,1.2255,2006,27.9,5569664,4015727.7440000004
TGO,Togo,Sub-Saharan Africa,6.1228,1.2255,2007,30.0,5748443,4023910.0999999996
TGO,Togo,Sub-Saharan Africa,6.1228,1.2255,2008,31.8,5936138,4048446.1159999995
TGO,Togo,Sub-Saharan Africa,6.1228,1.2255,2009,33.7,6130946,4064817.1980000003
TGO,Togo,Sub-Saharan Africa,6.1228,1.2255,2010,30.8,6325788,4377445.296
TGO,Togo,Sub-Saharan Africa,6.1228,1.2255,2011,39.7,6500582,3919850.946
TGO,Togo,Sub-Saharan Africa,6.1228,1.2255,2012,39.1,6653718,4052114.262
TGO,Togo,Sub-Saharan Africa,6.1228,1.2255,2013,41.0,6798848,4011320.3200000008
TGO,Togo,Sub-Saharan Africa,6.1228,1.2255,2014,45.7,6937644,3767140.6919999993
TGO,Togo,Sub-Saharan Africa,6.1228,1.2255,2015,44.7,7071502,3910540.6059999997
TGO,Togo,Sub-Saharan Africa,6.1228,1.2255,2016,46.8,7200884,3830870.288
TGO,Togo,Sub-Saharan Africa,6.1228,1.2255,2017,48.0,7324386,3808680.72
TGO,Togo,Sub-Saharan Africa,6.1228,1.2255,2018,50.0,7458206,3729103.0
TGO,Togo,Sub-Saharan Africa,6.1228,1.2255,2019,52.5,7619925,3619464.375
TGO,Togo,Sub-Saharan Africa,6.1228,1.2255,2020,54.1,7788054,3574716.786
TGO,Togo,Sub-Saharan Africa,6.1228,1.2255,2021,55.7,7936176,3515725.9679999994
TGO,Togo,Sub-Saharan Africa,6.1228,1.2255,2022,57.2,8068616,3453367.6479999996
TGO,Togo,Sub-Saharan Africa,6.1228,1.2255,2023,59.2,8223850,3355330.7999999993
TGO,Togo,Sub-Saharan Africa,6.1228,1.2255,2024,61.1,8406558,3270151.062
TON,Tonga,East Asia & Pacific,-21.136,-175.216,1994,80.0,100166,20033.199999999997
TON,Tonga,East Asia & Pacific,-21.136,-175.216,1995,81.7884750366211,100225,18252.500894546512
TON,Tonga,East Asia & Pacific,-21.136,-175.216,1996,82.5543670654297,100275,17493.608425140366
TON,Tonga,East Asia & Pacific,-21.136,-175.216,1997,83.3168563842773,100674,16795.588003692665
TON,Tonga,East Asia & Pacific,-21.136,-175.216,1998,84.0752716064453,101388,16145.763623657238
TON,Tonga,East Asia & Pacific,-21.136,-175.216,1999,84.8288421630859,102046,15481.559726257368
TON,Tonga,East Asia & Pacific,-21.136,-175.216,2000,85.6,102677,14785.488000000001
TON,Tonga,East Asia & Pacific,-21.136,-175.216,2001,86.3,103288,14150.456000000002
TON,Tonga,East Asia & Pacific,-21.136,-175.216,2002,87.0,103874,13503.62
TON,Tonga,East Asia & Pacific,-21.136,-175.216,2003,87.6,104464,12953.536000000011
TON,Tonga,East Asia & Pacific,-21.136,-175.216,2004,88.3,105071,12293.306999999999
TON,Tonga,East Asia & Pacific,-21.136,-175.216,2005,89.0,105671,11623.81
TON,Tonga,East Asia & Pacific,-21.136,-175.216,2006,92.3,106253,8181.481000000007
TON,Tonga,East Asia & Pacific,-21.136,-175.216,2007,90.5,106726,10138.969999999998
TON,Tonga,East Asia & Pacific,-21.136,-175.216,2008,91.2,107020,9417.759999999997
TON,Tonga,East Asia & Pacific,-21.136,-175.216,2009,92.0,107203,8576.239999999996
TON,Tonga,East Asia & Pacific,-21.136,-175.216,2010,92.8,107400,7732.800000000007
TON,Tonga,East Asia & Pacific,-21.136,-175.216,2011,92.2,107570,8390.459999999995
TON,Tonga,East Asia & Pacific,-21.136,-175.216,2012,92.8,107460,7737.120000000007
TON,Tonga,East Asia & Pacific,-21.136,-175.216,2013,95.1,107078,5246.822000000005
TON,Tonga,East Asia & Pacific,-21.136,-175.216,2014,95.9,106609,4370.968999999992
TON,Tonga,East Asia & Pacific,-21.136,-175.216,2015,100.0,106095,0.0
TON,Tonga,East Asia & Pacific,-21.136,-175.216,2016,97.0,105524,3165.720000000003
TON,Tonga,East Asia & Pacific,-21.136,-175.216,2017,98.2,105356,1896.4080000000017
TON,Tonga,East Asia & Pacific,-21.136,-175.216,2018,99.0,105567,1055.670000000001
TON,Tonga,East Asia & Pacific,-21.136,-175.216,2019,98.4,105669,1690.7039999999897
TON,Tonga,East Asia & Pacific,-21.136,-175.216,2020,99.9,105704,105.70399999998835
TON,Tonga,East Asia & Pacific,-21.136,-175.216,2021,100.0,105490,0.0
TON,Tonga,East Asia & Pacific,-21.136,-175.216,2022,100.0,105042,0.0
TON,Tonga,East Asia & Pacific,-21.136,-175.216,2023,100.0,104597,0.0
TON,Tonga,East Asia & Pacific,-21.136,-175.216,2024,100.0,104175,0.0
TTO,Trinidad and Tobago,Latin America & Caribbean,10.6596,-61.4789,2000,91.3,1319774,114820.3380000001
TTO,Trinidad and Tobago,Latin America & Caribbean,10.6596,-61.4789,2001,96.3,1325567,49045.97900000004
TTO,Trinidad and Tobago,Latin America & Caribbean,10.6596,-61.4789,2002,96.5,1332011,46620.38500000004
TTO,Trinidad and Tobago,Latin America & Caribbean,10.6596,-61.4789,2003,96.7,1338709,44177.39699999989
TTO,Trinidad and Tobago,Latin America & Caribbean,10.6596,-61.4789,2004,96.8,1345380,43052.16000000004
TTO,Trinidad and Tobago,Latin America & Caribbean,10.6596,-61.4789,2005,95.0,1294494,64724.700000000055
TTO,Trinidad and Tobago,Latin America & Caribbean,10.6596,-61.4789,2006,100.0,1297944,0.0
TTO,Trinidad and Tobago,Latin America & Caribbean,10.6596,-61.4789,2007,100.0,1303188,0.0
TTO,Trinidad and Tobago,Latin America & Caribbean,10.6596,-61.4789,2008,100.0,1308587,0.0
TTO,Trinidad and Tobago,Latin America & Caribbean,10.6596,-61.4789,2009,99.0,1310106,13101.060000000012
TTO,Trinidad and Tobago,Latin America & Caribbean,10.6596,-61.4789,2010,100.0,1317714,0.0
TTO,Trinidad and Tobago,Latin America & Caribbean,10.6596,-61.4789,2011,97.5,1328019,33200.47500000003
TTO,Trinidad and Tobago,Latin America & Caribbean,10.6596,-61.4789,2012,100.0,1335194,0.0
TTO,Trinidad and Tobago,Latin America & Caribbean,10.6596,-61.4789,2013,100.0,1340557,0.0
TTO,Trinidad and Tobago,Latin America & Caribbean,10.6596,-61.4789,2014,100.0,1345343,0.0
TTO,Trinidad and Tobago,Latin America & Caribbean,10.6596,-61.4789,2015,100.0,1349667,0.0
TTO,Trinidad and Tobago,Latin America & Caribbean,10.6596,-61.4789,2016,100.0,1353895,0.0
TTO,Trinidad and Tobago,Latin America & Caribbean,10.6596,-61.4789,2017,100.0,1356633,0.0
TTO,Trinidad and Tobago,Latin America & Caribbean,10.6596,-61.4789,2018,100.0,1359193,0.0
TTO,Trinidad and Tobago,Latin America & Caribbean,10.6596,-61.4789,2019,100.0,1363985,0.0
TTO,Trinidad and Tobago,Latin America & Caribbean,10.6596,-61.4789,2020,100.0,1366725,0.0
TTO,Trinidad and Tobago,Latin America & Caribbean,10.6596,-61.4789,2021,100.0,1367558,0.0
TTO,Trinidad and Tobago,Latin America & Caribbean,10.6596,-61.4789,2022,100.0,1365805,0.0
TTO,Trinidad and Tobago,Latin America & Caribbean,10.6596,-61.4789,2023,98.7,1367510,17777.630000000016
TTO,Trinidad and Tobago,Latin America & Caribbean,10.6596,-61.4789,2024,100.0,1368333,0.0
TUN,Tunisia,"Middle East, North Africa, Afghanistan & Pakistan",36.7899,10.21,1994,86.8,9018448,1190435.136
TUN,Tunisia,"Middle East, North Africa, Afghanistan & Pakistan",36.7899,10.21,1995,88.7,9161258,1035222.1539999999
TUN,Tunisia,"Middle East, North Africa, Afghanistan & Pakistan",36.7899,10.21,1996,90.4,9294432,892265.4719999997
TUN,Tunisia,"Middle East, North Africa, Afghanistan & Pakistan",36.7899,10.21,1997,92.0,9421270,753701.5999999996
TUN,Tunisia,"Middle East, North Africa, Afghanistan & Pakistan",36.7899,10.21,1998,93.2,9541667,648833.3559999996
TUN,Tunisia,"Middle East, North Africa, Afghanistan & Pakistan",36.7899,10.21,1999,94.2,9655963,560045.8539999995
TUN,Tunisia,"Middle East, North Africa, Afghanistan & Pakistan",36.7899,10.21,2000,94.8,9764935,507776.62000000046
TUN,Tunisia,"Middle East, North Africa, Afghanistan & Pakistan",36.7899,10.21,2001,97.3,9869677,266481.2790000002
TUN,Tunisia,"Middle East, North Africa, Afghanistan & Pakistan",36.7899,10.21,2002,97.8,9971515,219373.3300000002
TUN,Tunisia,"Middle East, North Africa, Afghanistan & Pakistan",36.7899,10.21,2003,98.4,10071632,161146.11199999903
TUN,Tunisia,"Middle East, North Africa, Afghanistan & Pakistan",36.7899,10.21,2004,99.0,10166163,101661.63000000009
TUN,Tunisia,"Middle East, North Africa, Afghanistan & Pakistan",36.7899,10.21,2005,99.2,10255472,82043.77600000007
TUN,Tunisia,"Middle East, North Africa, Afghanistan & Pakistan",36.7899,10.21,2006,99.4,10346410,62078.45999999891
TUN,Tunisia,"Middle East, North Africa, Afghanistan & Pakistan",36.7899,10.21,2007,99.4,10441702,62650.21199999889
TUN,Tunisia,"Middle East, North Africa, Afghanistan & Pakistan",36.7899,10.21,2008,99.4,10542635,63255.809999998884
TUN,Tunisia,"Middle East, North Africa, Afghanistan & Pakistan",36.7899,10.21,2009,99.5,10650681,53253.40500000005
TUN,Tunisia,"Middle East, North Africa, Afghanistan & Pakistan",36.7899,10.21,2010,99.5,10765980,53829.900000000045
TUN,Tunisia,"Middle East, North Africa, Afghanistan & Pakistan",36.7899,10.21,2011,99.5,10886035,54430.17500000005
TUN,Tunisia,"Middle East, North Africa, Afghanistan & Pakistan",36.7899,10.21,2012,99.5,11009647,55048.23500000005
TUN,Tunisia,"Middle East, North Africa, Afghanistan & Pakistan",36.7899,10.21,2013,99.7,11141361,33424.08300000003
TUN,Tunisia,"Middle East, North Africa, Afghanistan & Pakistan",36.7899,10.21,2014,99.8,11274288,22548.57600000002
TUN,Tunisia,"Middle East, North Africa, Afghanistan & Pakistan",36.7899,10.21,2015,99.9,11402264,11402.263999998744
TUN,Tunisia,"Middle East, North Africa, Afghanistan & Pakistan",36.7899,10.21,2016,100.0,11528674,0.0
TUN,Tunisia,"Middle East, North Africa, Afghanistan & Pakistan",36.7899,10.21,2017,100.0,11650498,0.0
TUN,Tunisia,"Middle East, North Africa, Afghanistan & Pakistan",36.7899,10.21,2018,99.8,11765514,23531.02800000002
TUN,Tunisia,"Middle East, North Africa, Afghanistan & Pakistan",36.7899,10.21,2019,100.0,11875081,0.0
TUN,Tunisia,"Middle East, North Africa, Afghanistan & Pakistan",36.7899,10.21,2020,99.9,11974057,11974.056999998682
TUN,Tunisia,"Middle East, North Africa, Afghanistan & Pakistan",36.7899,10.21,2021,99.9,12048622,12048.621999998673
TUN,Tunisia,"Middle East, North Africa, Afghanistan & Pakistan",36.7899,10.21,2022,100.0,12119334,0.0
TUN,Tunisia,"Middle East, North Africa, Afghanistan & Pakistan",36.7899,10.21,2023,100.0,12200431,0.0
TUN,Tunisia,"Middle East, North Africa, Afghanistan & Pakistan",36.7899,10.21,2024,100.0,12277109,0.0
TUR,Turkiye,Europe & Central Asia,39.7153,32.3606,2000,99.9,65425961,65425.96099999279
TUR,Turkiye,Europe & Central Asia,39.7153,32.3606,2001,99.9,66245128,66245.1279999927
TUR,Turkiye,Europe & Central Asia,39.7153,32.3606,2002,99.8,67048795,134097.5900000001
TUR,Turkiye,Europe & Central Asia,39.7153,32.3606,2003,99.8,67831730,135663.4600000001
TUR,Turkiye,Europe & Central Asia,39.7153,32.3606,2004,99.7,68592617,205777.85100000017
TUR,Turkiye,Europe & Central Asia,39.7153,32.3606,2005,99.7,69329557,207988.67100000018
TUR,Turkiye,Europe & Central Asia,39.7153,32.3606,2006,99.7,70045349,210136.0470000002
TUR,Turkiye,Europe & Central Asia,39.7153,32.3606,2007,99.7,70158112,210474.33600000018
TUR,Turkiye,Europe & Central Asia,39.7153,32.3606,2008,99.7,71051678,213155.0340000002
TUR,Turkiye,Europe & Central Asia,39.7153,32.3606,2009,99.7,72039206,216117.6180000002
TUR,Turkiye,Europe & Central Asia,39.7153,32.3606,2010,100.0,73142150,0.0
TUR,Turkiye,Europe & Central Asia,39.7153,32.3606,2011,100.0,74223629,0.0
TUR,Turkiye,Europe & Central Asia,39.7153,32.3606,2012,100.0,75175827,0.0
TUR,Turkiye,Europe & Central Asia,39.7153,32.3606,2013,100.0,76147624,0.0
TUR,Turkiye,Europe & Central Asia,39.7153,32.3606,2014,100.0,77181884,0.0
TUR,Turkiye,Europe & Central Asia,39.7153,32.3606,2015,100.0,78218479,0.0
TUR,Turkiye,Europe & Central Asia,39.7153,32.3606,2016,100.0,79277962,0.0
TUR,Turkiye,Europe & Central Asia,39.7153,32.3606,2017,100.0,80312698,0.0
TUR,Turkiye,Europe & Central Asia,39.7153,32.3606,2018,100.0,81407204,0.0
TUR,Turkiye,Europe & Central Asia,39.7153,32.3606,2019,100.0,82579440,0.0
TUR,Turkiye,Europe & Central Asia,39.7153,32.3606,2020,100.0,83384680,0.0
TUR,Turkiye,Europe & Central Asia,39.7153,32.3606,2021,100.0,84147318,0.0
TUR,Turkiye,Europe & Central Asia,39.7153,32.3606,2022,100.0,84979913,0.0
TUR,Turkiye,Europe & Central Asia,39.7153,32.3606,2023,100.0,85325965,0.0
TUR,Turkiye,Europe & Central Asia,39.7153,32.3606,2024,100.0,85518661,0.0
TKM,Turkmenistan,Europe & Central Asia,37.9509,58.3794,2000,99.6,4582677,18330.708000000017
TKM,Turkmenistan,Europe & Central Asia,37.9509,58.3794,2001,99.6,4675409,18701.636000000017
TKM,Turkmenistan,Europe & Central Asia,37.9509,58.3794,2002,99.6,4769465,19077.860000000015
TKM,Turkmenistan,Europe & Central Asia,37.9509,58.3794,2003,99.6,4863865,19455.460000000017
TKM,Turkmenistan,Europe & Central Asia,37.9509,58.3794,2004,99.5,4958093,24790.465000000022
TKM,Turkmenistan,Europe & Central Asia,37.9509,58.3794,2005,99.5,5052257,25261.28500000002
TKM,Turkmenistan,Europe & Central Asia,37.9509,58.3794,2006,99.8,5147105,10294.21000000001
TKM,Turkmenistan,Europe & Central Asia,37.9509,58.3794,2007,99.6,5244046,20976.18400000002
TKM,Turkmenistan,Europe & Central Asia,37.9509,58.3794,2008,99.6,5345029,21380.11600000002
TKM,Turkmenistan,Europe & Central Asia,37.9509,58.3794,2009,99.7,5451592,16354.776000000014
TKM,Turkmenistan,Europe & Central Asia,37.9509,58.3794,2010,100.0,5564356,0.0
TKM,Turkmenistan,Europe & Central Asia,37.9509,58.3794,2011,99.8,5683417,11366.83400000001
TKM,Turkmenistan,Europe & Central Asia,37.9509,58.3794,2012,99.9,5808546,5808.54599999936
TKM,Turkmenistan,Europe & Central Asia,37.9509,58.3794,2013,99.9,5939341,5939.3409999993455
TKM,Turkmenistan,Europe & Central Asia,37.9509,58.3794,2014,100.0,6075283,0.0
TKM,Turkmenistan,Europe & Central Asia,37.9509,58.3794,2015,100.0,6215770,0.0
TKM,Turkmenistan,Europe & Central Asia,37.9509,58.3794,2016,100.0,6360041,0.0
TKM,Turkmenistan,Europe & Central Asia,37.9509,58.3794,2017,100.0,6507061,0.0
TKM,Turkmenistan,Europe & Central Asia,37.9509,58.3794,2018,100.0,6655524,0.0
TKM,Turkmenistan,Europe & Central Asia,37.9509,58.3794,2019,99.9,6803944,6803.943999999251
TKM,Turkmenistan,Europe & Central Asia,37.9509,58.3794,2020,100.0,6949912,0.0
TKM,Turkmenistan,Europe & Central Asia,37.9509,58.3794,2021,100.0,7092043,0.0
TKM,Turkmenistan,Europe & Central Asia,37.9509,58.3794,2022,100.0,7230193,0.0
TKM,Turkmenistan,Europe & Central Asia,37.9509,58.3794,2023,100.0,7364438,0.0
TKM,Turkmenistan,Europe & Central Asia,37.9509,58.3794,2024,100.0,7494498,0.0
TCA,Turks and Caicos Islands,Latin America & Caribbean,21.4602778,-71.141389,1990,88.7,11688,1320.744
TCA,Turks and Caicos Islands,Latin America & Caribbean,21.4602778,-71.141389,1991,91.0539093017578,12305,1100.8164604187032
TCA,Turks and Caicos Islands,Latin America & Caribbean,21.4602778,-71.141389,1992,91.4391174316406,12970,1110.346469116215
TCA,Turks and Caicos Islands,Latin America & Caribbean,21.4602778,-71.141389,1993,91.8236465454102,13648,1115.9087194824162
TCA,Turks and Caicos Islands,Latin America & Caribbean,21.4602778,-71.141389,1994,92.2068176269531,14344,1117.8540795898477
TCA,Turks and Caicos Islands,Latin America & Caribbean,21.4602778,-71.141389,1995,92.5879440307617,15052,1115.6626644897483
TCA,Turks and Caicos Islands,Latin America & Caribbean,21.4602778,-71.141389,1996,92.9663467407227,15765,1108.8554363250673
TCA,Turks and Caicos Islands,Latin America & Caribbean,21.4602778,-71.141389,1997,93.3413619995117,16482,1097.4767152404804
TCA,Turks and Caicos Islands,Latin America & Caribbean,21.4602778,-71.141389,1998,93.712287902832,17212,1082.2410061645555
TCA,Turks and Caicos Islands,Latin America & Caribbean,21.4602778,-71.141389,1999,94.0783767700195,17959,1063.4643158721979
TCA,Turks and Caicos Islands,Latin America & Caribbean,21.4602778,-71.141389,2000,95.6,18730,824.1200000000007
TCA,Turks and Caicos Islands,Latin America & Caribbean,21.4602778,-71.141389,2001,94.9,19576,998.3759999999987
TCA,Turks and Caicos Islands,Latin America & Caribbean,21.4602778,-71.141389,2002,95.2,20597,988.6559999999986
TCA,Turks and Caicos Islands,Latin America & Caribbean,21.4602778,-71.141389,2003,95.4,21727,999.4419999999985
TCA,Turks and Caicos Islands,Latin America & Caribbean,21.4602778,-71.141389,2004,95.7,22856,982.8079999999983
TCA,Turks and Caicos Islands,Latin America & Caribbean,21.4602778,-71.141389,2005,96.0,23988,959.5200000000009
TCA,Turks and Caicos Islands,Latin America & Caribbean,21.4602778,-71.141389,2006,96.2,25123,954.673999999998
TCA,Turks and Caicos Islands,Latin America & Caribbean,21.4602778,-71.141389,2007,96.6,26270,893.1800000000007
TCA,Turks and Caicos Islands,Latin America & Caribbean,21.4602778,-71.141389,2008,96.9,27427,850.2369999999977
TCA,Turks and Caicos Islands,Latin America & Caribbean,21.4602778,-71.141389,2009,100.0,28588,0.0
TCA,Turks and Caicos Islands,Latin America & Caribbean,21.4602778,-71.141389,2010,100.0,29739,0.0
TCA,Turks and Caicos Islands,Latin America & Caribbean,21.4602778,-71.141389,2011,100.0,30846,0.0
TCA,Turks and Caicos Islands,Latin America & Caribbean,21.4602778,-71.141389,2012,93.1,32127,2216.763000000002
TCA,Turks and Caicos Islands,Latin America & Caribbean,21.4602778,-71.141389,2013,100.0,33653,0.0
TCA,Turks and Caicos Islands,Latin America & Caribbean,21.4602778,-71.141389,2014,100.0,35050,0.0
TCA,Turks and Caicos Islands,Latin America & Caribbean,21.4602778,-71.141389,2015,100.0,36605,0.0
TCA,Turks and Caicos Islands,Latin America & Caribbean,21.4602778,-71.141389,2016,100.0,38315,0.0
TCA,Turks and Caicos Islands,Latin America & Caribbean,21.4602778,-71.141389,2017,100.0,39913,0.0
TCA,Turks and Caicos Islands,Latin America & Caribbean,21.4602778,-71.141389,2018,100.0,41559,0.0
TCA,Turks and Caicos Islands,Latin America & Caribbean,21.4602778,-71.141389,2019,100.0,43166,0.0
TCA,Turks and Caicos Islands,Latin America & Caribbean,21.4602778,-71.141389,2020,99.4,44386,266.3159999999953
TCA,Turks and Caicos Islands,Latin America & Caribbean,21.4602778,-71.141389,2021,100.0,45243,0.0
TCA,Turks and Caicos Islands,Latin America & Caribbean,21.4602778,-71.141389,2022,99.9,45847,45.84699999999495
TCA,Turks and Caicos Islands,Latin America & Caribbean,21.4602778,-71.141389,2023,100.0,46198,0.0
TCA,Turks and Caicos Islands,Latin America & Caribbean,21.4602778,-71.141389,2024,100.0,46535,0.0
TUV,Tuvalu,East Asia & Pacific,-8.6314877,179.089567,2000,94.6,9544,515.3760000000004
TUV,Tuvalu,East Asia & Pacific,-8.6314877,179.089567,2001,94.8,9586,498.47200000000043
TUV,Tuvalu,East Asia & Pacific,-8.6314877,179.089567,2002,94.6,9623,519.6420000000005
TUV,Tuvalu,East Asia & Pacific,-8.6314877,179.089567,2003,95.1,9695,475.0550000000004
TUV,Tuvalu,East Asia & Pacific,-8.6314877,179.089567,2004,95.3,9816,461.35200000000043
TUV,Tuvalu,East Asia & Pacific,-8.6314877,179.089567,2005,95.5,9940,447.3000000000004
TUV,Tuvalu,East Asia & Pacific,-8.6314877,179.089567,2006,95.7,10056,432.4079999999993
TUV,Tuvalu,East Asia & Pacific,-8.6314877,179.089567,2007,96.7,10182,336.0059999999992
TUV,Tuvalu,East Asia & Pacific,-8.6314877,179.089567,2008,96.2,10321,392.1979999999992
TUV,Tuvalu,East Asia & Pacific,-8.6314877,179.089567,2009,96.5,10461,366.13500000000033
TUV,Tuvalu,East Asia & Pacific,-8.6314877,179.089567,2010,96.7,10614,350.26199999999915
TUV,Tuvalu,East Asia & Pacific,-8.6314877,179.089567,2011,97.0,10780,323.40000000000026
TUV,Tuvalu,East Asia & Pacific,-8.6314877,179.089567,2012,97.7,10934,251.48200000000023
TUV,Tuvalu,East Asia & Pacific,-8.6314877,179.089567,2013,97.6,11001,264.0240000000002
TUV,Tuvalu,East Asia & Pacific,-8.6314877,179.089567,2014,97.9,10984,230.663999999999
TUV,Tuvalu,East Asia & Pacific,-8.6314877,179.089567,2015,98.1,10963,208.2970000000002
TUV,Tuvalu,East Asia & Pacific,-8.6314877,179.089567,2016,97.3,10930,295.11000000000024
TUV,Tuvalu,East Asia & Pacific,-8.6314877,179.089567,2017,98.7,10869,141.29700000000014
TUV,Tuvalu,East Asia & Pacific,-8.6314877,179.089567,2018,99.0,10751,107.51000000000009
TUV,Tuvalu,East Asia & Pacific,-8.6314877,179.089567,2019,99.7,10581,31.743000000000027
TUV,Tuvalu,East Asia & Pacific,-8.6314877,179.089567,2020,99.4,10399,62.393999999998904
TUV,Tuvalu,East Asia & Pacific,-8.6314877,179.089567,2021,99.7,10194,30.582000000000026
TUV,Tuvalu,East Asia & Pacific,-8.6314877,179.089567,2022,100.0,9992,0.0
TUV,Tuvalu,East Asia & Pacific,-8.6314877,179.089567,2023,100.0,9816,0.0
TUV,Tuvalu,East Asia & Pacific,-8.6314877,179.089567,2024,100.0,9646,0.0
UGA,Uganda,Sub-Saharan Africa,0.314269,32.5729,1991,5.6,18155901,17139170.544
UGA,Uganda,Sub-Saharan Africa,0.314269,32.5729,1994,0.533898532390594,20108801,20001440.406579655
UGA,Uganda,Sub-Saharan Africa,0.314269,32.5729,1995,6.8,20665667,19260401.643999998
UGA,Uganda,Sub-Saharan Africa,0.314269,32.5729,1996,2.81110429763794,21231550,20634708.985494852
UGA,Uganda,Sub-Saharan Africa,0.314269,32.5729,1997,3.94494771957397,21856046,20993836.411733963
UGA,Uganda,Sub-Saharan Africa,0.314269,32.5729,1998,5.07471179962158,22515806,21373193.736138098
UGA,Uganda,Sub-Saharan Africa,0.314269,32.5729,1999,6.19963407516479,23257281,21815414.682167172
UGA,Uganda,Sub-Saharan Africa,0.314269,32.5729,2000,7.4,24000150,22224138.9
UGA,Uganda,Sub-Saharan Africa,0.314269,32.5729,2001,8.6,24745676,22617547.864
UGA,Uganda,Sub-Saharan Africa,0.314269,32.5729,2002,7.8,25532870,23541306.14
UGA,Uganda,Sub-Saharan Africa,0.314269,32.5729,2003,10.5,26352124,23585150.98
UGA,Uganda,Sub-Saharan Africa,0.314269,32.5729,2004,11.6,27154515,24004591.26
UGA,Uganda,Sub-Saharan Africa,0.314269,32.5729,2005,8.9,27963289,25474556.279
UGA,Uganda,Sub-Saharan Africa,0.314269,32.5729,2006,9.0,28794003,26202542.73
UGA,Uganda,Sub-Saharan Africa,0.314269,32.5729,2007,14.8,29653430,25264722.36
UGA,Uganda,Sub-Saharan Africa,0.314269,32.5729,2008,15.9,30539553,25683764.073
UGA,Uganda,Sub-Saharan Africa,0.314269,32.5729,2009,10.0,31451151,28306035.900000002
UGA,Uganda,Sub-Saharan Africa,0.314269,32.5729,2010,12.1,32390802,28471514.958
UGA,Uganda,Sub-Saharan Africa,0.314269,32.5729,2011,14.6,33354543,28484779.722
UGA,Uganda,Sub-Saharan Africa,0.314269,32.5729,2012,20.5,34337438,27298263.21
UGA,Uganda,Sub-Saharan Africa,0.314269,32.5729,2013,13.9,35337042,30425193.162
UGA,Uganda,Sub-Saharan Africa,0.314269,32.5729,2014,20.4,36395539,28970849.044
UGA,Uganda,Sub-Saharan Africa,0.314269,32.5729,2015,18.5,37531446,30588128.49
UGA,Uganda,Sub-Saharan Africa,0.314269,32.5729,2016,26.7,38799152,28439778.416
UGA,Uganda,Sub-Saharan Africa,0.314269,32.5729,2017,32.4,40177388,27159914.288
UGA,Uganda,Sub-Saharan Africa,0.314269,32.5729,2018,41.9,41565831,24149747.810999997
UGA,Uganda,Sub-Saharan Africa,0.314269,32.5729,2019,41.3,42999637,25240786.919
UGA,Uganda,Sub-Saharan Africa,0.314269,32.5729,2020,42.1,44457152,25740691.007999998
UGA,Uganda,Sub-Saharan Africa,0.314269,32.5729,2021,45.2,45910930,25159189.64
UGA,Uganda,Sub-Saharan Africa,0.314269,32.5729,2022,47.1,47312719,25028428.350999996
UGA,Uganda,Sub-Saharan Africa,0.314269,32.5729,2023,51.5,48656601,23598451.485
UGA,Uganda,Sub-Saharan Africa,0.314269,32.5729,2024,55.3,50015092,22356746.124
UKR,Ukraine,Europe & Central Asia,50.4536,30.5038,1990,100.0,52054092,0.0
UKR,Ukraine,Europe & Central Asia,50.4536,30.5038,1991,100.0,52170961,0.0
UKR,Ukraine,Europe & Central Asia,50.4536,30.5038,1992,100.0,52323671,0.0
UKR,Ukraine,Europe & Central Asia,50.4536,30.5038,1993,100.0,52350126,0.0
UKR,Ukraine,Europe & Central Asia,50.4536,30.5038,1994,100.0,52075998,0.0
UKR,Ukraine,Europe & Central Asia,50.4536,30.5038,1995,100.0,51665539,0.0
UKR,Ukraine,Europe & Central Asia,50.4536,30.5038,1996,100.0,51226109,0.0
UKR,Ukraine,Europe & Central Asia,50.4536,30.5038,1997,100.0,50786885,0.0
UKR,Ukraine,Europe & Central Asia,50.4536,30.5038,1998,100.0,50379731,0.0
UKR,Ukraine,Europe & Central Asia,50.4536,30.5038,1999,100.0,49976446,0.0
UKR,Ukraine,Europe & Central Asia,50.4536,30.5038,2000,99.1,49556660,446009.9400000004
UKR,Ukraine,Europe & Central Asia,50.4536,30.5038,2001,99.2,49106855,392854.8400000004
UKR,Ukraine,Europe & Central Asia,50.4536,30.5038,2002,99.3,48677281,340740.9670000003
UKR,Ukraine,Europe & Central Asia,50.4536,30.5038,2003,99.3,48315136,338205.9520000003
UKR,Ukraine,Europe & Central Asia,50.4536,30.5038,2004,99.4,47979507,287877.04199999495
UKR,Ukraine,Europe & Central Asia,50.4536,30.5038,2005,99.9,47585556,47585.55599999476
UKR,Ukraine,Europe & Central Asia,50.4536,30.5038,2006,99.5,47278694,236393.4700000002
UKR,Ukraine,Europe & Central Asia,50.4536,30.5038,2007,99.8,47062798,94125.59600000008
UKR,Ukraine,Europe & Central Asia,50.4536,30.5038,2008,99.8,46819175,93638.35000000008
UKR,Ukraine,Europe & Central Asia,50.4536,30.5038,2009,99.9,46623731,46623.73099999486
UKR,Ukraine,Europe & Central Asia,50.4536,30.5038,2010,100.0,46456003,0.0
UKR,Ukraine,Europe & Central Asia,50.4536,30.5038,2011,100.0,46307853,0.0
UKR,Ukraine,Europe & Central Asia,50.4536,30.5038,2012,99.9,46210056,46210.05599999491
UKR,Ukraine,Europe & Central Asia,50.4536,30.5038,2013,100.0,46126770,0.0
UKR,Ukraine,Europe & Central Asia,50.4536,30.5038,2014,100.0,45972380,0.0
UKR,Ukraine,Europe & Central Asia,50.4536,30.5038,2015,100.0,45784896,0.0
UKR,Ukraine,Europe & Central Asia,50.4536,30.5038,2016,100.0,45616832,0.0
UKR,Ukraine,Europe & Central Asia,50.4536,30.5038,2017,100.0,45436041,0.0
UKR,Ukraine,Europe & Central Asia,50.4536,30.5038,2018,100.0,45208907,0.0
UKR,Ukraine,Europe & Central Asia,50.4536,30.5038,2019,100.0,44957458,0.0
UKR,Ukraine,Europe & Central Asia,50.4536,30.5038,2020,100.0,44680014,0.0
UKR,Ukraine,Europe & Central Asia,50.4536,30.5038,2021,100.0,44298640,0.0
UKR,Ukraine,Europe & Central Asia,50.4536,30.5038,2022,100.0,41048766,0.0
UKR,Ukraine,Europe & Central Asia,50.4536,30.5038,2023,100.0,37732836,0.0
UKR,Ukraine,Europe & Central Asia,50.4536,30.5038,2024,100.0,37860221,0.0
ARE,United Arab Emirates,"Middle East, North Africa, Afghanistan & Pakistan",24.4764,54.3705,1990,100.0,1898220,0.0
ARE,United Arab Emirates,"Middle East, North Africa, Afghanistan & Pakistan",24.4764,54.3705,1991,100.0,2006626,0.0
ARE,United Arab Emirates,"Middle East, North Africa, Afghanistan & Pakistan",24.4764,54.3705,1992,100.0,2114730,0.0
ARE,United Arab Emirates,"Middle East, North Africa, Afghanistan & Pakistan",24.4764,54.3705,1993,100.0,2222093,0.0
ARE,United Arab Emirates,"Middle East, North Africa, Afghanistan & Pakistan",24.4764,54.3705,1994,100.0,2328188,0.0
ARE,United Arab Emirates,"Middle East, North Africa, Afghanistan & Pakistan",24.4764,54.3705,1995,100.0,2434662,0.0
ARE,United Arab Emirates,"Middle East, North Africa, Afghanistan & Pakistan",24.4764,54.3705,1996,100.0,2597564,0.0
ARE,United Arab Emirates,"Middle East, North Africa, Afghanistan & Pakistan",24.4764,54.3705,1997,100.0,2817410,0.0
ARE,United Arab Emirates,"Middle East, North Africa, Afghanistan & Pakistan",24.4764,54.3705,1998,100.0,3040421,0.0
ARE,United Arab Emirates,"Middle East, North Africa, Afghanistan & Pakistan",24.4764,54.3705,1999,100.0,3266009,0.0
ARE,United Arab Emirates,"Middle East, North Africa, Afghanistan & Pakistan",24.4764,54.3705,2000,100.0,3493575,0.0
ARE,United Arab Emirates,"Middle East, North Africa, Afghanistan & Pakistan",24.4764,54.3705,2001,100.0,3723590,0.0
ARE,United Arab Emirates,"Middle East, North Africa, Afghanistan & Pakistan",24.4764,54.3705,2002,100.0,3956826,0.0
ARE,United Arab Emirates,"Middle East, North Africa, Afghanistan & Pakistan",24.4764,54.3705,2003,100.0,4192457,0.0
ARE,United Arab Emirates,"Middle East, North Africa, Afghanistan & Pakistan",24.4764,54.3705,2004,100.0,4428967,0.0
ARE,United Arab Emirates,"Middle East, North Africa, Afghanistan & Pakistan",24.4764,54.3705,2005,100.0,4664790,0.0
ARE,United Arab Emirates,"Middle East, North Africa, Afghanistan & Pakistan",24.4764,54.3705,2006,100.0,5009100,0.0
ARE,United Arab Emirates,"Middle East, North Africa, Afghanistan & Pakistan",24.4764,54.3705,2007,100.0,5624635,0.0
ARE,United Arab Emirates,"Middle East, North Africa, Afghanistan & Pakistan",24.4764,54.3705,2008,100.0,6302664,0.0
ARE,United Arab Emirates,"Middle East, North Africa, Afghanistan & Pakistan",24.4764,54.3705,2009,100.0,6707058,0.0
ARE,United Arab Emirates,"Middle East, North Africa, Afghanistan & Pakistan",24.4764,54.3705,2010,100.0,6869838,0.0
ARE,United Arab Emirates,"Middle East, North Africa, Afghanistan & Pakistan",24.4764,54.3705,2011,100.0,7104538,0.0
ARE,United Arab Emirates,"Middle East, North Africa, Afghanistan & Pakistan",24.4764,54.3705,2012,100.0,7391448,0.0
ARE,United Arab Emirates,"Middle East, North Africa, Afghanistan & Pakistan",24.4764,54.3705,2013,100.0,7693031,0.0
ARE,United Arab Emirates,"Middle East, North Africa, Afghanistan & Pakistan",24.4764,54.3705,2014,100.0,8059440,0.0
ARE,United Arab Emirates,"Middle East, North Africa, Afghanistan & Pakistan",24.4764,54.3705,2015,100.0,8505237,0.0
ARE,United Arab Emirates,"Middle East, North Africa, Afghanistan & Pakistan",24.4764,54.3705,2016,100.0,8935095,0.0
ARE,United Arab Emirates,"Middle East, North Africa, Afghanistan & Pakistan",24.4764,54.3705,2017,100.0,9223225,0.0
ARE,United Arab Emirates,"Middle East, North Africa, Afghanistan & Pakistan",24.4764,54.3705,2018,100.0,9346701,0.0
ARE,United Arab Emirates,"Middle East, North Africa, Afghanistan & Pakistan",24.4764,54.3705,2019,100.0,9445785,0.0
ARE,United Arab Emirates,"Middle East, North Africa, Afghanistan & Pakistan",24.4764,54.3705,2020,100.0,9401038,0.0
ARE,United Arab Emirates,"Middle East, North Africa, Afghanistan & Pakistan",24.4764,54.3705,2021,100.0,9575152,0.0
ARE,United Arab Emirates,"Middle East, North Africa, Afghanistan & Pakistan",24.4764,54.3705,2022,100.0,10074977,0.0
ARE,United Arab Emirates,"Middle East, North Africa, Afghanistan & Pakistan",24.4764,54.3705,2023,100.0,10483751,0.0
ARE,United Arab Emirates,"Middle East, North Africa, Afghanistan & Pakistan",24.4764,54.3705,2024,100.0,10986400,0.0
GBR,United Kingdom,Europe & Central Asia,51.5002,-0.126236,1990,100.0,57247586,0.0
GBR,United Kingdom,Europe & Central Asia,51.5002,-0.126236,1991,100.0,57424897,0.0
GBR,United Kingdom,Europe & Central Asia,51.5002,-0.126236,1992,100.0,57580402,0.0
GBR,United Kingdom,Europe & Central Asia,51.5002,-0.126236,1993,100.0,57718614,0.0
GBR,United Kingdom,Europe & Central Asia,51.5002,-0.126236,1994,100.0,57865745,0.0
GBR,United Kingdom,Europe & Central Asia,51.5002,-0.126236,1995,100.0,58019030,0.0
GBR,United Kingdom,Europe & Central Asia,51.5002,-0.126236,1996,100.0,58166950,0.0
GBR,United Kingdom,Europe & Central Asia,51.5002,-0.126236,1997,100.0,58316954,0.0
GBR,United Kingdom,Europe & Central Asia,51.5002,-0.126236,1998,100.0,58487141,0.0
GBR,United Kingdom,Europe & Central Asia,51.5002,-0.126236,1999,100.0,58682466,0.0
GBR,United Kingdom,Europe & Central Asia,51.5002,-0.126236,2000,100.0,58892514,0.0
GBR,United Kingdom,Europe & Central Asia,51.5002,-0.126236,2001,100.0,59119673,0.0
GBR,United Kingdom,Europe & Central Asia,51.5002,-0.126236,2002,100.0,59370479,0.0
GBR,United Kingdom,Europe & Central Asia,51.5002,-0.126236,2003,100.0,59647577,0.0
GBR,United Kingdom,Europe & Central Asia,51.5002,-0.126236,2004,100.0,59987905,0.0
GBR,United Kingdom,Europe & Central Asia,51.5002,-0.126236,2005,100.0,60401206,0.0
GBR,United Kingdom,Europe & Central Asia,51.5002,-0.126236,2006,100.0,60846820,0.0
GBR,United Kingdom,Europe & Central Asia,51.5002,-0.126236,2007,100.0,61322463,0.0
GBR,United Kingdom,Europe & Central Asia,51.5002,-0.126236,2008,100.0,61806995,0.0
GBR,United Kingdom,Europe & Central Asia,51.5002,-0.126236,2009,100.0,62276270,0.0
GBR,United Kingdom,Europe & Central Asia,51.5002,-0.126236,2010,100.0,62766365,0.0
GBR,United Kingdom,Europe & Central Asia,51.5002,-0.126236,2011,100.0,63258810,0.0
GBR,United Kingdom,Europe & Central Asia,51.5002,-0.126236,2012,100.0,63711000,0.0
GBR,United Kingdom,Europe & Central Asia,51.5002,-0.126236,2013,100.0,64138000,0.0
GBR,United Kingdom,Europe & Central Asia,51.5002,-0.126236,2014,100.0,64619000,0.0
GBR,United Kingdom,Europe & Central Asia,51.5002,-0.126236,2015,100.0,65087000,0.0
GBR,United Kingdom,Europe & Central Asia,51.5002,-0.126236,2016,100.0,65606000,0.0
GBR,United Kingdom,Europe & Central Asia,51.5002,-0.126236,2017,100.0,65964000,0.0
GBR,United Kingdom,Europe & Central Asia,51.5002,-0.126236,2018,100.0,66287000,0.0
GBR,United Kingdom,Europe & Central Asia,51.5002,-0.126236,2019,100.0,66628000,0.0
GBR,United Kingdom,Europe & Central Asia,51.5002,-0.126236,2020,100.0,66740000,0.0
GBR,United Kingdom,Europe & Central Asia,51.5002,-0.126236,2021,100.0,66978000,0.0
GBR,United Kingdom,Europe & Central Asia,51.5002,-0.126236,2022,100.0,67636000,0.0
GBR,United Kingdom,Europe & Central Asia,51.5002,-0.126236,2023,100.0,68526000,0.0
GBR,United Kingdom,Europe & Central Asia,51.5002,-0.126236,2024,100.0,69281000,0.0
USA,United States,North America,38.8895,-77.032,1990,100.0,249623000,0.0
USA,United States,North America,38.8895,-77.032,1991,100.0,252981000,0.0
USA,United States,North America,38.8895,-77.032,1992,100.0,256514000,0.0
USA,United States,North America,38.8895,-77.032,1993,100.0,259919000,0.0
USA,United States,North America,38.8895,-77.032,1994,100.0,263126000,0.0
USA,United States,North America,38.8895,-77.032,1995,100.0,266278000,0.0
USA,United States,North America,38.8895,-77.032,1996,100.0,269394000,0.0
USA,United States,North America,38.8895,-77.032,1997,100.0,272657000,0.0
USA,United States,North America,38.8895,-77.032,1998,100.0,275854000,0.0
USA,United States,North America,38.8895,-77.032,1999,100.0,279040000,0.0
USA,United States,North America,38.8895,-77.032,2000,100.0,282162411,0.0
USA,United States,North America,38.8895,-77.032,2001,100.0,284968955,0.0
USA,United States,North America,38.8895,-77.032,2002,100.0,287625193,0.0
USA,United States,North America,38.8895,-77.032,2003,100.0,290107933,0.0
USA,United States,North America,38.8895,-77.032,2004,100.0,292805298,0.0
USA,United States,North America,38.8895,-77.032,2005,100.0,295516599,0.0
USA,United States,North America,38.8895,-77.032,2006,100.0,298379912,0.0
USA,United States,North America,38.8895,-77.032,2007,100.0,301231207,0.0
USA,United States,North America,38.8895,-77.032,2008,100.0,304093966,0.0
USA,United States,North America,38.8895,-77.032,2009,100.0,306771529,0.0
USA,United States,North America,38.8895,-77.032,2010,100.0,309378227,0.0
USA,United States,North America,38.8895,-77.032,2011,100.0,311839461,0.0
USA,United States,North America,38.8895,-77.032,2012,100.0,314339099,0.0
USA,United States,North America,38.8895,-77.032,2013,100.0,316726282,0.0
USA,United States,North America,38.8895,-77.032,2014,100.0,319257560,0.0
USA,United States,North America,38.8895,-77.032,2015,100.0,321815121,0.0
USA,United States,North America,38.8895,-77.032,2016,100.0,324353340,0.0
USA,United States,North America,38.8895,-77.032,2017,100.0,326608609,0.0
USA,United States,North America,38.8895,-77.032,2018,100.0,328529577,0.0
USA,United States,North America,38.8895,-77.032,2019,100.0,330226227,0.0
USA,United States,North America,38.8895,-77.032,2020,100.0,331578104,0.0
USA,United States,North America,38.8895,-77.032,2021,100.0,332100166,0.0
USA,United States,North America,38.8895,-77.032,2022,100.0,333996304,0.0
USA,United States,North America,38.8895,-77.032,2023,100.0,336755052,0.0
USA,United States,North America,38.8895,-77.032,2024,100.0,340003797,0.0
URY,Uruguay,Latin America & Caribbean,-34.8941,-56.0675,1992,96.1823120117188,3139702,119864.02612182438
URY,Uruguay,Latin America & Caribbean,-34.8941,-56.0675,1993,96.3630599975586,3156345,114794.37392005908
URY,Uruguay,Latin America & Caribbean,-34.8941,-56.0675,1994,96.5424499511719,3172834,109702.3235162344
URY,Uruguay,Latin America & Caribbean,-34.8941,-56.0675,1995,96.7197952270508,3189440,104620.16311035104
URY,Uruguay,Latin America & Caribbean,-34.8941,-56.0675,1996,95.9,3206324,131459.28399999975
URY,Uruguay,Latin America & Caribbean,-34.8941,-56.0675,1997,97.0656509399414,3223345,94584.1937099457
URY,Uruguay,Latin America & Caribbean,-34.8941,-56.0675,1998,97.2328033447266,3239280,89637.24781494007
URY,Uruguay,Latin America & Caribbean,-34.8941,-56.0675,1999,97.3951110839844,3254015,84763.47606048509
URY,Uruguay,Latin America & Caribbean,-34.8941,-56.0675,2000,97.6,3266206,78388.94400000008
URY,Uruguay,Latin America & Caribbean,-34.8941,-56.0675,2001,97.7,3274251,75307.77300000007
URY,Uruguay,Latin America & Caribbean,-34.8941,-56.0675,2002,97.8,3278867,72135.07400000007
URY,Uruguay,Latin America & Caribbean,-34.8941,-56.0675,2003,97.9,3281186,68904.9059999997
URY,Uruguay,Latin America & Caribbean,-34.8941,-56.0675,2004,98.0,3283148,65662.96000000006
URY,Uruguay,Latin America & Caribbean,-34.8941,-56.0675,2005,98.0,3285771,65715.42000000006
URY,Uruguay,Latin America & Caribbean,-34.8941,-56.0675,2006,98.5,3289506,49342.59000000005
URY,Uruguay,Latin America & Caribbean,-34.8941,-56.0675,2007,98.7,3295153,42836.98900000004
URY,Uruguay,Latin America & Caribbean,-34.8941,-56.0675,2008,98.8,3302177,39626.12400000003
URY,Uruguay,Latin America & Caribbean,-34.8941,-56.0675,2009,99.1,3310091,29790.819000000025
URY,Uruguay,Latin America & Caribbean,-34.8941,-56.0675,2010,99.3,3318580,23230.06000000002
URY,Uruguay,Latin America & Caribbean,-34.8941,-56.0675,2011,99.2,3326825,26614.600000000024
URY,Uruguay,Latin America & Caribbean,-34.8941,-56.0675,2012,99.6,3335401,13341.604000000012
URY,Uruguay,Latin America & Caribbean,-34.8941,-56.0675,2013,99.6,3345337,13381.348000000013
URY,Uruguay,Latin America & Caribbean,-34.8941,-56.0675,2014,99.7,3356334,10069.00200000001
URY,Uruguay,Latin America & Caribbean,-34.8941,-56.0675,2015,99.7,3368017,10104.051000000009
URY,Uruguay,Latin America & Caribbean,-34.8941,-56.0675,2016,99.7,3379283,10137.84900000001
URY,Uruguay,Latin America & Caribbean,-34.8941,-56.0675,2017,99.8,3388438,6776.876000000006
URY,Uruguay,Latin America & Caribbean,-34.8941,-56.0675,2018,99.8,3394534,6789.068000000006
URY,Uruguay,Latin America & Caribbean,-34.8941,-56.0675,2019,99.9,3397206,3397.205999999626
URY,Uruguay,Latin America & Caribbean,-34.8941,-56.0675,2020,100.0,3398968,0.0
URY,Uruguay,Latin America & Caribbean,-34.8941,-56.0675,2021,100.0,3396695,0.0
URY,Uruguay,Latin America & Caribbean,-34.8941,-56.0675,2022,100.0,3390913,0.0
URY,Uruguay,Latin America & Caribbean,-34.8941,-56.0675,2023,100.0,3388081,0.0
URY,Uruguay,Latin America & Caribbean,-34.8941,-56.0675,2024,100.0,3386588,0.0
UZB,Uzbekistan,Europe & Central Asia,41.3052,69.269,1996,99.6,23351981,93407.92400000009
UZB,Uzbekistan,Europe & Central Asia,41.3052,69.269,1997,99.3797454833984,23758960,147366.0224975684
UZB,Uzbekistan,Europe & Central Asia,41.3052,69.269,1998,99.449348449707,24134929,132899.36070061533
UZB,Uzbekistan,Europe & Central Asia,41.3052,69.269,1999,99.5141143798828,24476008,118925.40325073525
UZB,Uzbekistan,Europe & Central Asia,41.3052,69.269,2000,99.6,24787054,99148.21600000009
UZB,Uzbekistan,Europe & Central Asia,41.3052,69.269,2001,99.6,25090283,100361.13200000009
UZB,Uzbekistan,Europe & Central Asia,41.3052,69.269,2002,99.7,25399980,76199.94000000006
UZB,Uzbekistan,Europe & Central Asia,41.3052,69.269,2003,99.5,25711259,128556.29500000011
UZB,Uzbekistan,Europe & Central Asia,41.3052,69.269,2004,99.5,26029350,130146.75000000012
UZB,Uzbekistan,Europe & Central Asia,41.3052,69.269,2005,99.4,26356975,158141.8499999972
UZB,Uzbekistan,Europe & Central Asia,41.3052,69.269,2006,99.5,26699043,133495.2150000001
UZB,Uzbekistan,Europe & Central Asia,41.3052,69.269,2007,99.5,27076008,135380.04000000012
UZB,Uzbekistan,Europe & Central Asia,41.3052,69.269,2008,99.5,27494774,137473.8700000001
UZB,Uzbekistan,Europe & Central Asia,41.3052,69.269,2009,99.5,27939328,139696.64000000013
UZB,Uzbekistan,Europe & Central Asia,41.3052,69.269,2010,99.6,28385506,113542.0240000001
UZB,Uzbekistan,Europe & Central Asia,41.3052,69.269,2011,99.7,28823196,86469.58800000008
UZB,Uzbekistan,Europe & Central Asia,41.3052,69.269,2012,99.7,29261903,87785.70900000008
UZB,Uzbekistan,Europe & Central Asia,41.3052,69.269,2013,99.8,29724065,59448.130000000056
UZB,Uzbekistan,Europe & Central Asia,41.3052,69.269,2014,99.8,30222994,60445.988000000056
UZB,Uzbekistan,Europe & Central Asia,41.3052,69.269,2015,99.9,30749346,30749.345999996614
UZB,Uzbekistan,Europe & Central Asia,41.3052,69.269,2016,99.9,31284568,31284.567999996554
UZB,Uzbekistan,Europe & Central Asia,41.3052,69.269,2017,100.0,31819178,0.0
UZB,Uzbekistan,Europe & Central Asia,41.3052,69.269,2018,100.0,32373490,0.0
UZB,Uzbekistan,Europe & Central Asia,41.3052,69.269,2019,100.0,32964701,0.0
UZB,Uzbekistan,Europe & Central Asia,41.3052,69.269,2020,100.0,33586372,0.0
UZB,Uzbekistan,Europe & Central Asia,41.3052,69.269,2021,99.9,34243696,34243.69599999623
UZB,Uzbekistan,Europe & Central Asia,41.3052,69.269,2022,100.0,34938955,0.0
UZB,Uzbekistan,Europe & Central Asia,41.3052,69.269,2023,100.0,35652307,0.0
UZB,Uzbekistan,Europe & Central Asia,41.3052,69.269,2024,100.0,36361859,0.0
VUT,Vanuatu,East Asia & Pacific,-17.7404,168.321,1994,18.0,163314,133917.48
VUT,Vanuatu,East Asia & Pacific,-17.7404,168.321,1995,12.9416437149048,167137,145506.72494421955
VUT,Vanuatu,East Asia & Pacific,-17.7404,168.321,1996,14.7923612594604,170911,145629.22744784364
VUT,Vanuatu,East Asia & Pacific,-17.7404,168.321,1997,16.6396789550781,174626,145568.7942279053
VUT,Vanuatu,East Asia & Pacific,-17.7404,168.321,1998,18.4829177856445,178313,145355.55480888372
VUT,Vanuatu,East Asia & Pacific,-17.7404,168.321,1999,19.1,182048,147276.832
VUT,Vanuatu,East Asia & Pacific,-17.7404,168.321,2000,22.2,186281,144926.61800000002
VUT,Vanuatu,East Asia & Pacific,-17.7404,168.321,2001,24.0,191031,145183.56
VUT,Vanuatu,East Asia & Pacific,-17.7404,168.321,2002,25.7,195863,145526.209
VUT,Vanuatu,East Asia & Pacific,-17.7404,168.321,2003,27.5,200746,145540.85
VUT,Vanuatu,East Asia & Pacific,-17.7404,168.321,2004,29.2,205711,145643.388
VUT,Vanuatu,East Asia & Pacific,-17.7404,168.321,2005,31.0,210760,145424.4
VUT,Vanuatu,East Asia & Pacific,-17.7404,168.321,2006,26.4,215923,158919.328
VUT,Vanuatu,East Asia & Pacific,-17.7404,168.321,2007,33.6,221276,146927.264
VUT,Vanuatu,East Asia & Pacific,-17.7404,168.321,2008,36.5,226896,144078.96
VUT,Vanuatu,East Asia & Pacific,-17.7404,168.321,2009,33.3,232731,155231.57700000002
VUT,Vanuatu,East Asia & Pacific,-17.7404,168.321,2010,44.1,238248,133180.63199999998
VUT,Vanuatu,East Asia & Pacific,-17.7404,168.321,2011,42.0,243474,141214.92
VUT,Vanuatu,East Asia & Pacific,-17.7404,168.321,2012,43.9,248883,139623.36299999998
VUT,Vanuatu,East Asia & Pacific,-17.7404,168.321,2013,31.7,254482,173811.206
VUT,Vanuatu,East Asia & Pacific,-17.7404,168.321,2014,49.1,260240,132462.16
VUT,Vanuatu,East Asia & Pacific,-17.7404,168.321,2015,52.3,266101,126930.177
VUT,Vanuatu,East Asia & Pacific,-17.7404,168.321,2016,57.8,272087,114820.714
VUT,Vanuatu,East Asia & Pacific,-17.7404,168.321,2017,62.8,278507,103604.60399999999
VUT,Vanuatu,East Asia & Pacific,-17.7404,168.321,2018,61.6,285259,109539.456
VUT,Vanuatu,East Asia & Pacific,-17.7404,168.321,2019,64.5,291985,103654.67499999999
VUT,Vanuatu,East Asia & Pacific,-17.7404,168.321,2020,67.3,298858,97726.56600000002
VUT,Vanuatu,East Asia & Pacific,-17.7404,168.321,2021,70.0,305868,91760.40000000001
VUT,Vanuatu,East Asia & Pacific,-17.7404,168.321,2022,70.0,313046,93913.80000000002
VUT,Vanuatu,East Asia & Pacific,-17.7404,168.321,2023,61.6,320409,123037.056
VUT,Vanuatu,East Asia & Pacific,-17.7404,168.321,2024,65.5,327777,113083.06499999999
VEN,"Venezuela, RB",Latin America & Caribbean,9.08165,-69.8371,1992,97.820203,20780948,452982.48107555887
VEN,"Venezuela, RB",Latin America & Caribbean,9.08165,-69.8371,1993,98.2395324707031,21254520,374178.92310791655
VEN,"Venezuela, RB",Latin America & Caribbean,9.08165,-69.8371,1994,98.3233337402344,21725188,364258.89706664305
VEN,"Venezuela, RB",Latin America & Caribbean,9.08165,-69.8371,1995,99.0,22193821,221938.2100000002
VEN,"Venezuela, RB",Latin America & Caribbean,9.08165,-69.8371,1996,98.484130859375,22662113,343527.97758056724
VEN,"Venezuela, RB",Latin America & Caribbean,9.08165,-69.8371,1997,98.7,23131685,300711.90500000026
VEN,"Venezuela, RB",Latin America & Caribbean,9.08165,-69.8371,1998,98.4,23601337,377621.3919999977
VEN,"Venezuela, RB",Latin America & Caribbean,9.08165,-69.8371,1999,98.9,24066593,264732.52299999754
VEN,"Venezuela, RB",Latin America & Caribbean,9.08165,-69.8371,2000,98.9,24526708,269793.7879999975
VEN,"Venezuela, RB",Latin America & Caribbean,9.08165,-69.8371,2001,99.9,24979922,24979.92199999725
VEN,"Venezuela, RB",Latin America & Caribbean,9.08165,-69.8371,2002,99.8,25435671,50871.34200000005
VEN,"Venezuela, RB",Latin America & Caribbean,9.08165,-69.8371,2003,95.7,25892703,1113386.2289999982
VEN,"Venezuela, RB",Latin America & Caribbean,9.08165,-69.8371,2004,99.1,26340838,237067.54200000022
VEN,"Venezuela, RB",Latin America & Caribbean,9.08165,-69.8371,2005,98.8,26785804,321429.6480000003
VEN,"Venezuela, RB",Latin America & Caribbean,9.08165,-69.8371,2006,99.3,27224686,190572.80200000017
VEN,"Venezuela, RB",Latin America & Caribbean,9.08165,-69.8371,2007,98.9,27649363,304142.9929999972
VEN,"Venezuela, RB",Latin America & Caribbean,9.08165,-69.8371,2008,98.9,28053696,308590.65599999717
VEN,"Venezuela, RB",Latin America & Caribbean,9.08165,-69.8371,2009,99.0,28438298,284382.9800000003
VEN,"Venezuela, RB",Latin America & Caribbean,9.08165,-69.8371,2010,99.1,28813101,259317.90900000022
VEN,"Venezuela, RB",Latin America & Caribbean,9.08165,-69.8371,2011,98.8,29185212,350222.5440000003
VEN,"Venezuela, RB",Latin America & Caribbean,9.08165,-69.8371,2012,99.3,29553826,206876.78200000018
VEN,"Venezuela, RB",Latin America & Caribbean,9.08165,-69.8371,2013,99.4,29912198,179473.18799999685
VEN,"Venezuela, RB",Latin America & Caribbean,9.08165,-69.8371,2014,100.0,30254079,0.0
VEN,"Venezuela, RB",Latin America & Caribbean,9.08165,-69.8371,2015,100.0,30573972,0.0
VEN,"Venezuela, RB",Latin America & Caribbean,9.08165,-69.8371,2016,99.4,30765720,184594.31999999675
VEN,"Venezuela, RB",Latin America & Caribbean,9.08165,-69.8371,2017,99.2,30565323,244522.5840000002
VEN,"Venezuela, RB",Latin America & Caribbean,9.08165,-69.8371,2018,99.9,29807592,29807.591999996715
VEN,"Venezuela, RB",Latin America & Caribbean,9.08165,-69.8371,2019,99.8,28938098,57876.196000000054
VEN,"Venezuela, RB",Latin America & Caribbean,9.08165,-69.8371,2020,99.9,28444077,28444.07699999687
VEN,"Venezuela, RB",Latin America & Caribbean,9.08165,-69.8371,2021,100.0,28237826,0.0
VEN,"Venezuela, RB",Latin America & Caribbean,9.08165,-69.8371,2022,100.0,28213017,0.0
VEN,"Venezuela, RB",Latin America & Caribbean,9.08165,-69.8371,2023,100.0,28300854,0.0
VEN,"Venezuela, RB",Latin America & Caribbean,9.08165,-69.8371,2024,100.0,28405543,0.0
VNM,Viet Nam,East Asia & Pacific,21.0069,105.825,1997,78.4,74226889,16033008.023999998
VNM,Viet Nam,East Asia & Pacific,21.0069,105.825,1998,86.1759872436523,75299660,10409434.60388645
VNM,Viet Nam,East Asia & Pacific,21.0069,105.825,1999,86.9944381713867,76287452,9921611.737333693
VNM,Viet Nam,East Asia & Pacific,21.0069,105.825,2000,88.2,77154011,9104173.298
VNM,Viet Nam,East Asia & Pacific,21.0069,105.825,2001,88.9,77969361,8654599.070999999
VNM,Viet Nam,East Asia & Pacific,21.0069,105.825,2002,89.1,78772224,8586172.416000007
VNM,Viet Nam,East Asia & Pacific,21.0069,105.825,2003,90.3,79563777,7717686.368999998
VNM,Viet Nam,East Asia & Pacific,21.0069,105.825,2004,91.0,80338971,7230507.389999998
VNM,Viet Nam,East Asia & Pacific,21.0069,105.825,2005,96.1,81088313,3162444.2070000027
VNM,Viet Nam,East Asia & Pacific,21.0069,105.825,2006,96.0,82167897,3286715.880000003
VNM,Viet Nam,East Asia & Pacific,21.0069,105.825,2007,93.1,83633375,5770702.875000006
VNM,Viet Nam,East Asia & Pacific,21.0069,105.825,2008,93.8,85175788,5280898.856000004
VNM,Viet Nam,East Asia & Pacific,21.0069,105.825,2009,96.1,86460018,3371940.702000003
VNM,Viet Nam,East Asia & Pacific,21.0069,105.825,2010,97.4,87455152,2273833.951999992
VNM,Viet Nam,East Asia & Pacific,21.0069,105.825,2011,99.0,88468314,884683.1400000008
VNM,Viet Nam,East Asia & Pacific,21.0069,105.825,2012,97.9,89510356,1879717.4759999916
VNM,Viet Nam,East Asia & Pacific,21.0069,105.825,2013,98.5,90573104,1358596.5600000012
VNM,Viet Nam,East Asia & Pacific,21.0069,105.825,2014,99.2,91679578,733436.6240000007
VNM,Viet Nam,East Asia & Pacific,21.0069,105.825,2015,99.3,92823254,649762.7780000006
VNM,Viet Nam,East Asia & Pacific,21.0069,105.825,2016,99.2,94000117,752000.9360000007
VNM,Viet Nam,East Asia & Pacific,21.0069,105.825,2017,100.0,95176977,0.0
VNM,Viet Nam,East Asia & Pacific,21.0069,105.825,2018,100.0,96237319,0.0
VNM,Viet Nam,East Asia & Pacific,21.0069,105.825,2019,99.4,97173776,583042.6559999897
VNM,Viet Nam,East Asia & Pacific,21.0069,105.825,2020,99.8,98079191,196158.3820000002
VNM,Viet Nam,East Asia & Pacific,21.0069,105.825,2021,100.0,98935098,0.0
VNM,Viet Nam,East Asia & Pacific,21.0069,105.825,2022,100.0,99680655,0.0
VNM,Viet Nam,East Asia & Pacific,21.0069,105.825,2023,99.8,100352192,200704.38400000017
VNM,Viet Nam,East Asia & Pacific,21.0069,105.825,2024,100.0,100987686,0.0
VIR,Virgin Islands (U.S.),Latin America & Caribbean,18.3358,-64.8963,1990,100.0,103963,0.0
VIR,Virgin Islands (U.S.),Latin America & Caribbean,18.3358,-64.8963,1991,100.0,104807,0.0
VIR,Virgin Islands (U.S.),Latin America & Caribbean,18.3358,-64.8963,1992,100.0,105712,0.0
VIR,Virgin Islands (U.S.),Latin America & Caribbean,18.3358,-64.8963,1993,100.0,106578,0.0
VIR,Virgin Islands (U.S.),Latin America & Caribbean,18.3358,-64.8963,1994,100.0,107318,0.0
VIR,Virgin Islands (U.S.),Latin America & Caribbean,18.3358,-64.8963,1995,100.0,107818,0.0
VIR,Virgin Islands (U.S.),Latin America & Caribbean,18.3358,-64.8963,1996,100.0,108095,0.0
VIR,Virgin Islands (U.S.),Latin America & Caribbean,18.3358,-64.8963,1997,100.0,108357,0.0
VIR,Virgin Islands (U.S.),Latin America & Caribbean,18.3358,-64.8963,1998,100.0,108537,0.0
VIR,Virgin Islands (U.S.),Latin America & Caribbean,18.3358,-64.8963,1999,100.0,108599,0.0
VIR,Virgin Islands (U.S.),Latin America & Caribbean,18.3358,-64.8963,2000,100.0,108642,0.0
VIR,Virgin Islands (U.S.),Latin America & Caribbean,18.3358,-64.8963,2001,100.0,108549,0.0
VIR,Virgin Islands (U.S.),Latin America & Caribbean,18.3358,-64.8963,2002,100.0,108509,0.0
VIR,Virgin Islands (U.S.),Latin America & Caribbean,18.3358,-64.8963,2003,100.0,108505,0.0
VIR,Virgin Islands (U.S.),Latin America & Caribbean,18.3358,-64.8963,2004,100.0,108466,0.0
VIR,Virgin Islands (U.S.),Latin America & Caribbean,18.3358,-64.8963,2005,100.0,108453,0.0
VIR,Virgin Islands (U.S.),Latin America & Caribbean,18.3358,-64.8963,2006,100.0,108369,0.0
VIR,Virgin Islands (U.S.),Latin America & Caribbean,18.3358,-64.8963,2007,100.0,108337,0.0
VIR,Virgin Islands (U.S.),Latin America & Caribbean,18.3358,-64.8963,2008,100.0,108397,0.0
VIR,Virgin Islands (U.S.),Latin America & Caribbean,18.3358,-64.8963,2009,100.0,108404,0.0
VIR,Virgin Islands (U.S.),Latin America & Caribbean,18.3358,-64.8963,2010,100.0,108357,0.0
VIR,Virgin Islands (U.S.),Latin America & Caribbean,18.3358,-64.8963,2011,100.0,108290,0.0
VIR,Virgin Islands (U.S.),Latin America & Caribbean,18.3358,-64.8963,2012,100.0,108188,0.0
VIR,Virgin Islands (U.S.),Latin America & Caribbean,18.3358,-64.8963,2013,100.0,108041,0.0
VIR,Virgin Islands (U.S.),Latin America & Caribbean,18.3358,-64.8963,2014,100.0,107882,0.0
VIR,Virgin Islands (U.S.),Latin America & Caribbean,18.3358,-64.8963,2015,100.0,107712,0.0
VIR,Virgin Islands (U.S.),Latin America & Caribbean,18.3358,-64.8963,2016,100.0,107516,0.0
VIR,Virgin Islands (U.S.),Latin America & Caribbean,18.3358,-64.8963,2017,100.0,107281,0.0
VIR,Virgin Islands (U.S.),Latin America & Caribbean,18.3358,-64.8963,2018,100.0,107001,0.0
VIR,Virgin Islands (U.S.),Latin America & Caribbean,18.3358,-64.8963,2019,100.0,106669,0.0
VIR,Virgin Islands (U.S.),Latin America & Caribbean,18.3358,-64.8963,2020,100.0,106290,0.0
VIR,Virgin Islands (U.S.),Latin America & Caribbean,18.3358,-64.8963,2021,100.0,105870,0.0
VIR,Virgin Islands (U.S.),Latin America & Caribbean,18.3358,-64.8963,2022,100.0,105413,0.0
VIR,Virgin Islands (U.S.),Latin America & Caribbean,18.3358,-64.8963,2023,100.0,104917,0.0
VIR,Virgin Islands (U.S.),Latin America & Caribbean,18.3358,-64.8963,2024,100.0,104377,0.0
PSE,West Bank and Gaza,"Middle East, North Africa, Afghanistan & Pakistan",,,1997,97.9,2706518,56836.87799999975
PSE,West Bank and Gaza,"Middle East, North Africa, Afghanistan & Pakistan",,,1998,98.5392990112305,2776568,40557.35622985762
PSE,West Bank and Gaza,"Middle East, North Africa, Afghanistan & Pakistan",,,1999,98.6231536865234,2848431,39218.51721542492
PSE,West Bank and Gaza,"Middle East, North Africa, Afghanistan & Pakistan",,,2000,99.7,2922153,8766.459000000008
PSE,West Bank and Gaza,"Middle East, North Africa, Afghanistan & Pakistan",,,2001,99.1,2997784,26980.056000000022
PSE,West Bank and Gaza,"Middle East, North Africa, Afghanistan & Pakistan",,,2002,99.2,3075373,24602.984000000022
PSE,West Bank and Gaza,"Middle East, North Africa, Afghanistan & Pakistan",,,2003,99.1,3154969,28394.721000000027
PSE,West Bank and Gaza,"Middle East, North Africa, Afghanistan & Pakistan",,,2004,99.5,3236626,16183.130000000014
PSE,West Bank and Gaza,"Middle East, North Africa, Afghanistan & Pakistan",,,2005,99.6,3320396,13281.584000000012
PSE,West Bank and Gaza,"Middle East, North Africa, Afghanistan & Pakistan",,,2006,99.7,3406334,10219.00200000001
PSE,West Bank and Gaza,"Middle East, North Africa, Afghanistan & Pakistan",,,2007,98.8,3494496,41933.952000000034
PSE,West Bank and Gaza,"Middle East, North Africa, Afghanistan & Pakistan",,,2008,99.8,3591977,7183.954000000006
PSE,West Bank and Gaza,"Middle East, North Africa, Afghanistan & Pakistan",,,2009,99.9,3689099,3689.0989999995936
PSE,West Bank and Gaza,"Middle East, North Africa, Afghanistan & Pakistan",,,2010,99.9,3786161,3786.160999999583
PSE,West Bank and Gaza,"Middle East, North Africa, Afghanistan & Pakistan",,,2011,99.7,3882986,11648.95800000001
PSE,West Bank and Gaza,"Middle East, North Africa, Afghanistan & Pakistan",,,2012,99.8,3979998,7959.996000000007
PSE,West Bank and Gaza,"Middle East, North Africa, Afghanistan & Pakistan",,,2013,99.9,4076708,4076.707999999551
PSE,West Bank and Gaza,"Middle East, North Africa, Afghanistan & Pakistan",,,2014,99.9,4173398,4173.39799999954
PSE,West Bank and Gaza,"Middle East, North Africa, Afghanistan & Pakistan",,,2015,99.9,4270092,4270.091999999529
PSE,West Bank and Gaza,"Middle East, North Africa, Afghanistan & Pakistan",,,2016,100.0,4367088,0.0
PSE,West Bank and Gaza,"Middle East, North Africa, Afghanistan & Pakistan",,,2017,99.9,4454805,4454.804999999509
PSE,West Bank and Gaza,"Middle East, North Africa, Afghanistan & Pakistan",,,2018,100.0,4569087,0.0
PSE,West Bank and Gaza,"Middle East, North Africa, Afghanistan & Pakistan",,,2019,100.0,4685306,0.0
PSE,West Bank and Gaza,"Middle East, North Africa, Afghanistan & Pakistan",,,2020,100.0,4803269,0.0
PSE,West Bank and Gaza,"Middle East, North Africa, Afghanistan & Pakistan",,,2021,100.0,4922749,0.0
PSE,West Bank and Gaza,"Middle East, North Africa, Afghanistan & Pakistan",,,2022,100.0,5043612,0.0
PSE,West Bank and Gaza,"Middle East, North Africa, Afghanistan & Pakistan",,,2023,100.0,5165775,0.0
PSE,West Bank and Gaza,"Middle East, North Africa, Afghanistan & Pakistan",,,2024,100.0,5289152,0.0
YEM,"Yemen, Rep.","Middle East, North Africa, Afghanistan & Pakistan",15.352,44.2075,1992,44.1,14989494,8379127.145999999
YEM,"Yemen, Rep.","Middle East, North Africa, Afghanistan & Pakistan",15.352,44.2075,1993,40.774715423584,15563914,9217772.35772865
YEM,"Yemen, Rep.","Middle East, North Africa, Afghanistan & Pakistan",15.352,44.2075,1994,41.9851341247559,16149147,9368905.972046005
YEM,"Yemen, Rep.","Middle East, North Africa, Afghanistan & Pakistan",15.352,44.2075,1995,43.1935119628906,16740058,9509439.045175176
YEM,"Yemen, Rep.","Middle East, North Africa, Afghanistan & Pakistan",15.352,44.2075,1996,44.399169921875,17313177,9626270.12489502
YEM,"Yemen, Rep.","Middle East, North Africa, Afghanistan & Pakistan",15.352,44.2075,1997,42.6,17873936,10259639.264
YEM,"Yemen, Rep.","Middle East, North Africa, Afghanistan & Pakistan",15.352,44.2075,1998,46.7996101379395,18446013,9813350.830006363
YEM,"Yemen, Rep.","Middle East, North Africa, Afghanistan & Pakistan",15.352,44.2075,1999,47.9929466247559,19029420,9896640.616399374
YEM,"Yemen, Rep.","Middle East, North Africa, Afghanistan & Pakistan",15.352,44.2075,2000,49.2,19624141,9969063.628
YEM,"Yemen, Rep.","Middle East, North Africa, Afghanistan & Pakistan",15.352,44.2075,2001,50.4,20226147,10032168.912
YEM,"Yemen, Rep.","Middle East, North Africa, Afghanistan & Pakistan",15.352,44.2075,2002,51.5,20835086,10105016.709999999
YEM,"Yemen, Rep.","Middle East, North Africa, Afghanistan & Pakistan",15.352,44.2075,2003,52.6,21456379,10170323.646
YEM,"Yemen, Rep.","Middle East, North Africa, Afghanistan & Pakistan",15.352,44.2075,2004,49.6,22095167,11135964.168
YEM,"Yemen, Rep.","Middle East, North Africa, Afghanistan & Pakistan",15.352,44.2075,2005,54.8,22790085,10301118.420000002
YEM,"Yemen, Rep.","Middle East, North Africa, Afghanistan & Pakistan",15.352,44.2075,2006,55.8,23543083,10406042.686
YEM,"Yemen, Rep.","Middle East, North Africa, Afghanistan & Pakistan",15.352,44.2075,2007,57.2,24318082,10408139.095999999
YEM,"Yemen, Rep.","Middle East, North Africa, Afghanistan & Pakistan",15.352,44.2075,2008,58.4,25111941,10446567.456
YEM,"Yemen, Rep.","Middle East, North Africa, Afghanistan & Pakistan",15.352,44.2075,2009,59.6,25927724,10474800.496000001
YEM,"Yemen, Rep.","Middle East, North Africa, Afghanistan & Pakistan",15.352,44.2075,2010,60.8,26754387,10487719.704
YEM,"Yemen, Rep.","Middle East, North Africa, Afghanistan & Pakistan",15.352,44.2075,2011,62.0,27582897,10481500.86
YEM,"Yemen, Rep.","Middle East, North Africa, Afghanistan & Pakistan",15.352,44.2075,2012,52.4,28433647,13534415.972
YEM,"Yemen, Rep.","Middle East, North Africa, Afghanistan & Pakistan",15.352,44.2075,2013,75.6,29312952,7152360.288000003
YEM,"Yemen, Rep.","Middle East, North Africa, Afghanistan & Pakistan",15.352,44.2075,2014,66.1,30226309,10246718.751000002
YEM,"Yemen, Rep.","Middle East, North Africa, Afghanistan & Pakistan",15.352,44.2075,2015,67.4,31159379,10157957.554
YEM,"Yemen, Rep.","Middle East, North Africa, Afghanistan & Pakistan",15.352,44.2075,2016,68.9,32109010,9985902.109999998
YEM,"Yemen, Rep.","Middle East, North Africa, Afghanistan & Pakistan",15.352,44.2075,2017,79.2,33090921,6882911.567999999
YEM,"Yemen, Rep.","Middle East, North Africa, Afghanistan & Pakistan",15.352,44.2075,2018,62.0,34085182,12952369.16
YEM,"Yemen, Rep.","Middle East, North Africa, Afghanistan & Pakistan",15.352,44.2075,2019,72.8,35111408,9550302.976
YEM,"Yemen, Rep.","Middle East, North Africa, Afghanistan & Pakistan",15.352,44.2075,2020,73.9,36134863,9431199.242999997
YEM,"Yemen, Rep.","Middle East, North Africa, Afghanistan & Pakistan",15.352,44.2075,2021,74.9,37140230,9322197.729999997
YEM,"Yemen, Rep.","Middle East, North Africa, Afghanistan & Pakistan",15.352,44.2075,2022,76.0,38222876,9173490.24
YEM,"Yemen, Rep.","Middle East, North Africa, Afghanistan & Pakistan",15.352,44.2075,2023,83.6,39390799,6460091.036000001
YEM,"Yemen, Rep.","Middle East, North Africa, Afghanistan & Pakistan",15.352,44.2075,2024,86.3,40583164,5559893.468
ZMB,Zambia,Sub-Saharan Africa,-15.3982,28.2937,1990,13.9,7786169,6703891.509
ZMB,Zambia,Sub-Saharan Africa,-15.3982,28.2937,1991,12.7527027130127,7981650,6963773.903906822
ZMB,Zambia,Sub-Saharan Africa,-15.3982,28.2937,1992,19.2,8176680,6606757.44
ZMB,Zambia,Sub-Saharan Africa,-15.3982,28.2937,1993,14.213207244873,8373921,7183718.253748058
ZMB,Zambia,Sub-Saharan Africa,-15.3982,28.2937,1994,14.9417591094971,8576269,7294823.545437524
ZMB,Zambia,Sub-Saharan Africa,-15.3982,28.2937,1995,15.6682720184326,8785763,7409185.754265196
ZMB,Zambia,Sub-Saharan Africa,-15.3982,28.2937,1996,17.3,9004053,7446351.830999999
ZMB,Zambia,Sub-Saharan Africa,-15.3982,28.2937,1997,17.1124591827393,9237063,7656374.364441086
ZMB,Zambia,Sub-Saharan Africa,-15.3982,28.2937,1998,19.0,9482408,7680750.48
ZMB,Zambia,Sub-Saharan Africa,-15.3982,28.2937,1999,18.5402450561523,9740005,7934184.204518513
ZMB,Zambia,Sub-Saharan Africa,-15.3982,28.2937,2000,16.7,10017631,8344686.623
ZMB,Zambia,Sub-Saharan Africa,-15.3982,28.2937,2001,20.2,10325185,8239497.630000001
ZMB,Zambia,Sub-Saharan Africa,-15.3982,28.2937,2002,17.4,10647949,8795205.874
ZMB,Zambia,Sub-Saharan Africa,-15.3982,28.2937,2003,18.5,10983595,8951629.924999999
ZMB,Zambia,Sub-Saharan Africa,-15.3982,28.2937,2004,20.3,11338198,9036543.806
ZMB,Zambia,Sub-Saharan Africa,-15.3982,28.2937,2005,23.3,11718819,8988334.173
ZMB,Zambia,Sub-Saharan Africa,-15.3982,28.2937,2006,24.1,12129553,9206330.727
ZMB,Zambia,Sub-Saharan Africa,-15.3982,28.2937,2007,18.5,12565085,10240544.274999999
ZMB,Zambia,Sub-Saharan Africa,-15.3982,28.2937,2008,25.7,13021324,9674843.732
ZMB,Zambia,Sub-Saharan Africa,-15.3982,28.2937,2009,26.6,13490389,9901945.526
ZMB,Zambia,Sub-Saharan Africa,-15.3982,28.2937,2010,22.0,13965594,10893163.32
ZMB,Zambia,Sub-Saharan Africa,-15.3982,28.2937,2011,28.3,14437796,10351899.731999999
ZMB,Zambia,Sub-Saharan Africa,-15.3982,28.2937,2012,29.2,14913629,10558849.331999999
ZMB,Zambia,Sub-Saharan Africa,-15.3982,28.2937,2013,30.1,15398997,10763898.903
ZMB,Zambia,Sub-Saharan Africa,-15.3982,28.2937,2014,27.9,15895315,11460522.115000002
ZMB,Zambia,Sub-Saharan Africa,-15.3982,28.2937,2015,31.1,16399089,11298972.321
ZMB,Zambia,Sub-Saharan Africa,-15.3982,28.2937,2016,35.4,16914423,10926717.258
ZMB,Zambia,Sub-Saharan Africa,-15.3982,28.2937,2017,40.3,17441320,10412468.04
ZMB,Zambia,Sub-Saharan Africa,-15.3982,28.2937,2018,40.2,17973569,10748194.262
ZMB,Zambia,Sub-Saharan Africa,-15.3982,28.2937,2019,43.0,18513839,10552888.23
ZMB,Zambia,Sub-Saharan Africa,-15.3982,28.2937,2020,44.6,19059395,10558904.83
ZMB,Zambia,Sub-Saharan Africa,-15.3982,28.2937,2021,46.7,19603607,10448722.530999998
ZMB,Zambia,Sub-Saharan Africa,-15.3982,28.2937,2022,47.8,20152938,10519833.636
ZMB,Zambia,Sub-Saharan Africa,-15.3982,28.2937,2023,51.1,20723965,10134018.885
ZMB,Zambia,Sub-Saharan Africa,-15.3982,28.2937,2024,53.6,21314956,9890139.583999999
ZWE,Zimbabwe,Sub-Saharan Africa,-17.8312,31.0672,1992,28.2,10702700,7684538.6
ZWE,Zimbabwe,Sub-Saharan Africa,-17.8312,31.0672,1993,31.163667678833,10860288,7475823.93871582
ZWE,Zimbabwe,Sub-Saharan Africa,-17.8312,31.0672,1994,28.1,10873148,7817793.412
ZWE,Zimbabwe,Sub-Saharan Africa,-17.8312,31.0672,1995,31.948579788208,10974599,7468370.482049123
ZWE,Zimbabwe,Sub-Saharan Africa,-17.8312,31.0672,1996,32.3372955322266,11158360,7550048.15025024
ZWE,Zimbabwe,Sub-Saharan Africa,-17.8312,31.0672,1997,32.7226104736328,11369827,7649322.799264071
ZWE,Zimbabwe,Sub-Saharan Africa,-17.8312,31.0672,1998,33.1038475036621,11594297,7756138.601998329
ZWE,Zimbabwe,Sub-Saharan Africa,-17.8312,31.0672,1999,38.4,11783458,7258610.128
ZWE,Zimbabwe,Sub-Saharan Africa,-17.8312,31.0672,2000,33.7,11892055,7884432.465000001
ZWE,Zimbabwe,Sub-Saharan Africa,-17.8312,31.0672,2001,34.2,11971901,7877510.857999999
ZWE,Zimbabwe,Sub-Saharan Africa,-17.8312,31.0672,2002,34.2,12087653,7953675.673999999
ZWE,Zimbabwe,Sub-Saharan Africa,-17.8312,31.0672,2003,35.1,12232323,7938777.627
ZWE,Zimbabwe,Sub-Saharan Africa,-17.8312,31.0672,2004,35.6,12365896,7963637.023999999
ZWE,Zimbabwe,Sub-Saharan Africa,-17.8312,31.0672,2005,36.1,12483432,7976913.048
ZWE,Zimbabwe,Sub-Saharan Africa,-17.8312,31.0672,2006,37.2,12636445,7935687.459999999
ZWE,Zimbabwe,Sub-Saharan Africa,-17.8312,31.0672,2007,37.2,12804058,8040948.423999999
ZWE,Zimbabwe,Sub-Saharan Africa,-17.8312,31.0672,2008,37.7,12959149,8073549.827
ZWE,Zimbabwe,Sub-Saharan Africa,-17.8312,31.0672,2009,43.4,13142790,7438819.140000001
ZWE,Zimbabwe,Sub-Saharan Africa,-17.8312,31.0672,2010,38.9,13356548,8160850.828
ZWE,Zimbabwe,Sub-Saharan Africa,-17.8312,31.0672,2011,36.9,13595424,8578712.544
ZWE,Zimbabwe,Sub-Saharan Africa,-17.8312,31.0672,2012,44.0,13817887,7738016.720000001
ZWE,Zimbabwe,Sub-Saharan Africa,-17.8312,31.0672,2013,40.6,14013808,8324201.952
ZWE,Zimbabwe,Sub-Saharan Africa,-17.8312,31.0672,2014,32.3,14207359,9618382.043000001
ZWE,Zimbabwe,Sub-Saharan Africa,-17.8312,31.0672,2015,33.7,14399013,9546545.619
ZWE,Zimbabwe,Sub-Saharan Africa,-17.8312,31.0672,2016,42.5,14600294,8395169.049999999
ZWE,Zimbabwe,Sub-Saharan Africa,-17.8312,31.0672,2017,44.0,14812482,8294989.920000001
ZWE,Zimbabwe,Sub-Saharan Africa,-17.8312,31.0672,2018,45.4,15034452,8208810.792
ZWE,Zimbabwe,Sub-Saharan Africa,-17.8312,31.0672,2019,46.7,15271368,8139639.143999998
ZWE,Zimbabwe,Sub-Saharan Africa,-17.8312,31.0672,2020,52.7,15526888,7344218.023999999
ZWE,Zimbabwe,Sub-Saharan Africa,-17.8312,31.0672,2021,49.0,15797210,8056577.100000001
ZWE,Zimbabwe,Sub-Saharan Africa,-17.8312,31.0672,2022,50.1,16069056,8018458.944
ZWE,Zimbabwe,Sub-Saharan Africa,-17.8312,31.0672,2023,62.0,16340822,6209512.36
ZWE,Zimbabwe,Sub-Saharan Africa,-17.8312,31.0672,2024,62.0,16634373,6321061.74
